1788513649.594995960	legA	train	317109	36	2511532
1788513649.594995960	legA	train	322317	36	2654396
1788513649.594995960	legA	train	323223	36	2646076
1788513649.858913442	legA	train	317109	36	2511532
1788513649.858913442	legA	train	322317	36	2654396
1788513649.858913442	legA	train	323223	36	2646076
1788513650.126546373	legA	train	317109	36	2511532
1788513650.126546373	legA	train	322317	36	2654396
1788513650.126546373	legA	train	323223	36	2646076
1788513650.385361382	legA	train	317109	36	2511532
1788513650.385361382	legA	train	322317	36	2654396
1788513650.385361382	legA	train	323223	36	2646076
1788513650.385361382	legA	selfplay	323672	1	1024
1788513650.652450416	legA	train	317109	36	2511532
1788513650.652450416	legA	train	322317	36	2654396
1788513650.652450416	legA	train	323223	36	2646076
1788513650.652450416	legA	selfplay	323672	5	278892
1788513650.916475423	legA	train	317109	36	2511532
1788513650.916475423	legA	train	322317	36	2654396
1788513650.916475423	legA	train	323223	36	2646076
1788513650.916475423	legA	selfplay	323672	5	292204
1788513651.174960167	legA	train	317109	36	2511532
1788513651.174960167	legA	train	322317	36	2654396
1788513651.174960167	legA	train	323223	36	2647100
1788513651.174960167	legA	selfplay	323672	5	304492
1788513651.434999044	legA	train	317109	36	2511532
1788513651.434999044	legA	train	322317	36	2654396
1788513651.434999044	legA	train	323223	36	2647100
1788513651.434999044	legA	selfplay	323672	2	237592
1788513651.703897263	legA	train	317109	36	2511532
1788513651.703897263	legA	train	322317	36	2654396
1788513651.703897263	legA	train	323223	36	2647100
1788513651.703897263	legA	selfplay	323672	2	237592
1788513651.959869238	legA	train	317109	36	2511532
1788513651.959869238	legA	train	322317	36	2654396
1788513651.959869238	legA	train	323223	36	2647100
1788513652.215166749	legA	train	317109	36	2511532
1788513652.215166749	legA	train	322317	36	2654396
1788513652.215166749	legA	train	323223	36	2647100
1788513652.215166749	legA	selfplay	323745	22	563468
1788513652.470429359	legA	train	317109	36	2511532
1788513652.470429359	legA	train	322317	36	2654396
1788513652.470429359	legA	train	323223	36	2647100
1788513652.470429359	legA	selfplay	323745	22	643340
1788513652.729353114	legA	train	317109	36	2511532
1788513652.729353114	legA	train	322317	36	2654396
1788513652.729353114	legA	train	323223	36	2647100
1788513652.729353114	legA	selfplay	323745	22	723212
1788513652.983157442	legA	train	317109	36	2511532
1788513652.983157442	legA	train	322317	36	2654396
1788513652.983157442	legA	train	323223	36	2647100
1788513652.983157442	legA	selfplay	323745	22	800012
1788513653.239548805	legA	train	317109	36	2511532
1788513653.239548805	legA	train	322317	36	2654396
1788513653.239548805	legA	train	323223	36	2647100
1788513653.239548805	legA	selfplay	323745	22	869308
1788513653.499718551	legA	train	317109	36	2511532
1788513653.499718551	legA	train	322317	36	2654396
1788513653.499718551	legA	train	323223	36	2647100
1788513653.499718551	legA	selfplay	323745	22	936768
1788513653.761738782	legA	train	317109	36	2511532
1788513653.761738782	legA	train	322317	36	2654396
1788513653.761738782	legA	train	323223	36	2647100
1788513653.761738782	legA	selfplay	323745	22	1005956
1788513654.020060635	legA	train	317109	36	2511532
1788513654.020060635	legA	train	322317	36	2654396
1788513654.020060635	legA	train	323223	36	2647100
1788513654.020060635	legA	selfplay	323745	22	1069820
1788513654.274261909	legA	train	317109	36	2511532
1788513654.274261909	legA	train	322317	36	2654396
1788513654.274261909	legA	train	323223	36	2647100
1788513654.274261909	legA	selfplay	323745	22	1131496
1788513654.539139781	legA	train	317109	36	2511532
1788513654.539139781	legA	train	322317	36	2654396
1788513654.539139781	legA	train	323223	36	2647100
1788513654.539139781	legA	selfplay	323745	22	1199672
1788513654.802484422	legA	train	317109	36	2511532
1788513654.802484422	legA	train	322317	36	2654396
1788513654.802484422	legA	train	323223	36	2647100
1788513654.802484422	legA	selfplay	323745	22	1261500
1788513655.055933826	legA	train	317109	36	2511532
1788513655.055933826	legA	train	322317	36	2654396
1788513655.055933826	legA	train	323223	36	2647100
1788513655.055933826	legA	selfplay	323745	19	1300292
1788513655.309157043	legA	train	317109	36	2511532
1788513655.309157043	legA	train	322317	36	2654396
1788513655.309157043	legA	train	323223	36	2647100
1788513655.309157043	legA	selfplay	323745	17	1338216
1788513655.571926339	legA	train	317109	36	2511532
1788513655.571926339	legA	train	322317	36	2654396
1788513655.571926339	legA	train	323223	36	2647100
1788513655.571926339	legA	selfplay	323745	14	1357552
1788513655.828712727	legA	train	317109	36	2511532
1788513655.828712727	legA	train	322317	36	2654396
1788513655.828712727	legA	train	323223	36	2647100
1788513655.828712727	legA	selfplay	323745	13	1402512
1788513656.083679604	legA	train	317109	36	2511532
1788513656.083679604	legA	train	322317	36	2654396
1788513656.083679604	legA	train	323223	36	2647100
1788513656.083679604	legA	selfplay	323745	7	1393736
1788513656.335893144	legA	train	317109	36	2511532
1788513656.335893144	legA	train	322317	36	2654396
1788513656.335893144	legA	train	323223	36	2647100
1788513656.335893144	legA	selfplay	323745	6	1396144
1788513656.591728245	legA	train	317109	36	2511532
1788513656.591728245	legA	train	322317	36	2654396
1788513656.591728245	legA	train	323223	36	2647100
1788513656.591728245	legA	selfplay	323745	3	1367764
1788513656.850210936	legA	train	317109	36	2511532
1788513656.850210936	legA	train	322317	36	2654396
1788513656.850210936	legA	train	323223	36	2647100
1788513656.850210936	legA	selfplay	323745	3	1367764
1788513657.108645006	legA	train	317109	36	2511532
1788513657.108645006	legA	train	322317	36	2654396
1788513657.108645006	legA	train	323223	36	2647100
1788513657.108645006	legA	selfplay	323745	3	1367764
1788513657.366362165	legA	train	317109	36	2511532
1788513657.366362165	legA	train	322317	36	2654396
1788513657.366362165	legA	train	323223	36	2647100
1788513657.366362165	legA	selfplay	323745	2	1366668
1788513657.630199479	legA	train	317109	36	2511532
1788513657.630199479	legA	train	322317	36	2654396
1788513657.630199479	legA	train	323223	36	2647100
1788513657.630199479	legA	selfplay	323745	2	864036
1788513657.890362123	legA	train	317109	36	2516652
1788513657.890362123	legA	train	322317	36	2654396
1788513657.890362123	legA	train	323223	36	2647100
1788513657.890362123	legA	selfplay	323745	2	864036
1788513658.145228395	legA	train	317109	36	2516652
1788513658.145228395	legA	train	322317	36	2654396
1788513658.145228395	legA	train	323223	36	2647100
1788513658.145228395	legA	selfplay	323745	2	836056
1788513658.401156182	legA	train	317109	36	2516652
1788513658.401156182	legA	train	322317	36	2654396
1788513658.401156182	legA	train	323223	36	2647100
1788513658.659629590	cycle1	train	317109	36	2516652
1788513658.659629590	cycle1	train	322317	36	2654396
1788513658.659629590	cycle1	train	323223	36	2647100
1788513658.914461087	cycle1	train	317109	36	2516652
1788513658.914461087	cycle1	train	322317	36	2654396
1788513658.914461087	cycle1	train	323223	36	2647100
1788513659.173524588	cycle1	train	317109	36	2516652
1788513659.173524588	cycle1	train	322317	36	2654396
1788513659.173524588	cycle1	train	323223	36	2647100
1788513659.173524588	cycle1	train	324287	1	2048
1788513659.428451360	cycle1	train	317109	36	2516652
1788513659.428451360	cycle1	train	322317	36	2654396
1788513659.428451360	cycle1	train	323223	36	2647100
1788513659.684099728	cycle1	train	317109	36	2516652
1788513659.684099728	cycle1	train	322317	36	2654396
1788513659.684099728	cycle1	train	323223	36	2647100
1788513659.940513626	cycle1	train	317109	36	2516652
1788513659.940513626	cycle1	train	322317	36	2654396
1788513659.940513626	cycle1	train	323223	36	2647100
1788513660.194521539	cycle1	train	317109	36	2516652
1788513660.194521539	cycle1	train	322317	36	2654396
1788513660.194521539	cycle1	train	323223	36	2647100
1788513660.449273866	cycle1	train	317109	36	2516652
1788513660.449273866	cycle1	train	322317	36	2654396
1788513660.449273866	cycle1	train	323223	36	2647100
1788513660.706107731	cycle1	train	317109	36	2516652
1788513660.706107731	cycle1	train	322317	36	2654396
1788513660.706107731	cycle1	train	323223	36	2647100
1788513660.962178907	cycle1	train	317109	36	2516652
1788513660.962178907	cycle1	train	322317	36	2654396
1788513660.962178907	cycle1	train	323223	36	2647100
1788513660.962178907	cycle1	gatekeeper	324381	2	219868
1788513661.226746831	cycle1	train	317109	36	2516652
1788513661.226746831	cycle1	train	322317	36	2654396
1788513661.226746831	cycle1	train	323223	36	2647100
1788513661.226746831	cycle1	gatekeeper	324381	2	221916
1788513661.481218659	cycle1	train	317109	36	2516652
1788513661.481218659	cycle1	train	322317	36	2654396
1788513661.481218659	cycle1	train	323223	36	2647100
1788513661.481218659	cycle1	gatekeeper	324381	2	221916
1788513661.735070267	cycle1	train	317109	36	2516652
1788513661.735070267	cycle1	train	322317	36	2654396
1788513661.735070267	cycle1	train	323223	36	2647100
1788513661.735070267	cycle1	selfplay	324406	1	119576
1788513661.995431928	cycle1	train	317109	36	2516652
1788513661.995431928	cycle1	train	322317	36	2654396
1788513661.995431928	cycle1	train	323223	36	2647100
1788513661.995431928	cycle1	selfplay	324406	22	578748
1788513662.263390649	cycle1	train	317109	36	2516652
1788513662.263390649	cycle1	train	322317	36	2654396
1788513662.263390649	cycle1	train	323223	36	2647100
1788513662.263390649	cycle1	selfplay	324406	22	662716
1788513662.520572446	cycle1	train	317109	36	2516652
1788513662.520572446	cycle1	train	322317	36	2654396
1788513662.520572446	cycle1	train	323223	36	2647100
1788513662.520572446	cycle1	selfplay	324406	22	745660
1788513662.787963161	cycle1	train	317109	36	2516652
1788513662.787963161	cycle1	train	322317	36	2654396
1788513662.787963161	cycle1	train	323223	36	2647100
1788513662.787963161	cycle1	selfplay	324406	22	824652
1788513663.056048086	cycle1	train	317109	36	2516652
1788513663.056048086	cycle1	train	322317	36	2654396
1788513663.056048086	cycle1	train	323223	36	2647100
1788513663.056048086	cycle1	selfplay	324406	22	896332
1788513663.321598010	cycle1	train	317109	36	2516652
1788513663.321598010	cycle1	train	322317	36	2654396
1788513663.321598010	cycle1	train	323223	36	2647100
1788513663.321598010	cycle1	selfplay	324406	22	964644
1788513663.579710972	cycle1	train	317109	36	2516652
1788513663.579710972	cycle1	train	322317	36	2654396
1788513663.579710972	cycle1	train	323223	36	2647100
1788513663.579710972	cycle1	selfplay	324406	22	1019584
1788513663.843495001	cycle1	train	317109	36	2516652
1788513663.843495001	cycle1	train	322317	36	2654396
1788513663.843495001	cycle1	train	323223	36	2647100
1788513663.843495001	cycle1	selfplay	324406	22	1097812
1788513664.101547180	cycle1	train	317109	36	2516652
1788513664.101547180	cycle1	train	322317	36	2654396
1788513664.101547180	cycle1	train	323223	36	2647100
1788513664.101547180	cycle1	selfplay	324406	22	1160584
1788513664.360136103	cycle1	train	317109	36	2516652
1788513664.360136103	cycle1	train	322317	36	2654396
1788513664.360136103	cycle1	train	323223	36	2647100
1788513664.360136103	cycle1	selfplay	324406	22	1221620
1788513664.616558819	cycle1	train	317109	36	2516652
1788513664.616558819	cycle1	train	322317	36	2654396
1788513664.616558819	cycle1	train	323223	36	2647100
1788513664.616558819	cycle1	selfplay	324406	22	1282320
1788513664.873927363	cycle1	train	317109	36	2516652
1788513664.873927363	cycle1	train	322317	36	2654396
1788513664.873927363	cycle1	train	323223	36	2647100
1788513664.873927363	cycle1	selfplay	324406	22	1346504
1788513665.136304902	cycle1	train	317109	36	2516652
1788513665.136304902	cycle1	train	322317	36	2654396
1788513665.136304902	cycle1	train	323223	36	2647100
1788513665.136304902	cycle1	selfplay	324406	22	1395504
1788513665.388971518	cycle1	train	317109	36	2516652
1788513665.388971518	cycle1	train	322317	36	2654396
1788513665.388971518	cycle1	train	323223	36	2647100
1788513665.388971518	cycle1	selfplay	324406	18	1442256
1788513665.645238143	cycle1	train	317109	36	2516652
1788513665.645238143	cycle1	train	322317	36	2654396
1788513665.645238143	cycle1	train	323223	36	2647100
1788513665.645238143	cycle1	selfplay	324406	15	1477844
1788513665.909090823	cycle1	train	317109	36	2516652
1788513665.909090823	cycle1	train	322317	36	2654396
1788513665.909090823	cycle1	train	323223	36	2647100
1788513665.909090823	cycle1	selfplay	324406	11	1497288
1788513666.174207461	cycle1	train	317109	36	2516652
1788513666.174207461	cycle1	train	322317	36	2654396
1788513666.174207461	cycle1	train	323223	36	2647100
1788513666.174207461	cycle1	selfplay	324406	5	1444628
1788513666.435730205	cycle1	train	317109	36	2516652
1788513666.435730205	cycle1	train	322317	36	2654396
1788513666.435730205	cycle1	train	323223	36	2647100
1788513666.435730205	cycle1	selfplay	324406	3	1436764
1788513666.692792707	cycle1	train	317109	36	2516652
1788513666.692792707	cycle1	train	322317	36	2654396
1788513666.692792707	cycle1	train	323223	36	2647100
1788513666.692792707	cycle1	selfplay	324406	3	1436764
1788513666.953171988	cycle1	train	317109	36	2516652
1788513666.953171988	cycle1	train	322317	36	2654396
1788513666.953171988	cycle1	train	323223	36	2647100
1788513666.953171988	cycle1	selfplay	324406	3	1436764
1788513667.213733030	cycle1	train	317109	36	2516652
1788513667.213733030	cycle1	train	322317	36	2654396
1788513667.213733030	cycle1	train	323223	36	2647100
1788513667.213733030	cycle1	selfplay	324406	3	1436764
1788513667.467650117	cycle1	train	317109	36	2516652
1788513667.467650117	cycle1	train	322317	36	2654396
1788513667.467650117	cycle1	train	323223	36	2647100
1788513667.467650117	cycle1	selfplay	324406	2	1435600
1788513667.726680123	cycle1	train	317109	36	2516652
1788513667.726680123	cycle1	train	322317	36	2654396
1788513667.726680123	cycle1	train	323223	36	2647100
1788513667.726680123	cycle1	selfplay	324406	2	599740
1788513667.987317922	cycle1	train	317109	36	2522796
1788513667.987317922	cycle1	train	322317	36	2654396
1788513667.987317922	cycle1	train	323223	36	2647100
1788513667.987317922	cycle1	selfplay	324406	2	599740
1788513668.251431582	cycle1	train	317109	36	2522796
1788513668.251431582	cycle1	train	322317	36	2654396
1788513668.251431582	cycle1	train	323223	36	2647100
1788513668.511792830	cycle1	train	317109	36	2522796
1788513668.511792830	cycle1	train	322317	36	2654396
1788513668.511792830	cycle1	train	323223	36	2647100
1788513668.511792830	cycle1	shuffle	324615	1	12288
1788513668.766368405	cycle1	train	317109	36	2522796
1788513668.766368405	cycle1	train	322317	36	2654396
1788513668.766368405	cycle1	train	323223	36	2647100
1788513668.766368405	cycle1	shuffle	324615	4	36864
1788513669.026986757	cycle1	train	317109	36	2522796
1788513669.026986757	cycle1	train	322317	36	2654396
1788513669.026986757	cycle1	train	323223	36	2647100
1788513669.026986757	cycle1	shuffle	324615	4	36864
1788513669.290681595	cycle1	train	317109	36	2522796
1788513669.290681595	cycle1	train	322317	36	2654396
1788513669.290681595	cycle1	train	323223	36	2647100
1788513669.290681595	cycle1	shuffle	324615	4	36864
1788513669.548276566	cycle1	train	317109	36	2522796
1788513669.548276566	cycle1	train	322317	36	2654396
1788513669.548276566	cycle1	train	323223	36	2647100
1788513669.548276566	cycle1	shuffle	324615	4	36864
1788513669.805624143	cycle1	train	317109	36	2522796
1788513669.805624143	cycle1	train	322317	36	2654396
1788513669.805624143	cycle1	train	323223	36	2647100
1788513669.805624143	cycle1	shuffle	324615	4	36864
1788513670.060068306	cycle1	train	317109	36	2522796
1788513670.060068306	cycle1	train	322317	36	2654396
1788513670.060068306	cycle1	train	323223	36	2647100
1788513670.060068306	cycle1	shuffle	324615	4	36864
1788513670.320047311	cycle1	train	317109	36	2522796
1788513670.320047311	cycle1	train	322317	36	2654396
1788513670.320047311	cycle1	train	323223	36	2647100
1788513670.320047311	cycle1	shuffle	324615	4	36864
1788513670.575626909	cycle1	train	317109	36	2522796
1788513670.575626909	cycle1	train	322317	36	2621136
1788513670.575626909	cycle1	train	323223	36	2647100
1788513670.575626909	cycle1	shuffle	324615	4	36864
1788513670.829894603	cycle1	train	317109	36	2522796
1788513670.829894603	cycle1	train	322317	36	2621136
1788513670.829894603	cycle1	train	323223	36	2647100
1788513670.829894603	cycle1	shuffle	324615	4	36864
1788513671.085181708	cycle1	train	317109	36	2522796
1788513671.085181708	cycle1	train	322317	36	2621136
1788513671.085181708	cycle1	train	323223	36	2647100
1788513671.085181708	cycle1	shuffle	324615	4	36864
1788513671.346736575	cycle1	train	317109	36	2522796
1788513671.346736575	cycle1	train	322317	35	2628304
1788513671.346736575	cycle1	train	323223	36	2647100
1788513671.346736575	cycle1	shuffle	324615	4	36864
1788513671.602884858	cycle1	train	317109	36	2522796
1788513671.602884858	cycle1	train	323223	36	2647100
1788513671.602884858	cycle1	shuffle	324615	4	36864
1788513671.863070679	cycle1	train	317109	36	2522796
1788513671.863070679	cycle1	train	323223	36	2647100
1788513671.863070679	cycle1	shuffle	324615	4	39936
1788513671.863070679	cycle1	shuffle	324712	1	29100
1788513671.863070679	cycle1	shuffle	324713	1	33940
1788513671.863070679	cycle1	shuffle	324714	1	24728
1788513671.863070679	cycle1	shuffle	324715	1	24728
1788513671.863070679	cycle1	shuffle	324716	1	24728
1788513671.863070679	cycle1	shuffle	324717	1	24728
1788513671.863070679	cycle1	shuffle	324718	1	24732
1788513671.863070679	cycle1	shuffle	324719	1	24732
1788513672.127473637	cycle1	train	317109	36	2522796
1788513672.127473637	cycle1	train	323223	36	2647100
1788513672.387516884	cycle1	train	317109	36	2522796
1788513672.387516884	cycle1	train	323223	36	2647100
1788513672.641305783	cycle1	train	317109	36	2522796
1788513672.641305783	cycle1	train	323223	36	2647100
1788513672.894345309	cycle1	train	317109	36	2522796
1788513672.894345309	cycle1	train	323223	36	2647100
1788513673.148225942	cycle1	train	317109	36	2522796
1788513673.148225942	cycle1	train	323223	36	2647100
1788513673.403803789	cycle1	train	317109	36	2522796
1788513673.403803789	cycle1	train	323223	36	2647100
1788513673.656107521	cycle1	train	317109	36	2522796
1788513673.656107521	cycle1	train	323223	36	2647100
1788513673.909365813	cycle1	train	317109	36	2522796
1788513673.909365813	cycle1	train	323223	36	2647100
1788513674.163766930	cycle1	train	317109	36	2522796
1788513674.163766930	cycle1	train	323223	36	2647100
1788513674.420057067	cycle1	train	317109	36	2522796
1788513674.420057067	cycle1	train	323223	36	2647100
1788513674.691277380	cycle1	train	317109	36	2522796
1788513674.691277380	cycle1	train	323223	36	2647100
1788513674.950194301	cycle1	train	317109	36	2522796
1788513674.950194301	cycle1	train	323223	36	2647100
1788513675.212884407	cycle1	train	317109	36	2522796
1788513675.212884407	cycle1	train	323223	36	2647100
1788513675.473496708	cycle1	train	317109	36	2522796
1788513675.473496708	cycle1	train	323223	36	2647100
1788513675.730755584	cycle1	train	317109	36	2522796
1788513675.730755584	cycle1	train	323223	36	2647100
1788513675.987246376	cycle1	train	317109	36	2522796
1788513675.987246376	cycle1	train	323223	36	2647100
1788513676.250067137	cycle1	train	317109	36	2522796
1788513676.250067137	cycle1	train	323223	36	2647100
1788513676.511885153	cycle1	train	317109	36	2522796
1788513676.511885153	cycle1	train	323223	36	2647100
1788513676.765257205	cycle1	train	317109	36	2522796
1788513676.765257205	cycle1	train	323223	36	2647100
1788513677.020161948	cycle1	train	317109	36	2522796
1788513677.020161948	cycle1	train	323223	36	2647100
1788513677.273479514	cycle1	train	317109	36	2522796
1788513677.273479514	cycle1	train	323223	36	2647100
1788513677.529078750	cycle1	train	317109	36	2522796
1788513677.529078750	cycle1	train	323223	36	2647100
1788513677.785582592	cycle1	train	317109	36	2522796
1788513677.785582592	cycle1	train	323223	36	2647100
1788513678.038078718	cycle1	train	317109	36	2522796
1788513678.038078718	cycle1	train	323223	36	2647100
1788513678.290396326	cycle1	train	317109	36	2523820
1788513678.290396326	cycle1	train	323223	36	2647100
1788513678.545314569	cycle1	train	317109	36	2523820
1788513678.545314569	cycle1	train	323223	36	2647100
1788513678.798444486	cycle1	train	317109	36	2523820
1788513678.798444486	cycle1	train	323223	36	2647100
1788513679.050375526	cycle1	train	317109	36	2523820
1788513679.050375526	cycle1	train	323223	36	2647100
1788513679.303744386	cycle1	train	317109	36	2523820
1788513679.303744386	cycle1	train	323223	36	2647100
1788513679.562288975	cycle1	train	317109	36	2523820
1788513679.562288975	cycle1	train	323223	36	2647100
1788513679.818184169	cycle1	train	317109	36	2523820
1788513679.818184169	cycle1	train	323223	36	2647100
1788513680.071798774	cycle1	train	317109	36	2523820
1788513680.071798774	cycle1	train	323223	36	2647100
1788513680.334687710	cycle1	train	317109	36	2523820
1788513680.334687710	cycle1	train	323223	36	2647100
1788513680.592812999	cycle1	train	317109	36	2523820
1788513680.592812999	cycle1	train	323223	36	2647100
1788513680.845400335	cycle1	train	317109	36	2523820
1788513680.845400335	cycle1	train	323223	36	2647100
1788513681.097169780	cycle1	train	317109	36	2523820
1788513681.097169780	cycle1	train	323223	36	2647100
1788513681.350080351	cycle1	train	317109	36	2523820
1788513681.350080351	cycle1	train	323223	36	2647100
1788513681.620892331	cycle1	train	317109	36	2523820
1788513681.620892331	cycle1	train	323223	36	2647100
1788513681.883976903	cycle1	train	317109	36	2523820
1788513681.883976903	cycle1	train	323223	36	2647100
1788513682.144977331	cycle1	train	317109	36	2523820
1788513682.144977331	cycle1	train	323223	36	2647100
1788513682.399001786	cycle1	train	317109	36	2523820
1788513682.399001786	cycle1	train	323223	36	2647100
1788513682.399001786	cycle1	train	325065	4	35840
1788513682.687265377	cycle1	train	317109	36	2523820
1788513682.687265377	cycle1	train	323223	36	2647100
1788513682.687265377	cycle1	train	325065	4	293528
1788513682.948736919	cycle1	train	317109	36	2523820
1788513682.948736919	cycle1	train	323223	36	2647100
1788513682.948736919	cycle1	train	325065	4	377496
1788513683.207079407	cycle1	train	317109	36	2523820
1788513683.207079407	cycle1	train	323223	36	2647100
1788513683.207079407	cycle1	train	325065	4	482264
1788513683.462388544	cycle1	train	317109	36	2523820
1788513683.462388544	cycle1	train	323223	36	2647100
1788513683.462388544	cycle1	train	325065	4	502744
1788513683.720856445	cycle1	train	317109	36	2523820
1788513683.720856445	cycle1	train	323223	36	2647100
1788513683.720856445	cycle1	train	325065	4	515032
1788513683.974070714	cycle1	train	317109	36	2523820
1788513683.974070714	cycle1	train	323223	36	2647100
1788513683.974070714	cycle1	train	325065	4	525272
1788513684.226656156	cycle1	train	317109	36	2523820
1788513684.226656156	cycle1	train	323223	36	2647100
1788513684.226656156	cycle1	train	325065	4	540632
1788513684.482262421	cycle1	train	317109	36	2523820
1788513684.482262421	cycle1	train	323223	36	2647100
1788513684.482262421	cycle1	train	325065	4	557016
1788513684.740268101	cycle1	train	317109	36	2523820
1788513684.740268101	cycle1	train	323223	36	2647100
1788513684.740268101	cycle1	train	325065	4	574424
1788513684.998281546	cycle1	train	317109	36	2523820
1788513684.998281546	cycle1	train	323223	36	2647100
1788513684.998281546	cycle1	train	325065	4	636888
1788513685.251195994	cycle1	train	317109	36	2523820
1788513685.251195994	cycle1	train	323223	36	2647100
1788513685.251195994	cycle1	train	325065	4	645080
1788513685.505285823	cycle1	train	317109	36	2523820
1788513685.505285823	cycle1	train	323223	36	2647100
1788513685.505285823	cycle1	train	325065	4	657132
1788513685.762984048	cycle1	train	317109	36	2523820
1788513685.762984048	cycle1	train	323223	36	2647100
1788513685.762984048	cycle1	train	325065	4	665324
1788513686.015857683	cycle1	train	317109	36	2523820
1788513686.015857683	cycle1	train	323223	36	2647100
1788513686.015857683	cycle1	train	325065	4	677836
1788513686.273107915	cycle1	train	317109	36	2523820
1788513686.273107915	cycle1	train	323223	36	2647100
1788513686.273107915	cycle1	train	325065	5	688076
1788513686.526919554	cycle1	train	317109	36	2523820
1788513686.526919554	cycle1	train	323223	36	2647100
1788513686.526919554	cycle1	train	325065	5	688076
1788513686.782264464	cycle1	train	317109	36	2523820
1788513686.782264464	cycle1	train	323223	36	2647100
1788513686.782264464	cycle1	train	325065	5	695244
1788513687.035092306	cycle1	train	317109	36	2523820
1788513687.035092306	cycle1	train	323223	36	2647100
1788513687.035092306	cycle1	train	325065	5	706508
1788513687.291810063	cycle1	train	317109	36	2523820
1788513687.291810063	cycle1	train	323223	36	2647100
1788513687.291810063	cycle1	train	325065	5	711628
1788513687.551661097	cycle1	train	317109	36	2523820
1788513687.551661097	cycle1	train	323223	36	2647100
1788513687.551661097	cycle1	train	325065	5	777164
1788513687.812988253	cycle1	train	317109	36	2523820
1788513687.812988253	cycle1	train	323223	36	2647100
1788513687.812988253	cycle1	train	325065	5	887308
1788513688.073904048	cycle1	train	317109	36	2523820
1788513688.073904048	cycle1	train	323223	36	2647100
1788513688.073904048	cycle1	train	325065	5	1035956
1788513688.332203383	cycle1	train	317109	36	2523820
1788513688.332203383	cycle1	train	323223	36	2647100
1788513688.332203383	cycle1	train	325065	5	1093300
1788513688.592743906	cycle1	train	317109	36	2524844
1788513688.592743906	cycle1	train	323223	36	2647100
1788513688.592743906	cycle1	train	325065	5	1115072
1788513688.853904680	cycle1	train	317109	36	2524844
1788513688.853904680	cycle1	train	323223	36	2647100
1788513688.853904680	cycle1	train	325065	5	1143744
1788513689.115308556	cycle1	train	317109	36	2524844
1788513689.115308556	cycle1	train	323223	36	2647100
1788513689.115308556	cycle1	train	325065	5	1338304
1788513689.372726769	cycle1	train	317109	36	2524844
1788513689.372726769	cycle1	train	323223	36	2647100
1788513689.372726769	cycle1	train	325065	5	1349568
1788513689.632042238	cycle1	train	317109	36	2524844
1788513689.632042238	cycle1	train	323223	36	2647100
1788513689.632042238	cycle1	train	325065	5	1490728
1788513689.892095056	cycle1	train	317109	36	2524844
1788513689.892095056	cycle1	train	323223	36	2647100
1788513689.892095056	cycle1	train	325065	5	1573628
1788513690.150338558	cycle1	train	317109	36	2524844
1788513690.150338558	cycle1	train	323223	36	2647100
1788513690.150338558	cycle1	train	325065	6	1732356
1788513690.404117388	cycle1	train	317109	36	2524844
1788513690.404117388	cycle1	train	323223	36	2647100
1788513690.404117388	cycle1	train	325065	10	1907712
1788513690.667062130	cycle1	train	317109	36	2524844
1788513690.667062130	cycle1	train	323223	36	2647100
1788513690.667062130	cycle1	train	325065	10	1907712
1788513690.931898193	cycle1	train	317109	36	2524844
1788513690.931898193	cycle1	train	323223	36	2647100
1788513690.931898193	cycle1	train	325065	10	1907712
1788513691.185766315	cycle1	train	317109	36	2524844
1788513691.185766315	cycle1	train	323223	36	2647100
1788513691.185766315	cycle1	train	325065	10	1907712
1788513691.442069966	cycle1	train	317109	36	2524844
1788513691.442069966	cycle1	train	323223	36	2647100
1788513691.442069966	cycle1	train	325065	10	1907712
1788513691.695430983	cycle1	train	317109	36	2524844
1788513691.695430983	cycle1	train	323223	36	2647100
1788513691.695430983	cycle1	train	325065	10	1907712
1788513691.951846218	cycle1	train	317109	36	2524844
1788513691.951846218	cycle1	train	323223	36	2647100
1788513691.951846218	cycle1	train	325065	10	1907712
1788513692.204507459	cycle1	train	317109	36	2524844
1788513692.204507459	cycle1	train	323223	36	2647100
1788513692.204507459	cycle1	train	325065	10	1907712
1788513692.465987594	cycle1	train	317109	36	2524844
1788513692.465987594	cycle1	train	323223	36	2647100
1788513692.465987594	cycle1	train	325065	10	1907712
1788513692.721102566	cycle1	train	317109	36	2524844
1788513692.721102566	cycle1	train	323223	36	2647100
1788513692.721102566	cycle1	train	325065	10	1907712
1788513692.978139410	cycle1	train	317109	36	2524844
1788513692.978139410	cycle1	train	323223	36	2647100
1788513692.978139410	cycle1	train	325065	10	1907712
1788513693.238310712	cycle1	train	317109	36	2524844
1788513693.238310712	cycle1	train	323223	36	2647100
1788513693.238310712	cycle1	train	325065	10	1907712
1788513693.496385867	cycle1	train	317109	36	2524844
1788513693.496385867	cycle1	train	323223	36	2647100
1788513693.496385867	cycle1	train	325065	10	1907712
1788513693.749269546	cycle1	train	317109	36	2524844
1788513693.749269546	cycle1	train	323223	36	2647100
1788513693.749269546	cycle1	train	325065	10	1907712
1788513694.008752412	cycle1	train	317109	36	2524844
1788513694.008752412	cycle1	train	323223	36	2647100
1788513694.008752412	cycle1	train	325065	10	1907712
1788513694.263397010	cycle1	train	317109	36	2524844
1788513694.263397010	cycle1	train	323223	36	2647100
1788513694.263397010	cycle1	train	325065	10	1907712
1788513694.515796312	cycle1	train	317109	36	2524844
1788513694.515796312	cycle1	train	323223	36	2647100
1788513694.515796312	cycle1	train	325065	10	1907712
1788513694.769931058	cycle1	train	317109	36	2524844
1788513694.769931058	cycle1	train	323223	36	2647100
1788513694.769931058	cycle1	train	325065	10	1907712
1788513695.026260256	cycle1	train	317109	36	2524844
1788513695.026260256	cycle1	train	323223	36	2647100
1788513695.026260256	cycle1	train	325065	10	1907712
1788513695.283443397	cycle1	train	317109	36	2524844
1788513695.283443397	cycle1	train	323223	36	2647100
1788513695.283443397	cycle1	train	325065	10	1907712
1788513695.537001008	cycle1	train	317109	36	2524844
1788513695.537001008	cycle1	train	323223	36	2647100
1788513695.537001008	cycle1	train	325065	10	1907712
1788513695.792359048	cycle1	train	317109	36	2524844
1788513695.792359048	cycle1	train	323223	36	2647100
1788513695.792359048	cycle1	train	325065	11	1982268
1788513696.052957484	cycle1	train	317109	36	2524844
1788513696.052957484	cycle1	train	323223	36	2647100
1788513696.052957484	cycle1	train	325065	11	2138440
1788513696.311645895	cycle1	train	317109	36	2524844
1788513696.311645895	cycle1	train	323223	36	2647100
1788513696.311645895	cycle1	train	325065	11	2142536
1788513696.568429197	cycle1	train	317109	36	2524844
1788513696.568429197	cycle1	train	323223	36	2647100
1788513696.568429197	cycle1	train	325065	11	2148680
1788513696.833029668	cycle1	train	317109	36	2524844
1788513696.833029668	cycle1	train	323223	36	2647100
1788513696.833029668	cycle1	train	325065	11	2149704
1788513697.090916992	cycle1	train	317109	36	2524844
1788513697.090916992	cycle1	train	323223	36	2647100
1788513697.090916992	cycle1	train	325065	12	2150728
1788513697.345930176	cycle1	train	317109	36	2524844
1788513697.345930176	cycle1	train	323223	36	2647100
1788513697.345930176	cycle1	train	325065	12	2150728
1788513697.601115108	cycle1	train	317109	36	2524844
1788513697.601115108	cycle1	train	323223	36	2647100
1788513697.601115108	cycle1	train	325065	12	2151752
1788513697.858844717	cycle1	train	317109	36	2524844
1788513697.858844717	cycle1	train	323223	36	2647100
1788513697.858844717	cycle1	train	325065	12	2153800
1788513698.116676991	cycle1	train	317109	36	2524844
1788513698.116676991	cycle1	train	323223	36	2647100
1788513698.116676991	cycle1	train	325065	12	2159944
1788513698.370449332	cycle1	train	317109	36	2524844
1788513698.370449332	cycle1	train	323223	36	2647100
1788513698.370449332	cycle1	train	325065	12	2159944
1788513698.624399801	cycle1	train	317109	36	2526892
1788513698.624399801	cycle1	train	323223	36	2647100
1788513698.624399801	cycle1	train	325065	12	2159944
1788513698.882461821	cycle1	train	317109	36	2526892
1788513698.882461821	cycle1	train	323223	36	2647100
1788513698.882461821	cycle1	train	325065	12	2159944
1788513699.143197352	cycle1	train	317109	36	2526892
1788513699.143197352	cycle1	train	323223	36	2647100
1788513699.143197352	cycle1	train	325065	12	2159944
1788513699.404567363	cycle1	train	317109	36	2526892
1788513699.404567363	cycle1	train	323223	36	2647100
1788513699.404567363	cycle1	train	325065	12	2160968
1788513699.658450514	cycle1	train	317109	36	2526892
1788513699.658450514	cycle1	train	323223	36	2647100
1788513699.658450514	cycle1	train	325065	13	2163660
1788513699.922340238	cycle1	train	317109	36	2526892
1788513699.922340238	cycle1	train	323223	36	2647100
1788513699.922340238	cycle1	train	325065	13	2163660
1788513700.188418704	cycle1	train	317109	36	2526892
1788513700.188418704	cycle1	train	323223	36	2647100
1788513700.188418704	cycle1	train	325065	13	2166732
1788513700.448667330	cycle1	train	317109	36	2526892
1788513700.448667330	cycle1	train	323223	36	2647100
1788513700.448667330	cycle1	train	325065	13	2166732
1788513700.711002107	cycle1	train	317109	36	2526892
1788513700.711002107	cycle1	train	323223	36	2647100
1788513700.711002107	cycle1	train	325065	13	2167756
1788513700.980063395	cycle1	train	317109	36	2526892
1788513700.980063395	cycle1	train	323223	36	2647100
1788513700.980063395	cycle1	train	325065	13	2169804
1788513701.241268982	cycle1	train	317109	36	2526892
1788513701.241268982	cycle1	train	323223	36	2647100
1788513701.241268982	cycle1	train	325065	13	2170828
1788513701.496105671	cycle1	train	317109	36	2526892
1788513701.496105671	cycle1	train	323223	36	2647100
1788513701.496105671	cycle1	train	325065	13	2172876
1788513701.754653017	cycle1	train	317109	36	2526892
1788513701.754653017	cycle1	train	323223	36	2647100
1788513701.754653017	cycle1	train	325065	13	2174924
1788513702.017992023	cycle1	train	317109	36	2526892
1788513702.017992023	cycle1	train	323223	36	2647100
1788513702.017992023	cycle1	train	325065	13	2175948
1788513702.278110895	cycle1	train	317109	36	2526892
1788513702.278110895	cycle1	train	323223	36	2647100
1788513702.278110895	cycle1	train	325065	13	2176972
1788513702.540159483	cycle1	train	317109	36	2526892
1788513702.540159483	cycle1	train	323223	36	2647100
1788513702.540159483	cycle1	train	325065	13	2180044
1788513702.803055812	cycle1	train	317109	36	2526892
1788513702.803055812	cycle1	train	323223	36	2647100
1788513702.803055812	cycle1	train	325065	14	2186208
1788513703.061812997	cycle1	train	317109	36	2526892
1788513703.061812997	cycle1	train	323223	36	2647100
1788513703.061812997	cycle1	train	325065	14	2186208
1788513703.327009035	cycle1	train	317109	36	2526892
1788513703.327009035	cycle1	train	323223	36	2647100
1788513703.327009035	cycle1	train	325065	14	2186208
1788513703.588467021	cycle1	train	317109	36	2526892
1788513703.588467021	cycle1	train	323223	36	2647100
1788513703.588467021	cycle1	train	325065	14	2190304
1788513703.848368880	cycle1	train	317109	36	2526892
1788513703.848368880	cycle1	train	323223	36	2647100
1788513703.848368880	cycle1	train	325065	14	2198496
1788513704.111730363	cycle1	train	317109	36	2526892
1788513704.111730363	cycle1	train	323223	36	2647100
1788513704.111730363	cycle1	train	325065	14	2218976
1788513704.372480888	cycle1	train	317109	36	2526892
1788513704.372480888	cycle1	train	323223	36	2647100
1788513704.372480888	cycle1	train	325065	14	2218976
1788513704.633801826	cycle1	train	317109	36	2526892
1788513704.633801826	cycle1	train	323223	36	2647100
1788513704.633801826	cycle1	train	325065	14	2230240
1788513704.888454562	cycle1	train	317109	36	2526892
1788513704.888454562	cycle1	train	323223	36	2647100
1788513704.888454562	cycle1	train	325065	14	2248672
1788513705.144084104	cycle1	train	317109	36	2526892
1788513705.144084104	cycle1	train	323223	36	2647100
1788513705.144084104	cycle1	train	325065	14	2249696
1788513705.406161468	cycle1	train	317109	36	2526892
1788513705.406161468	cycle1	train	323223	36	2647100
1788513705.406161468	cycle1	train	325065	14	2250720
1788513705.665086083	cycle1	train	317109	36	2526892
1788513705.665086083	cycle1	train	323223	36	2647100
1788513705.665086083	cycle1	train	325065	14	2252768
1788513705.923818938	cycle1	train	317109	36	2526892
1788513705.923818938	cycle1	train	323223	36	2647100
1788513705.923818938	cycle1	train	325065	14	2254816
1788513706.180782537	cycle1	train	317109	36	2526892
1788513706.180782537	cycle1	train	323223	36	2647100
1788513706.180782537	cycle1	train	325065	14	2255840
1788513706.442056572	cycle1	train	317109	36	2526892
1788513706.442056572	cycle1	train	323223	36	2647100
1788513706.442056572	cycle1	train	325065	14	2256864
1788513706.697171394	cycle1	train	317109	36	2526892
1788513706.697171394	cycle1	train	323223	36	2647100
1788513706.697171394	cycle1	train	325065	14	2258912
1788513706.952816337	cycle1	train	317109	36	2526892
1788513706.952816337	cycle1	train	323223	36	2647100
1788513706.952816337	cycle1	train	325065	14	2263008
1788513707.210117207	cycle1	train	317109	36	2526892
1788513707.210117207	cycle1	train	323223	36	2647100
1788513707.210117207	cycle1	train	325065	14	2265056
1788513707.469340072	cycle1	train	317109	36	2526892
1788513707.469340072	cycle1	train	323223	36	2647100
1788513707.469340072	cycle1	train	325065	14	2266080
1788513707.728221357	cycle1	train	317109	36	2526892
1788513707.728221357	cycle1	train	323223	36	2647100
1788513707.728221357	cycle1	train	325065	14	2266080
1788513707.986372242	cycle1	train	317109	36	2526892
1788513707.986372242	cycle1	train	323223	36	2647100
1788513707.986372242	cycle1	train	325065	14	2267104
1788513708.242894907	cycle1	train	317109	36	2526892
1788513708.242894907	cycle1	train	323223	36	2647100
1788513708.242894907	cycle1	train	325065	14	2268128
1788513708.527989879	cycle1	train	317109	36	2526892
1788513708.527989879	cycle1	train	323223	36	2647100
1788513708.527989879	cycle1	train	325065	14	2268128
1788513708.807484765	cycle1	train	317109	36	2526892
1788513708.807484765	cycle1	train	323223	36	2647100
1788513708.807484765	cycle1	train	325065	14	2269152
1788513709.096456541	cycle1	train	317109	36	2527916
1788513709.096456541	cycle1	train	323223	36	2647100
1788513709.096456541	cycle1	train	325065	14	2269152
1788513709.358228724	cycle1	train	317109	36	2527916
1788513709.358228724	cycle1	train	323223	36	2647100
1788513709.358228724	cycle1	train	325065	14	2269152
1788513709.623992041	cycle1	train	317109	36	2527916
1788513709.623992041	cycle1	train	323223	36	2647100
1788513709.623992041	cycle1	train	325065	14	2271200
1788513709.884682147	cycle1	train	317109	36	2527916
1788513709.884682147	cycle1	train	323223	36	2647100
1788513709.884682147	cycle1	train	325065	14	2279392
1788513710.143461325	cycle1	train	317109	36	2527916
1788513710.143461325	cycle1	train	323223	36	2647100
1788513710.143461325	cycle1	train	325065	14	2280416
1788513710.406640861	cycle1	train	317109	36	2527916
1788513710.406640861	cycle1	train	323223	36	2647100
1788513710.406640861	cycle1	train	325065	14	2280416
1788513710.671420850	cycle1	train	317109	36	2527916
1788513710.671420850	cycle1	train	323223	36	2647100
1788513710.671420850	cycle1	train	325065	14	2280416
1788513710.938676569	cycle1	train	317109	36	2527916
1788513710.938676569	cycle1	train	323223	36	2647100
1788513710.938676569	cycle1	train	325065	14	2280416
1788513711.202275390	cycle1	train	317109	36	2527916
1788513711.202275390	cycle1	train	323223	36	2647100
1788513711.202275390	cycle1	train	325065	14	2280416
1788513711.460331939	cycle1	train	317109	36	2527916
1788513711.460331939	cycle1	train	323223	36	2647100
1788513711.460331939	cycle1	train	325065	14	2280416
1788513711.725647645	cycle1	train	317109	36	2527916
1788513711.725647645	cycle1	train	323223	36	2647100
1788513711.725647645	cycle1	train	325065	14	2280416
1788513711.983545573	cycle1	train	317109	36	2527916
1788513711.983545573	cycle1	train	323223	36	2647100
1788513711.983545573	cycle1	train	325065	14	2280416
1788513712.238151317	cycle1	train	317109	36	2527916
1788513712.238151317	cycle1	train	323223	36	2647100
1788513712.238151317	cycle1	train	325065	14	2280416
1788513712.502717356	cycle1	train	317109	36	2527916
1788513712.502717356	cycle1	train	323223	36	2647100
1788513712.502717356	cycle1	train	325065	14	2280416
1788513712.766809155	cycle1	train	317109	36	2527916
1788513712.766809155	cycle1	train	323223	36	2647100
1788513712.766809155	cycle1	train	325065	14	2280416
1788513713.033972875	cycle1	train	317109	36	2527916
1788513713.033972875	cycle1	train	323223	36	2647100
1788513713.033972875	cycle1	train	325065	14	2280416
1788513713.288849717	cycle1	train	317109	36	2527916
1788513713.288849717	cycle1	train	323223	36	2647100
1788513713.288849717	cycle1	train	325065	14	2280416
1788513713.551802921	cycle1	train	317109	36	2527916
1788513713.551802921	cycle1	train	323223	36	2648124
1788513713.551802921	cycle1	train	325065	14	2280416
1788513713.819954343	cycle1	train	317109	36	2527916
1788513713.819954343	cycle1	train	323223	36	2650816
1788513713.819954343	cycle1	train	325065	14	2280416
1788513714.082337879	cycle1	train	317109	36	2527916
1788513714.082337879	cycle1	train	323223	36	2652864
1788513714.082337879	cycle1	train	325065	14	2280416
1788513714.338181989	cycle1	train	317109	36	2527916
1788513714.338181989	cycle1	train	323223	36	2654912
1788513714.338181989	cycle1	train	325065	14	2280416
1788513714.604522653	cycle1	train	317109	36	2527916
1788513714.604522653	cycle1	train	323223	36	2655936
1788513714.604522653	cycle1	train	325065	14	2280416
1788513714.863138425	cycle1	train	317109	36	2527916
1788513714.863138425	cycle1	train	323223	36	2655936
1788513714.863138425	cycle1	train	325065	14	2280416
1788513715.119287143	cycle1	train	317109	36	2527916
1788513715.119287143	cycle1	train	323223	36	2655936
1788513715.119287143	cycle1	train	325065	14	2280416
1788513715.376522771	cycle1	train	317109	36	2527916
1788513715.376522771	cycle1	train	323223	36	2655936
1788513715.376522771	cycle1	train	325065	14	2280416
1788513715.635294947	cycle1	train	317109	36	2527916
1788513715.635294947	cycle1	train	323223	36	2655936
1788513715.635294947	cycle1	train	325065	14	2280416
1788513715.895598328	cycle1	train	317109	36	2527916
1788513715.895598328	cycle1	train	323223	36	2655936
1788513715.895598328	cycle1	train	325065	14	2280416
1788513716.165750263	cycle1	train	317109	36	2527916
1788513716.165750263	cycle1	train	323223	36	2655936
1788513716.165750263	cycle1	train	325065	14	2280416
1788513716.425186985	cycle1	train	317109	36	2527916
1788513716.425186985	cycle1	train	323223	36	2655936
1788513716.425186985	cycle1	train	325065	14	2280416
1788513716.689105067	cycle1	train	317109	36	2527916
1788513716.689105067	cycle1	train	323223	36	2655936
1788513716.689105067	cycle1	train	325065	14	2280416
1788513716.951780817	cycle1	train	317109	36	2527916
1788513716.951780817	cycle1	train	323223	36	2655936
1788513716.951780817	cycle1	train	325065	14	2280416
1788513717.206969059	cycle1	train	317109	36	2527916
1788513717.206969059	cycle1	train	323223	36	2655936
1788513717.206969059	cycle1	train	325065	14	2280416
1788513717.467072843	cycle1	train	317109	36	2527916
1788513717.467072843	cycle1	train	323223	36	2655936
1788513717.467072843	cycle1	train	325065	14	2280416
1788513717.726000085	cycle1	train	317109	36	2527916
1788513717.726000085	cycle1	train	323223	36	2655936
1788513717.726000085	cycle1	train	325065	14	2280416
1788513717.994928603	cycle1	train	317109	36	2527916
1788513717.994928603	cycle1	train	323223	36	2642688
1788513717.994928603	cycle1	train	325065	14	2280416
1788513718.256185882	cycle1	train	317109	36	2527916
1788513718.256185882	cycle1	train	323223	36	2644772
1788513718.256185882	cycle1	train	325065	14	2280416
1788513718.515601057	cycle1	train	317109	36	2527916
1788513718.515601057	cycle1	train	323223	36	2646840
1788513718.515601057	cycle1	train	325065	14	2280416
1788513718.798981166	cycle1	train	317109	36	2527916
1788513718.798981166	cycle1	train	323223	36	2646840
1788513718.798981166	cycle1	train	325065	14	2280416
1788513719.057128030	cycle1	train	317109	36	2527916
1788513719.057128030	cycle1	train	323223	36	2646840
1788513719.057128030	cycle1	train	325065	14	2280416
1788513719.317293246	cycle1	train	317109	36	2535084
1788513719.317293246	cycle1	train	323223	36	2646840
1788513719.317293246	cycle1	train	325065	14	2280416
1788513719.578008756	cycle1	train	317109	36	2535084
1788513719.578008756	cycle1	train	323223	36	2646840
1788513719.578008756	cycle1	train	325065	14	2280416
1788513719.835337030	cycle1	train	317109	36	2535084
1788513719.835337030	cycle1	train	323223	36	2647864
1788513719.835337030	cycle1	train	325065	14	2280416
1788513720.106305172	cycle1	train	317109	36	2535084
1788513720.106305172	cycle1	train	323223	36	2647864
1788513720.106305172	cycle1	train	325065	14	2280416
1788513720.362446482	cycle1	train	317109	36	2535084
1788513720.362446482	cycle1	train	323223	36	2647864
1788513720.362446482	cycle1	train	325065	14	2280416
1788513720.620004029	cycle1	train	317109	36	2535084
1788513720.620004029	cycle1	train	323223	36	2647864
1788513720.620004029	cycle1	train	325065	14	2280416
1788513720.875903032	cycle1	train	317109	36	2535084
1788513720.875903032	cycle1	train	323223	36	2647864
1788513720.875903032	cycle1	train	325065	14	2280416
1788513721.132978769	cycle1	train	317109	36	2535084
1788513721.132978769	cycle1	train	323223	36	2647864
1788513721.132978769	cycle1	train	325065	14	2280416
1788513721.392358006	cycle1	train	317109	36	2535084
1788513721.392358006	cycle1	train	323223	36	2647864
1788513721.392358006	cycle1	train	325065	14	2280416
1788513721.647249519	cycle1	train	317109	36	2535084
1788513721.647249519	cycle1	train	323223	36	2647864
1788513721.647249519	cycle1	train	325065	14	2280416
1788513721.925093875	cycle1	train	317109	36	2535084
1788513721.925093875	cycle1	train	323223	36	2647864
1788513721.925093875	cycle1	train	325065	14	2280416
1788513722.187699609	cycle1	train	317109	36	2535084
1788513722.187699609	cycle1	train	323223	36	2647864
1788513722.187699609	cycle1	train	325065	14	2280416
1788513722.475999343	cycle1	train	317109	36	2535084
1788513722.475999343	cycle1	train	323223	36	2647864
1788513722.475999343	cycle1	train	325065	14	2280416
1788513722.760110941	cycle1	train	317109	36	2535084
1788513722.760110941	cycle1	train	323223	36	2647864
1788513722.760110941	cycle1	train	325065	14	2280416
1788513723.015601155	cycle1	train	317109	36	2535084
1788513723.015601155	cycle1	train	323223	36	2647864
1788513723.015601155	cycle1	train	325065	14	2280416
1788513723.279662224	cycle1	train	317109	36	2535084
1788513723.279662224	cycle1	train	323223	36	2647864
1788513723.279662224	cycle1	train	325065	14	2280416
1788513723.538761289	cycle1	train	317109	36	2535084
1788513723.538761289	cycle1	train	323223	36	2647864
1788513723.538761289	cycle1	train	325065	14	2280416
1788513723.796279767	cycle1	train	317109	36	2535084
1788513723.796279767	cycle1	train	323223	36	2647864
1788513723.796279767	cycle1	train	325065	14	2280416
1788513724.052739243	cycle1	train	317109	36	2535084
1788513724.052739243	cycle1	train	323223	36	2647864
1788513724.052739243	cycle1	train	325065	14	2287644
1788513724.314009612	cycle1	train	317109	36	2535084
1788513724.314009612	cycle1	train	323223	36	2647864
1788513724.314009612	cycle1	train	325065	14	2287644
1788513724.569620143	cycle1	train	317109	36	2535084
1788513724.569620143	cycle1	train	323223	36	2647864
1788513724.569620143	cycle1	train	325065	14	2287644
1788513724.825593056	cycle1	train	317109	36	2535084
1788513724.825593056	cycle1	train	323223	36	2647864
1788513724.825593056	cycle1	train	325065	14	2287644
1788513725.084004953	cycle1	train	317109	36	2535084
1788513725.084004953	cycle1	train	323223	36	2647864
1788513725.084004953	cycle1	train	325065	14	2346956
1788513725.347518013	cycle1	train	317109	36	2535084
1788513725.347518013	cycle1	train	323223	36	2647864
1788513725.347518013	cycle1	train	325065	14	2369988
1788513725.607314114	cycle1	train	317109	36	2535084
1788513725.607314114	cycle1	train	323223	36	2647864
1788513725.607314114	cycle1	train	325065	14	2499448
1788513725.871118340	cycle1	train	317109	36	2535084
1788513725.871118340	cycle1	train	323223	36	2647864
1788513725.871118340	cycle1	train	325065	14	2541432
1788513726.129693758	cycle1	train	317109	36	2535084
1788513726.129693758	cycle1	train	323223	36	2647864
1788513726.129693758	cycle1	train	325065	14	2551672
1788513726.394121709	cycle1	train	317109	36	2535084
1788513726.394121709	cycle1	train	323223	36	2647864
1788513726.394121709	cycle1	train	325065	14	2584724
1788513726.649568263	cycle1	train	317109	36	2535084
1788513726.649568263	cycle1	train	323223	36	2647864
1788513726.649568263	cycle1	train	325065	14	2584724
1788513726.909234224	cycle1	train	317109	36	2535084
1788513726.909234224	cycle1	train	323223	36	2647864
1788513726.909234224	cycle1	train	325065	14	2585748
1788513727.165553666	cycle1	train	317109	36	2535084
1788513727.165553666	cycle1	train	323223	36	2647864
1788513727.165553666	cycle1	train	325065	14	2585748
1788513727.424410810	cycle1	train	317109	36	2535084
1788513727.424410810	cycle1	train	323223	36	2647864
1788513727.424410810	cycle1	train	325065	14	2604860
1788513727.679188373	cycle1	train	317109	36	2535084
1788513727.679188373	cycle1	train	323223	36	2647864
1788513727.679188373	cycle1	train	325065	14	2627388
1788513727.934235436	cycle1	train	317109	36	2535084
1788513727.934235436	cycle1	train	323223	36	2647864
1788513727.934235436	cycle1	train	325065	14	2628412
1788513728.194479014	cycle1	train	317109	36	2535084
1788513728.194479014	cycle1	train	323223	36	2647864
1788513728.194479014	cycle1	train	325065	14	2635580
1788513728.451985712	cycle1	train	317109	36	2535084
1788513728.451985712	cycle1	train	323223	36	2647864
1788513728.451985712	cycle1	train	325065	14	2660580
1788513728.708263102	cycle1	train	317109	36	2535084
1788513728.708263102	cycle1	train	323223	36	2647864
1788513728.708263102	cycle1	train	325065	14	2683540
1788513728.962688413	cycle1	train	317109	36	2535084
1788513728.962688413	cycle1	train	323223	36	2647864
1788513728.962688413	cycle1	train	325065	14	2705044
1788513729.217684310	cycle1	train	317109	36	2535084
1788513729.217684310	cycle1	train	323223	36	2647864
1788513729.217684310	cycle1	train	325065	14	2708116
1788513729.479460615	cycle1	train	317109	36	2543276
1788513729.479460615	cycle1	train	323223	36	2647864
1788513729.479460615	cycle1	train	325065	14	2724500
1788513729.740775407	cycle1	train	317109	36	2543276
1788513729.740775407	cycle1	train	323223	36	2647864
1788513729.740775407	cycle1	train	325065	14	2724500
1788513729.995402641	cycle1	train	317109	36	2543276
1788513729.995402641	cycle1	train	323223	36	2647864
1788513729.995402641	cycle1	train	325065	14	2724500
1788513730.251206792	cycle1	train	317109	36	2543276
1788513730.251206792	cycle1	train	323223	36	2647864
1788513730.251206792	cycle1	train	325065	14	2724500
1788513730.509590194	cycle1	train	317109	36	2543276
1788513730.509590194	cycle1	train	323223	36	2647864
1788513730.509590194	cycle1	train	325065	14	2748756
1788513730.767654093	cycle1	train	317109	36	2543276
1788513730.767654093	cycle1	train	323223	36	2647864
1788513730.767654093	cycle1	train	325065	14	2749780
1788513731.025576621	cycle1	train	317109	36	2543276
1788513731.025576621	cycle1	train	323223	36	2647864
1788513731.025576621	cycle1	train	325065	14	2749780
1788513731.282875725	cycle1	train	317109	36	2543276
1788513731.282875725	cycle1	train	323223	36	2647864
1788513731.282875725	cycle1	train	325065	14	2753876
1788513731.542194761	cycle1	train	317109	36	2543276
1788513731.542194761	cycle1	train	323223	36	2647864
1788513731.542194761	cycle1	train	325065	14	2753876
1788513731.799393658	cycle1	train	317109	36	2543276
1788513731.799393658	cycle1	train	323223	36	2647864
1788513731.799393658	cycle1	train	325065	14	2753876
1788513732.056573805	cycle1	train	317109	36	2543276
1788513732.056573805	cycle1	train	323223	36	2647864
1788513732.056573805	cycle1	train	325065	14	2753876
1788513732.318069486	cycle1	train	317109	36	2543276
1788513732.318069486	cycle1	train	323223	36	2647864
1788513732.318069486	cycle1	train	325065	14	2753876
1788513732.577455661	cycle1	train	317109	36	2543276
1788513732.577455661	cycle1	train	323223	36	2647864
1788513732.577455661	cycle1	train	325065	14	2753876
1788513732.832437076	cycle1	train	317109	36	2543276
1788513732.832437076	cycle1	train	323223	36	2647864
1788513732.832437076	cycle1	train	325065	14	2753876
1788513733.087901359	cycle1	train	317109	36	2543276
1788513733.087901359	cycle1	train	323223	36	2647864
1788513733.087901359	cycle1	train	325065	14	2753876
1788513733.343412197	cycle1	train	317109	36	2543276
1788513733.343412197	cycle1	train	323223	36	2647864
1788513733.343412197	cycle1	train	325065	14	2916472
1788513733.603305529	cycle1	train	317109	36	2543276
1788513733.603305529	cycle1	train	323223	36	2647864
1788513733.603305529	cycle1	train	325065	14	2916472
1788513733.862768172	cycle1	train	317109	36	2543276
1788513733.862768172	cycle1	train	323223	36	2647864
1788513733.862768172	cycle1	train	325065	14	2916472
1788513734.120738908	cycle1	train	317109	36	2543276
1788513734.120738908	cycle1	train	323223	36	2647864
1788513734.120738908	cycle1	train	325065	14	2916472
1788513734.375795870	cycle1	train	317109	36	2543276
1788513734.375795870	cycle1	train	323223	36	2647864
1788513734.375795870	cycle1	train	325065	14	2916472
1788513734.634273481	cycle1	train	317109	36	2543276
1788513734.634273481	cycle1	train	323223	36	2647864
1788513734.634273481	cycle1	train	325065	14	2917496
1788513734.902204302	cycle1	train	317109	36	2543276
1788513734.902204302	cycle1	train	323223	36	2647864
1788513734.902204302	cycle1	train	325065	14	2917496
1788513735.159102846	cycle1	train	317109	36	2543276
1788513735.159102846	cycle1	train	323223	36	2647864
1788513735.159102846	cycle1	train	325065	14	2917496
1788513735.415081636	cycle1	train	317109	36	2543276
1788513735.415081636	cycle1	train	323223	36	2647864
1788513735.415081636	cycle1	train	325065	14	2917496
1788513735.679038246	cycle1	train	317109	36	2543276
1788513735.679038246	cycle1	train	323223	36	2647864
1788513735.679038246	cycle1	train	325065	14	2917496
1788513735.938800022	cycle1	train	317109	36	2543276
1788513735.938800022	cycle1	train	323223	36	2647864
1788513735.938800022	cycle1	train	325065	14	2917496
1788513736.197378503	cycle1	train	317109	36	2543276
1788513736.197378503	cycle1	train	323223	36	2647864
1788513736.197378503	cycle1	train	325065	14	2917496
1788513736.457094961	cycle1	train	317109	36	2543276
1788513736.457094961	cycle1	train	323223	36	2647864
1788513736.457094961	cycle1	train	325065	14	2920568
1788513736.714721873	cycle1	train	317109	36	2543276
1788513736.714721873	cycle1	train	323223	36	2647864
1788513736.714721873	cycle1	train	325065	14	2920568
1788513736.972356420	cycle1	train	317109	36	2543276
1788513736.972356420	cycle1	train	323223	36	2647864
1788513736.972356420	cycle1	train	325065	14	2920568
1788513737.233081899	cycle1	train	317109	36	2543276
1788513737.233081899	cycle1	train	323223	36	2647864
1788513737.233081899	cycle1	train	325065	14	2920568
1788513737.487532897	cycle1	train	317109	36	2543276
1788513737.487532897	cycle1	train	323223	36	2647864
1788513737.487532897	cycle1	train	325065	14	2920568
1788513737.747501263	cycle1	train	317109	36	2543276
1788513737.747501263	cycle1	train	323223	36	2647864
1788513737.747501263	cycle1	train	325065	14	2920568
1788513738.001085510	cycle1	train	317109	36	2543276
1788513738.001085510	cycle1	train	323223	36	2647864
1788513738.001085510	cycle1	train	325065	14	2920568
1788513738.262187167	cycle1	train	317109	36	2543276
1788513738.262187167	cycle1	train	323223	36	2647864
1788513738.262187167	cycle1	train	325065	14	2920568
1788513738.520279038	cycle1	train	317109	36	2543276
1788513738.520279038	cycle1	train	323223	36	2647864
1788513738.520279038	cycle1	train	325065	14	2920568
1788513738.783284163	cycle1	train	317109	36	2543276
1788513738.783284163	cycle1	train	323223	36	2647864
1788513738.783284163	cycle1	train	325065	14	2920568
1788513739.037428103	cycle1	train	317109	36	2543276
1788513739.037428103	cycle1	train	323223	36	2647864
1788513739.037428103	cycle1	train	325065	14	2920568
1788513739.298318931	cycle1	train	317109	36	2543276
1788513739.298318931	cycle1	train	323223	36	2647864
1788513739.298318931	cycle1	train	325065	14	2920568
1788513739.554264489	cycle1	train	317109	36	2543276
1788513739.554264489	cycle1	train	323223	36	2647864
1788513739.554264489	cycle1	train	325065	14	2920568
1788513739.811357177	cycle1	train	317109	36	2546348
1788513739.811357177	cycle1	train	323223	36	2647864
1788513739.811357177	cycle1	train	325065	14	2920568
1788513740.069493151	cycle1	train	317109	36	2546348
1788513740.069493151	cycle1	train	323223	36	2647864
1788513740.069493151	cycle1	train	325065	14	2920568
1788513740.332412128	cycle1	train	317109	36	2546348
1788513740.332412128	cycle1	train	323223	36	2647864
1788513740.332412128	cycle1	train	325065	14	2920568
1788513740.591026261	cycle1	train	317109	36	2546348
1788513740.591026261	cycle1	train	323223	36	2647864
1788513740.591026261	cycle1	train	325065	14	2920568
1788513740.857798426	cycle1	train	317109	36	2546348
1788513740.857798426	cycle1	train	323223	36	2647864
1788513740.857798426	cycle1	train	325065	14	2920568
1788513741.113121604	cycle1	train	317109	36	2546348
1788513741.113121604	cycle1	train	323223	36	2647864
1788513741.113121604	cycle1	train	325065	14	2920568
1788513741.368949508	cycle1	train	317109	36	2546348
1788513741.368949508	cycle1	train	323223	36	2647864
1788513741.368949508	cycle1	train	325065	14	2920568
1788513741.627304211	cycle1	train	317109	36	2546348
1788513741.627304211	cycle1	train	323223	36	2647864
1788513741.627304211	cycle1	train	325065	14	2920568
1788513741.886979407	cycle1	train	317109	36	2546348
1788513741.886979407	cycle1	train	323223	36	2647864
1788513741.886979407	cycle1	train	325065	14	2920568
1788513742.147330651	cycle1	train	317109	36	2546348
1788513742.147330651	cycle1	train	323223	36	2647864
1788513742.147330651	cycle1	train	325065	14	2920568
1788513742.405613121	cycle1	train	317109	36	2546348
1788513742.405613121	cycle1	train	323223	36	2647864
1788513742.405613121	cycle1	train	325065	14	2920568
1788513742.670510282	cycle1	train	317109	36	2546348
1788513742.670510282	cycle1	train	323223	36	2647864
1788513742.670510282	cycle1	train	325065	14	2920568
1788513742.940711846	cycle1	train	317109	36	2546348
1788513742.940711846	cycle1	train	323223	36	2647864
1788513742.940711846	cycle1	train	325065	14	2920568
1788513743.200183051	cycle1	train	317109	36	2546348
1788513743.200183051	cycle1	train	323223	36	2647864
1788513743.200183051	cycle1	train	325065	14	2920568
1788513743.458628297	cycle1	train	317109	36	2546348
1788513743.458628297	cycle1	train	323223	36	2647864
1788513743.458628297	cycle1	train	325065	14	2920568
1788513743.718857273	cycle1	train	317109	36	2546348
1788513743.718857273	cycle1	train	323223	36	2647864
1788513743.718857273	cycle1	train	325065	14	2920568
1788513743.981169345	cycle1	train	317109	36	2546348
1788513743.981169345	cycle1	train	323223	36	2647864
1788513743.981169345	cycle1	train	325065	14	2920568
1788513744.238395361	cycle1	train	317109	36	2546348
1788513744.238395361	cycle1	train	323223	36	2647864
1788513744.238395361	cycle1	train	325065	14	2920568
1788513744.499323526	cycle1	train	317109	36	2546348
1788513744.499323526	cycle1	train	323223	36	2647864
1788513744.499323526	cycle1	train	325065	14	2920568
1788513744.757982827	cycle1	train	317109	36	2546348
1788513744.757982827	cycle1	train	323223	36	2647864
1788513744.757982827	cycle1	train	325065	14	2927736
1788513745.024081576	cycle1	train	317109	36	2546348
1788513745.024081576	cycle1	train	323223	36	2647864
1788513745.024081576	cycle1	train	325065	14	2931832
1788513745.289595219	cycle1	train	317109	36	2546348
1788513745.289595219	cycle1	train	323223	36	2647864
1788513745.289595219	cycle1	train	325065	14	2931832
1788513745.544484154	cycle1	train	317109	36	2546348
1788513745.544484154	cycle1	train	323223	36	2647864
1788513745.544484154	cycle1	train	325065	14	2931832
1788513745.803390901	cycle1	train	317109	36	2546348
1788513745.803390901	cycle1	train	323223	36	2647864
1788513745.803390901	cycle1	train	325065	14	2931832
1788513746.068389663	cycle1	train	317109	36	2546348
1788513746.068389663	cycle1	train	323223	36	2647864
1788513746.068389663	cycle1	train	325065	14	2931832
1788513746.323090959	cycle1	train	317109	36	2546348
1788513746.323090959	cycle1	train	323223	36	2647864
1788513746.323090959	cycle1	train	325065	14	2931832
1788513746.580063407	cycle1	train	317109	36	2546348
1788513746.580063407	cycle1	train	323223	36	2647864
1788513746.580063407	cycle1	train	325065	14	2931832
1788513746.839861221	cycle1	train	317109	36	2546348
1788513746.839861221	cycle1	train	323223	36	2647864
1788513746.839861221	cycle1	train	325065	14	2931832
1788513747.100037967	cycle1	train	317109	36	2546348
1788513747.100037967	cycle1	train	323223	36	2647864
1788513747.100037967	cycle1	train	325065	14	2931832
1788513747.356215156	cycle1	train	317109	36	2546348
1788513747.356215156	cycle1	train	323223	36	2647864
1788513747.356215156	cycle1	train	325065	14	2931832
1788513747.610999379	cycle1	train	317109	36	2546348
1788513747.610999379	cycle1	train	323223	36	2647864
1788513747.610999379	cycle1	train	325065	14	2931832
1788513747.869810695	cycle1	train	317109	36	2546348
1788513747.869810695	cycle1	train	323223	36	2647864
1788513747.869810695	cycle1	train	325065	14	2931832
1788513748.128807288	cycle1	train	317109	36	2546348
1788513748.128807288	cycle1	train	323223	36	2647864
1788513748.128807288	cycle1	train	325065	14	2931832
1788513748.384627328	cycle1	train	317109	36	2546348
1788513748.384627328	cycle1	train	323223	36	2647864
1788513748.384627328	cycle1	train	325065	14	2931832
1788513748.641450915	cycle1	train	317109	36	2546348
1788513748.641450915	cycle1	train	323223	36	2647864
1788513748.641450915	cycle1	train	325065	14	2931832
1788513748.903686374	cycle1	train	317109	36	2546348
1788513748.903686374	cycle1	train	323223	36	2647864
1788513748.903686374	cycle1	train	325065	14	2931832
1788513749.161567763	cycle1	train	317109	36	2546348
1788513749.161567763	cycle1	train	323223	36	2647864
1788513749.161567763	cycle1	train	325065	14	2931832
1788513749.417500097	cycle1	train	317109	36	2546348
1788513749.417500097	cycle1	train	323223	36	2647864
1788513749.417500097	cycle1	train	325065	14	2931832
1788513749.675707053	cycle1	train	317109	36	2546348
1788513749.675707053	cycle1	train	323223	36	2647864
1788513749.675707053	cycle1	train	325065	14	2931832
1788513749.935984385	cycle1	train	317109	36	2547372
1788513749.935984385	cycle1	train	323223	36	2647864
1788513749.935984385	cycle1	train	325065	14	2931832
1788513750.202531961	cycle1	train	317109	36	2547372
1788513750.202531961	cycle1	train	323223	36	2647864
1788513750.202531961	cycle1	train	325065	14	2931832
1788513750.467864124	cycle1	train	317109	36	2547372
1788513750.467864124	cycle1	train	323223	36	2647864
1788513750.467864124	cycle1	train	325065	14	2931832
1788513750.732683324	cycle1	train	317109	36	2547372
1788513750.732683324	cycle1	train	323223	36	2647864
1788513750.732683324	cycle1	train	325065	14	2942632
1788513750.992263455	cycle1	train	317109	36	2547372
1788513750.992263455	cycle1	train	323223	36	2647864
1788513750.992263455	cycle1	train	325065	14	3018792
1788513751.263315455	cycle1	train	317109	36	2547372
1788513751.263315455	cycle1	train	323223	36	2647864
1788513751.263315455	cycle1	train	325065	14	3018800
1788513751.589054105	cycle1	train	317109	36	2547372
1788513751.589054105	cycle1	train	323223	36	2647864
1788513751.589054105	cycle1	train	325065	14	3023920
1788513751.851842670	cycle1	train	317109	36	2547372
1788513751.851842670	cycle1	train	323223	36	2647864
1788513751.851842670	cycle1	train	325065	14	3023920
1788513752.116664030	cycle1	train	317109	36	2547372
1788513752.116664030	cycle1	train	323223	36	2647864
1788513752.116664030	cycle1	train	325065	14	3025968
1788513752.375957241	cycle1	train	317109	36	2547372
1788513752.375957241	cycle1	train	323223	36	2647864
1788513752.375957241	cycle1	train	325065	14	3026992
1788513752.637849628	cycle1	train	317109	36	2547372
1788513752.637849628	cycle1	train	323223	36	2647864
1788513752.637849628	cycle1	train	325065	14	3026992
1788513752.894895008	cycle1	train	317109	36	2547372
1788513752.894895008	cycle1	train	323223	36	2647864
1788513752.894895008	cycle1	train	325065	14	3029040
1788513753.178401389	cycle1	train	317109	36	2547372
1788513753.178401389	cycle1	train	323223	36	2647864
1788513753.178401389	cycle1	train	325065	14	3030064
1788513753.448297552	cycle1	train	317109	36	2547372
1788513753.448297552	cycle1	train	323223	36	2647864
1788513753.448297552	cycle1	train	325065	14	3030064
1788513753.708078699	cycle1	train	317109	36	2547372
1788513753.708078699	cycle1	train	323223	36	2647864
1788513753.708078699	cycle1	train	325065	14	3030064
1788513753.961625478	cycle1	train	317109	36	2547372
1788513753.961625478	cycle1	train	323223	36	2647864
1788513753.961625478	cycle1	train	325065	14	3030064
1788513754.219600729	cycle1	train	317109	36	2547372
1788513754.219600729	cycle1	train	323223	36	2647864
1788513754.219600729	cycle1	train	325065	14	3030064
1788513754.476065840	cycle1	train	317109	36	2547372
1788513754.476065840	cycle1	train	323223	36	2647864
1788513754.476065840	cycle1	train	325065	14	3030064
1788513754.729702538	cycle1	train	317109	36	2547372
1788513754.729702538	cycle1	train	323223	36	2647864
1788513754.729702538	cycle1	train	325065	14	3030064
1788513754.986990848	cycle1	train	317109	36	2547372
1788513754.986990848	cycle1	train	323223	36	2647864
1788513754.986990848	cycle1	train	325065	14	3031088
1788513755.240689580	cycle1	train	317109	36	2547372
1788513755.240689580	cycle1	train	323223	36	2647864
1788513755.240689580	cycle1	train	325065	14	3031088
1788513755.509670740	cycle1	train	317109	36	2547372
1788513755.509670740	cycle1	train	323223	36	2647864
1788513755.509670740	cycle1	train	325065	14	3031088
1788513755.770764801	cycle1	train	317109	36	2547372
1788513755.770764801	cycle1	train	323223	36	2647864
1788513755.770764801	cycle1	train	325065	14	3031088
1788513756.033492024	cycle1	train	317109	36	2547372
1788513756.033492024	cycle1	train	323223	36	2647864
1788513756.033492024	cycle1	train	325065	14	3031088
1788513756.291780278	cycle1	train	317109	36	2547372
1788513756.291780278	cycle1	train	323223	36	2647864
1788513756.291780278	cycle1	train	325065	14	3031088
1788513756.556008387	cycle1	train	317109	36	2547372
1788513756.556008387	cycle1	train	323223	36	2647864
1788513756.556008387	cycle1	train	325065	14	3031088
1788513756.816508892	cycle1	train	317109	36	2547372
1788513756.816508892	cycle1	train	323223	36	2647864
1788513756.816508892	cycle1	train	325065	14	3031088
1788513757.081420185	cycle1	train	317109	36	2547372
1788513757.081420185	cycle1	train	323223	36	2647864
1788513757.081420185	cycle1	train	325065	14	3031088
1788513757.337061357	cycle1	train	317109	36	2547372
1788513757.337061357	cycle1	train	323223	36	2647864
1788513757.337061357	cycle1	train	325065	14	3031088
1788513757.595890772	cycle1	train	317109	36	2547372
1788513757.595890772	cycle1	train	323223	36	2647864
1788513757.595890772	cycle1	train	325065	14	3031088
1788513757.851949972	cycle1	train	317109	36	2547372
1788513757.851949972	cycle1	train	323223	36	2647864
1788513757.851949972	cycle1	train	325065	14	3031088
1788513758.107528368	cycle1	train	317109	36	2547372
1788513758.107528368	cycle1	train	323223	36	2647864
1788513758.107528368	cycle1	train	325065	14	3031088
1788513758.366476749	cycle1	train	317109	36	2547372
1788513758.366476749	cycle1	train	323223	36	2647864
1788513758.366476749	cycle1	train	325065	14	3031088
1788513758.629801804	cycle1	train	317109	36	2547372
1788513758.629801804	cycle1	train	323223	36	2647864
1788513758.629801804	cycle1	train	325065	14	3031088
1788513758.886884359	cycle1	train	317109	36	2547372
1788513758.886884359	cycle1	train	323223	36	2647864
1788513758.886884359	cycle1	train	325065	14	3031088
1788513759.149772176	cycle1	train	317109	36	2547372
1788513759.149772176	cycle1	train	323223	36	2647864
1788513759.149772176	cycle1	train	325065	14	3031088
1788513759.408401451	cycle1	train	317109	36	2547372
1788513759.408401451	cycle1	train	323223	36	2647864
1788513759.408401451	cycle1	train	325065	14	3031088
1788513759.669983404	cycle1	train	317109	36	2547372
1788513759.669983404	cycle1	train	323223	36	2647864
1788513759.669983404	cycle1	train	325065	14	3031088
1788513759.925754874	cycle1	train	317109	36	2547372
1788513759.925754874	cycle1	train	323223	36	2647864
1788513759.925754874	cycle1	train	325065	14	3031088
1788513760.186659447	cycle1	train	317109	36	2554540
1788513760.186659447	cycle1	train	323223	36	2647864
1788513760.186659447	cycle1	train	325065	14	3031088
1788513760.443688335	cycle1	train	317109	36	2554540
1788513760.443688335	cycle1	train	323223	36	2647864
1788513760.443688335	cycle1	train	325065	14	3031088
1788513760.704226031	cycle1	train	317109	36	2554540
1788513760.704226031	cycle1	train	323223	36	2647864
1788513760.704226031	cycle1	train	325065	14	3031088
1788513760.958695807	cycle1	train	317109	36	2554540
1788513760.958695807	cycle1	train	323223	36	2647864
1788513760.958695807	cycle1	train	325065	14	3031088
1788513761.218777625	cycle1	train	317109	36	2554540
1788513761.218777625	cycle1	train	323223	36	2647864
1788513761.218777625	cycle1	train	325065	14	3031088
1788513761.479308151	cycle1	train	317109	36	2554540
1788513761.479308151	cycle1	train	323223	36	2647864
1788513761.479308151	cycle1	train	325065	14	3031088
1788513761.737428451	cycle1	train	317109	36	2554540
1788513761.737428451	cycle1	train	323223	36	2647864
1788513761.737428451	cycle1	train	325065	14	3031088
1788513761.993194835	cycle1	train	317109	36	2554540
1788513761.993194835	cycle1	train	323223	36	2647864
1788513761.993194835	cycle1	train	325065	14	3031088
1788513762.248043304	cycle1	train	317109	36	2554540
1788513762.248043304	cycle1	train	323223	36	2647864
1788513762.248043304	cycle1	train	325065	14	3031088
1788513762.506509221	cycle1	train	317109	36	2554540
1788513762.506509221	cycle1	train	323223	36	2647864
1788513762.506509221	cycle1	train	325065	14	3031088
1788513762.764093630	cycle1	train	317109	36	2554540
1788513762.764093630	cycle1	train	323223	36	2647864
1788513762.764093630	cycle1	train	325065	14	3031088
1788513763.020857423	cycle1	train	317109	36	2554540
1788513763.020857423	cycle1	train	323223	36	2647864
1788513763.020857423	cycle1	train	325065	14	3031088
1788513763.277689433	cycle1	train	317109	36	2554540
1788513763.277689433	cycle1	train	323223	36	2647864
1788513763.277689433	cycle1	train	325065	14	3031088
1788513763.532477977	cycle1	train	317109	36	2554540
1788513763.532477977	cycle1	train	323223	36	2647864
1788513763.532477977	cycle1	train	325065	14	3031088
1788513763.790514788	cycle1	train	317109	36	2554540
1788513763.790514788	cycle1	train	323223	36	2647864
1788513763.790514788	cycle1	train	325065	14	3031088
1788513764.045603142	cycle1	train	317109	36	2554540
1788513764.045603142	cycle1	train	323223	36	2647864
1788513764.045603142	cycle1	train	325065	14	3031088
1788513764.303561605	cycle1	train	317109	36	2554540
1788513764.303561605	cycle1	train	323223	36	2647864
1788513764.303561605	cycle1	train	325065	14	3031088
1788513764.559855827	cycle1	train	317109	36	2554540
1788513764.559855827	cycle1	train	323223	36	2647864
1788513764.559855827	cycle1	train	325065	14	3031088
1788513764.818895914	cycle1	train	317109	36	2554540
1788513764.818895914	cycle1	train	323223	36	2647864
1788513764.818895914	cycle1	train	325065	14	3031088
1788513765.081179995	cycle1	train	317109	36	2554540
1788513765.081179995	cycle1	train	323223	36	2647864
1788513765.081179995	cycle1	train	325065	14	3031088
1788513765.346798959	cycle1	train	317109	36	2554540
1788513765.346798959	cycle1	train	323223	36	2647864
1788513765.346798959	cycle1	train	325065	14	3031088
1788513765.608018469	cycle1	train	317109	36	2554540
1788513765.608018469	cycle1	train	323223	36	2647864
1788513765.608018469	cycle1	train	325065	14	3031088
1788513765.871856986	cycle1	train	317109	36	2554540
1788513765.871856986	cycle1	train	323223	36	2647864
1788513765.871856986	cycle1	train	325065	14	3031088
1788513766.136768996	cycle1	train	317109	36	2554540
1788513766.136768996	cycle1	train	323223	36	2647864
1788513766.136768996	cycle1	train	325065	14	3031088
1788513766.391436591	cycle1	train	317109	36	2554540
1788513766.391436591	cycle1	train	323223	36	2647864
1788513766.391436591	cycle1	train	325065	14	3031088
1788513766.646781186	cycle1	train	317109	36	2554540
1788513766.646781186	cycle1	train	323223	36	2647864
1788513766.646781186	cycle1	train	325065	14	3031088
1788513766.915148592	cycle1	train	317109	36	2554540
1788513766.915148592	cycle1	train	323223	36	2647864
1788513766.915148592	cycle1	train	325065	14	3031088
1788513767.170535915	cycle1	train	317109	36	2554540
1788513767.170535915	cycle1	train	323223	36	2647864
1788513767.170535915	cycle1	train	325065	14	3031088
1788513767.425990525	cycle1	train	317109	36	2554540
1788513767.425990525	cycle1	train	323223	36	2647864
1788513767.425990525	cycle1	train	325065	14	3031088
1788513767.686958841	cycle1	train	317109	36	2554540
1788513767.686958841	cycle1	train	323223	36	2647864
1788513767.686958841	cycle1	train	325065	14	3031088
1788513767.946338858	cycle1	train	317109	36	2554540
1788513767.946338858	cycle1	train	323223	36	2647864
1788513767.946338858	cycle1	train	325065	14	3031088
1788513768.210083832	cycle1	train	317109	36	2554540
1788513768.210083832	cycle1	train	323223	36	2647864
1788513768.210083832	cycle1	train	325065	14	3087676
1788513768.467814298	cycle1	train	317109	36	2554540
1788513768.467814298	cycle1	train	323223	36	2647864
1788513768.467814298	cycle1	train	325065	14	3110084
1788513768.729474204	cycle1	train	317109	36	2554540
1788513768.729474204	cycle1	train	323223	36	2647864
1788513768.729474204	cycle1	train	325065	14	3110084
1788513768.988824721	cycle1	train	317109	36	2554540
1788513768.988824721	cycle1	train	323223	36	2647864
1788513768.988824721	cycle1	train	325065	14	3113156
1788513769.252436238	cycle1	train	317109	36	2554540
1788513769.252436238	cycle1	train	323223	36	2647864
1788513769.252436238	cycle1	train	325065	14	3113156
1788513769.507638341	cycle1	train	317109	36	2554540
1788513769.507638341	cycle1	train	323223	36	2647864
1788513769.507638341	cycle1	train	325065	14	3113156
1788513769.770544138	cycle1	train	317109	36	2554540
1788513769.770544138	cycle1	train	323223	36	2647864
1788513769.770544138	cycle1	train	325065	14	3113156
1788513770.028092942	cycle1	train	317109	36	2554540
1788513770.028092942	cycle1	train	323223	36	2647864
1788513770.028092942	cycle1	train	325065	14	3114180
1788513770.284116485	cycle1	train	317109	36	2556588
1788513770.284116485	cycle1	train	323223	36	2647864
1788513770.284116485	cycle1	train	325065	14	3116228
1788513770.539143658	cycle1	train	317109	36	2560684
1788513770.539143658	cycle1	train	323223	36	2647864
1788513770.539143658	cycle1	train	325065	14	3120324
1788513770.794152157	cycle1	train	317109	36	2560684
1788513770.794152157	cycle1	train	323223	36	2647864
1788513770.794152157	cycle1	train	325065	14	3121348
1788513771.051774598	cycle1	train	317109	36	2560684
1788513771.051774598	cycle1	train	323223	36	2647864
1788513771.051774598	cycle1	train	325065	14	3121348
1788513771.307821221	cycle1	train	317109	36	2560684
1788513771.307821221	cycle1	train	323223	36	2647864
1788513771.307821221	cycle1	train	325065	14	3121348
1788513771.563156927	cycle1	train	317109	36	2560684
1788513771.563156927	cycle1	train	323223	36	2647864
1788513771.563156927	cycle1	train	325065	14	3121348
1788513771.822792477	cycle1	train	317109	36	2560684
1788513771.822792477	cycle1	train	323223	36	2647864
1788513771.822792477	cycle1	train	325065	14	3121348
1788513772.089548662	cycle1	train	317109	36	2560684
1788513772.089548662	cycle1	train	323223	36	2647864
1788513772.089548662	cycle1	train	325065	14	3121348
1788513772.350168109	cycle1	train	317109	36	2560684
1788513772.350168109	cycle1	train	323223	36	2647864
1788513772.350168109	cycle1	train	325065	14	3121348
1788513772.618083397	cycle1	train	317109	36	2560684
1788513772.618083397	cycle1	train	323223	36	2647864
1788513772.618083397	cycle1	train	325065	14	3121348
1788513772.881975975	cycle1	train	317109	36	2560684
1788513772.881975975	cycle1	train	323223	36	2647864
1788513772.881975975	cycle1	train	325065	14	3121348
1788513773.146458946	cycle1	train	317109	36	2560684
1788513773.146458946	cycle1	train	323223	36	2647864
1788513773.146458946	cycle1	train	325065	14	3121348
1788513773.401093436	cycle1	train	317109	36	2560684
1788513773.401093436	cycle1	train	323223	36	2647864
1788513773.401093436	cycle1	train	325065	14	3121348
1788513773.656246529	cycle1	train	317109	36	2560684
1788513773.656246529	cycle1	train	323223	36	2647864
1788513773.656246529	cycle1	train	325065	14	3121348
1788513773.911371583	cycle1	train	317109	36	2560684
1788513773.911371583	cycle1	train	323223	36	2647864
1788513773.911371583	cycle1	train	325065	14	3126468
1788513774.172593094	cycle1	train	317109	36	2560684
1788513774.172593094	cycle1	train	323223	36	2647864
1788513774.172593094	cycle1	train	325065	14	3126468
1788513774.428333293	cycle1	train	317109	36	2560684
1788513774.428333293	cycle1	train	323223	36	2647864
1788513774.428333293	cycle1	train	325065	14	3126468
1788513774.684655609	cycle1	train	317109	36	2560684
1788513774.684655609	cycle1	train	323223	36	2647864
1788513774.684655609	cycle1	train	325065	14	3126468
1788513774.951879279	cycle1	train	317109	36	2560684
1788513774.951879279	cycle1	train	323223	36	2647864
1788513774.951879279	cycle1	train	325065	14	3126468
1788513775.218504843	cycle1	train	317109	36	2560684
1788513775.218504843	cycle1	train	323223	36	2647864
1788513775.218504843	cycle1	train	325065	14	3194180
1788513775.477881392	cycle1	train	317109	36	2560684
1788513775.477881392	cycle1	train	323223	36	2647864
1788513775.477881392	cycle1	train	325065	14	3246548
1788513775.739549507	cycle1	train	317109	36	2560684
1788513775.739549507	cycle1	train	323223	36	2647864
1788513775.739549507	cycle1	train	325065	14	3369032
1788513775.996875765	cycle1	train	317109	36	2560684
1788513775.996875765	cycle1	train	323223	36	2647864
1788513775.996875765	cycle1	train	325065	14	3369032
1788513776.263117454	cycle1	train	317109	36	2560684
1788513776.263117454	cycle1	train	323223	36	2647864
1788513776.263117454	cycle1	train	325065	14	3369032
1788513776.518306026	cycle1	train	317109	36	2560684
1788513776.518306026	cycle1	train	323223	36	2647864
1788513776.518306026	cycle1	train	325065	14	3370056
1788513776.776334585	cycle1	train	317109	36	2560684
1788513776.776334585	cycle1	train	323223	36	2647864
1788513776.776334585	cycle1	train	325065	14	3370056
1788513777.031361476	cycle1	train	317109	36	2560684
1788513777.031361476	cycle1	train	323223	36	2647864
1788513777.031361476	cycle1	train	325065	14	3370056
1788513777.289269262	cycle1	train	317109	36	2560684
1788513777.289269262	cycle1	train	323223	36	2647864
1788513777.289269262	cycle1	train	325065	14	3371080
1788513777.550054328	cycle1	train	317109	36	2560684
1788513777.550054328	cycle1	train	323223	36	2647864
1788513777.550054328	cycle1	train	325065	14	3375176
1788513777.808706208	cycle1	train	317109	36	2560684
1788513777.808706208	cycle1	train	323223	36	2647864
1788513777.808706208	cycle1	train	325065	14	3431856
1788513778.063638187	cycle1	train	317109	36	2560684
1788513778.063638187	cycle1	train	323223	36	2647864
1788513778.063638187	cycle1	train	325065	14	3434752
1788513778.327622161	cycle1	train	317109	36	2560684
1788513778.327622161	cycle1	train	323223	36	2647864
1788513778.327622161	cycle1	train	325065	14	3434752
1788513778.584209482	cycle1	train	317109	36	2560684
1788513778.584209482	cycle1	train	323223	36	2647864
1788513778.584209482	cycle1	train	325065	13	3434752
1788513778.841949762	cycle1	train	317109	36	2560684
1788513778.841949762	cycle1	train	323223	36	2647864
1788513778.841949762	cycle1	train	325065	13	3434752
1788513779.098423367	cycle1	train	317109	36	2560684
1788513779.098423367	cycle1	train	323223	36	2647864
1788513779.098423367	cycle1	train	325065	13	3434752
1788513779.360966003	cycle1	train	317109	36	2560684
1788513779.360966003	cycle1	train	323223	36	2647864
1788513779.360966003	cycle1	train	325065	13	3434752
1788513779.620425608	cycle1	train	317109	36	2560684
1788513779.620425608	cycle1	train	323223	36	2647864
1788513779.620425608	cycle1	train	325065	13	3434752
1788513779.882313371	cycle1	train	317109	36	2560684
1788513779.882313371	cycle1	train	323223	36	2647864
1788513779.882313371	cycle1	train	325065	13	3434752
1788513780.139881096	cycle1	train	317109	36	2560684
1788513780.139881096	cycle1	train	323223	36	2647864
1788513780.139881096	cycle1	train	325065	13	3434752
1788513780.399090030	cycle1	train	317109	36	2560684
1788513780.399090030	cycle1	train	323223	36	2647864
1788513780.399090030	cycle1	train	325065	13	3434752
1788513780.659297874	cycle1	train	317109	36	2561708
1788513780.659297874	cycle1	train	323223	36	2647864
1788513780.659297874	cycle1	train	325065	13	3434752
1788513780.915146000	cycle1	train	317109	36	2561708
1788513780.915146000	cycle1	train	323223	36	2647864
1788513780.915146000	cycle1	train	325065	13	3434752
1788513781.170544343	cycle1	train	317109	36	2561708
1788513781.170544343	cycle1	train	323223	36	2647864
1788513781.170544343	cycle1	train	325065	13	3434752
1788513781.435697902	cycle1	train	317109	36	2561708
1788513781.435697902	cycle1	train	323223	36	2647864
1788513781.435697902	cycle1	train	325065	13	3434752
1788513781.693349037	cycle1	train	317109	36	2561708
1788513781.693349037	cycle1	train	323223	36	2647864
1788513781.693349037	cycle1	train	325065	13	3434752
1788513781.956567082	cycle1	train	317109	36	2561708
1788513781.956567082	cycle1	train	323223	36	2647864
1788513781.956567082	cycle1	train	325065	13	3434752
1788513782.215689668	cycle1	train	317109	36	2561708
1788513782.215689668	cycle1	train	323223	36	2647864
1788513782.215689668	cycle1	train	325065	13	3434752
1788513782.474086662	cycle1	train	317109	36	2561708
1788513782.474086662	cycle1	train	323223	36	2647864
1788513782.474086662	cycle1	train	325065	12	3431924
1788513782.728425834	cycle1	train	317109	36	2561708
1788513782.728425834	cycle1	train	323223	36	2647864
1788513782.728425834	cycle1	train	325065	12	3431924
1788513782.990028883	cycle1	train	317109	36	2561708
1788513782.990028883	cycle1	train	323223	36	2647864
1788513782.990028883	cycle1	train	325065	12	3431924
1788513783.246768414	cycle1	train	317109	36	2561708
1788513783.246768414	cycle1	train	323223	36	2647864
1788513783.246768414	cycle1	train	325065	12	3431924
1788513783.505174343	cycle1	train	317109	36	2561708
1788513783.505174343	cycle1	train	323223	36	2647864
1788513783.505174343	cycle1	train	325065	12	3431924
1788513783.759547926	cycle1	train	317109	36	2561708
1788513783.759547926	cycle1	train	323223	36	2647864
1788513783.759547926	cycle1	train	325065	12	3431924
1788513784.017933915	cycle1	train	317109	36	2561708
1788513784.017933915	cycle1	train	323223	36	2647864
1788513784.017933915	cycle1	train	325065	12	3431924
1788513784.276198182	cycle1	train	317109	36	2561708
1788513784.276198182	cycle1	train	323223	36	2647864
1788513784.276198182	cycle1	train	325065	12	3375124
1788513784.536653389	cycle1	train	317109	36	2561708
1788513784.536653389	cycle1	train	323223	36	2647864
1788513784.536653389	cycle1	train	325065	12	3154664
1788513784.798112370	cycle1	train	317109	36	2561708
1788513784.798112370	cycle1	train	323223	36	2647864
1788513784.798112370	cycle1	train	325065	12	3080816
1788513785.060098912	cycle1	train	317109	36	2561708
1788513785.060098912	cycle1	train	323223	36	2647864
1788513785.323385285	cycle1	train	317109	36	2561708
1788513785.323385285	cycle1	train	323223	36	2647864
1788513785.580745710	cycle1	train	317109	36	2561708
1788513785.580745710	cycle1	train	323223	36	2647864
1788513785.839224468	cycle1	train	317109	36	2561708
1788513785.839224468	cycle1	train	323223	36	2647864
1788513786.093626324	cycle1	train	317109	36	2561708
1788513786.093626324	cycle1	train	323223	36	2647864
1788513786.353544300	cycle1	train	317109	36	2561708
1788513786.353544300	cycle1	train	323223	36	2647864
1788513786.610154898	cycle1	train	317109	36	2561708
1788513786.610154898	cycle1	train	323223	36	2647864
1788513786.863354677	cycle1	train	317109	36	2561708
1788513786.863354677	cycle1	train	323223	36	2647864
1788513787.119861481	cycle1	train	317109	36	2561708
1788513787.119861481	cycle1	train	323223	36	2647864
1788513787.376434301	cycle1	train	317109	36	2561708
1788513787.376434301	cycle1	train	323223	36	2647864
1788513787.640986869	cycle1	train	317109	36	2561708
1788513787.640986869	cycle1	train	323223	36	2647864
1788513787.900771044	cycle1	train	317109	36	2561708
1788513787.900771044	cycle1	train	323223	36	2647864
1788513788.162333707	cycle1	train	317109	36	2561708
1788513788.162333707	cycle1	train	323223	36	2647864
1788513788.425578187	cycle1	train	317109	36	2561708
1788513788.425578187	cycle1	train	323223	36	2647864
1788513788.687823005	cycle1	train	317109	36	2561708
1788513788.687823005	cycle1	train	323223	36	2647864
1788513788.946601678	cycle1	train	317109	36	2561708
1788513788.946601678	cycle1	train	323223	36	2647864
1788513789.210680107	cycle1	train	317109	36	2561708
1788513789.210680107	cycle1	train	323223	36	2647864
1788513789.475209831	cycle1	train	317109	36	2561708
1788513789.475209831	cycle1	train	323223	36	2647864
1788513789.733922372	cycle1	train	317109	36	2561708
1788513789.733922372	cycle1	train	323223	36	2647864
1788513789.992109567	cycle1	train	317109	36	2561708
1788513789.992109567	cycle1	train	323223	36	2647864
1788513790.248984162	cycle1	train	317109	36	2561708
1788513790.248984162	cycle1	train	323223	36	2647864
1788513790.513957739	cycle1	train	317109	36	2561708
1788513790.513957739	cycle1	train	323223	36	2647864
1788513790.773364194	cycle1	train	317109	36	2567852
1788513790.773364194	cycle1	train	323223	36	2647864
1788513791.029646429	cycle1	train	317109	36	2567852
1788513791.029646429	cycle1	train	323223	36	2647864
1788513791.290742216	cycle1	train	317109	36	2567852
1788513791.290742216	cycle1	train	323223	36	2647864
1788513791.547267095	cycle1	train	317109	36	2567852
1788513791.547267095	cycle1	train	323223	36	2647864
1788513791.803488324	cycle1	train	317109	36	2567852
1788513791.803488324	cycle1	train	323223	36	2647864
1788513792.055717085	cycle1	train	317109	36	2567852
1788513792.055717085	cycle1	train	323223	36	2647864
1788513792.308926172	cycle1	train	317109	36	2567852
1788513792.308926172	cycle1	train	323223	36	2647864
1788513792.565019794	cycle1	train	317109	36	2567852
1788513792.565019794	cycle1	train	323223	36	2647864
1788513792.821319811	cycle1	train	317109	36	2567852
1788513792.821319811	cycle1	train	323223	36	2647864
1788513793.086639086	cycle1	train	317109	36	2567852
1788513793.086639086	cycle1	train	323223	36	2647864
1788513793.339203076	cycle1	train	317109	36	2567852
1788513793.339203076	cycle1	train	323223	36	2647864
1788513793.596341152	cycle1	train	317109	36	2567852
1788513793.596341152	cycle1	train	323223	36	2647864
1788513793.855112256	cycle1	train	317109	36	2567852
1788513793.855112256	cycle1	train	323223	36	2647864
1788513794.112634070	cycle1	train	317109	36	2567852
1788513794.112634070	cycle1	train	323223	36	2647864
1788513794.365591820	cycle1	train	317109	36	2567852
1788513794.365591820	cycle1	train	323223	36	2647864
1788513794.622996944	cycle1	train	317109	36	2567852
1788513794.622996944	cycle1	train	323223	36	2647864
1788513794.886832924	cycle1	train	317109	36	2567852
1788513794.886832924	cycle1	train	323223	36	2647864
1788513795.142651168	cycle1	train	317109	36	2567852
1788513795.142651168	cycle1	train	323223	36	2647864
1788513795.397215139	cycle1	train	317109	36	2567852
1788513795.397215139	cycle1	train	323223	36	2647864
1788513795.653613886	cycle1	train	317109	36	2567852
1788513795.653613886	cycle1	train	323223	36	2647864
1788513795.908627216	cycle1	train	317109	36	2567852
1788513795.908627216	cycle1	train	323223	36	2647864
1788513796.161170217	cycle1	train	317109	36	2567852
1788513796.161170217	cycle1	train	323223	36	2647864
1788513796.413774272	cycle1	train	317109	36	2567852
1788513796.413774272	cycle1	train	323223	36	2647864
1788513796.666633338	cycle1	train	317109	36	2567852
1788513796.666633338	cycle1	train	323223	36	2647864
1788513796.923602409	cycle1	train	317109	36	2567852
1788513796.923602409	cycle1	train	323223	36	2647864
1788513797.182208108	cycle1	train	317109	36	2567852
1788513797.182208108	cycle1	train	323223	36	2647864
1788513797.433876932	cycle1	train	317109	36	2567852
1788513797.433876932	cycle1	train	323223	36	2647864
1788513797.688461540	cycle1	train	317109	36	2567852
1788513797.688461540	cycle1	train	323223	36	2647864
1788513797.947755963	cycle2	train	317109	36	2567852
1788513797.947755963	cycle2	train	323223	36	2647864
1788513798.203236081	cycle2	train	317109	36	2567852
1788513798.203236081	cycle2	train	323223	36	2647864
1788513798.455765307	cycle2	train	317109	36	2567852
1788513798.455765307	cycle2	train	323223	36	2647864
1788513798.717277155	cycle2	train	317109	36	2567852
1788513798.717277155	cycle2	train	323223	36	2647864
1788513798.974187747	cycle2	train	317109	36	2567852
1788513798.974187747	cycle2	train	323223	36	2647864
1788513799.227970211	cycle2	train	317109	36	2567852
1788513799.227970211	cycle2	train	323223	36	2647864
1788513799.482794033	cycle2	train	317109	36	2567852
1788513799.482794033	cycle2	train	323223	36	2647864
1788513799.738510770	cycle2	train	317109	36	2567852
1788513799.738510770	cycle2	train	323223	36	2647864
1788513799.994027956	cycle2	train	317109	36	2567852
1788513799.994027956	cycle2	train	323223	36	2647864
1788513800.251868437	cycle2	train	317109	36	2567852
1788513800.251868437	cycle2	train	323223	36	2647864
1788513800.251868437	cycle2	gatekeeper	328662	3	265984
1788513800.505888530	cycle2	train	317109	36	2567852
1788513800.505888530	cycle2	train	323223	36	2647864
1788513800.505888530	cycle2	gatekeeper	328662	3	265984
1788513800.760157357	cycle2	train	317109	36	2567852
1788513800.760157357	cycle2	train	323223	36	2647864
1788513800.760157357	cycle2	gatekeeper	328662	4	334592
1788513801.015694882	cycle2	train	317109	36	2572972
1788513801.015694882	cycle2	train	323223	36	2647864
1788513801.015694882	cycle2	gatekeeper	328662	5	555816
1788513801.268204671	cycle2	train	317109	36	2572972
1788513801.268204671	cycle2	train	323223	36	2647864
1788513801.268204671	cycle2	gatekeeper	328662	5	889152
1788513801.532779664	cycle2	train	317109	36	2572972
1788513801.532779664	cycle2	train	323223	36	2647864
1788513801.532779664	cycle2	gatekeeper	328662	25	1450964
1788513801.795720619	cycle2	train	317109	36	2572972
1788513801.795720619	cycle2	train	323223	36	2647864
1788513801.795720619	cycle2	gatekeeper	328662	25	1467348
1788513802.061745627	cycle2	train	317109	36	2572972
1788513802.061745627	cycle2	train	323223	36	2647864
1788513802.061745627	cycle2	gatekeeper	328662	25	1483732
1788513802.317188084	cycle2	train	317109	36	2572972
1788513802.317188084	cycle2	train	323223	36	2647864
1788513802.317188084	cycle2	gatekeeper	328662	25	1498068
1788513802.570648660	cycle2	train	317109	36	2572972
1788513802.570648660	cycle2	train	323223	36	2647864
1788513802.570648660	cycle2	gatekeeper	328662	25	1514452
1788513802.833248237	cycle2	train	317109	36	2572972
1788513802.833248237	cycle2	train	323223	36	2647864
1788513802.833248237	cycle2	gatekeeper	328662	25	1533908
1788513803.093054004	cycle2	train	317109	36	2572972
1788513803.093054004	cycle2	train	323223	36	2647864
1788513803.093054004	cycle2	gatekeeper	328662	25	1550292
1788513803.351511637	cycle2	train	317109	36	2572972
1788513803.351511637	cycle2	train	323223	36	2647864
1788513803.351511637	cycle2	gatekeeper	328662	25	1565652
1788513803.604279139	cycle2	train	317109	36	2572972
1788513803.604279139	cycle2	train	323223	36	2647864
1788513803.604279139	cycle2	gatekeeper	328662	25	1583060
1788513803.858146570	cycle2	train	317109	36	2572972
1788513803.858146570	cycle2	train	323223	36	2647864
1788513803.858146570	cycle2	gatekeeper	328662	25	1599444
1788513804.117420536	cycle2	train	317109	36	2572972
1788513804.117420536	cycle2	train	323223	36	2647864
1788513804.117420536	cycle2	gatekeeper	328662	25	1615828
1788513804.384668979	cycle2	train	317109	36	2572972
1788513804.384668979	cycle2	train	323223	36	2647864
1788513804.384668979	cycle2	gatekeeper	328662	25	1632212
1788513804.651188005	cycle2	train	317109	36	2572972
1788513804.651188005	cycle2	train	323223	36	2647864
1788513804.651188005	cycle2	gatekeeper	328662	25	1649620
1788513804.918268040	cycle2	train	317109	36	2572972
1788513804.918268040	cycle2	train	323223	36	2647864
1788513804.918268040	cycle2	gatekeeper	328662	25	1664980
1788513805.184955323	cycle2	train	317109	36	2572972
1788513805.184955323	cycle2	train	323223	36	2647864
1788513805.184955323	cycle2	gatekeeper	328662	25	1682388
1788513805.444767916	cycle2	train	317109	36	2572972
1788513805.444767916	cycle2	train	323223	36	2647864
1788513805.444767916	cycle2	gatekeeper	328662	25	1697748
1788513805.698552257	cycle2	train	317109	36	2572972
1788513805.698552257	cycle2	train	323223	36	2647864
1788513805.698552257	cycle2	gatekeeper	328662	25	1714132
1788513805.960901148	cycle2	train	317109	36	2572972
1788513805.960901148	cycle2	train	323223	36	2647864
1788513805.960901148	cycle2	gatekeeper	328662	25	1729492
1788513806.221709758	cycle2	train	317109	36	2572972
1788513806.221709758	cycle2	train	323223	36	2647864
1788513806.221709758	cycle2	gatekeeper	328662	25	1745876
1788513806.479002646	cycle2	train	317109	36	2572972
1788513806.479002646	cycle2	train	323223	36	2647864
1788513806.479002646	cycle2	gatekeeper	328662	25	1761236
1788513806.743628249	cycle2	train	317109	36	2572972
1788513806.743628249	cycle2	train	323223	36	2647864
1788513806.743628249	cycle2	gatekeeper	328662	25	1777620
1788513807.003989067	cycle2	train	317109	36	2572972
1788513807.003989067	cycle2	train	323223	36	2647864
1788513807.003989067	cycle2	gatekeeper	328662	25	1796052
1788513807.269112446	cycle2	train	317109	36	2572972
1788513807.269112446	cycle2	train	323223	36	2647864
1788513807.269112446	cycle2	gatekeeper	328662	25	1815508
1788513807.524052564	cycle2	train	317109	36	2572972
1788513807.524052564	cycle2	train	323223	36	2647864
1788513807.524052564	cycle2	gatekeeper	328662	25	1837384
1788513807.786344371	cycle2	train	317109	36	2572972
1788513807.786344371	cycle2	train	323223	36	2647864
1788513807.786344371	cycle2	gatekeeper	328662	25	1855184
1788513808.044641470	cycle2	train	317109	36	2572972
1788513808.044641470	cycle2	train	323223	36	2647864
1788513808.044641470	cycle2	gatekeeper	328662	25	1871568
1788513808.304115284	cycle2	train	317109	36	2572972
1788513808.304115284	cycle2	train	323223	36	2647864
1788513808.304115284	cycle2	gatekeeper	328662	25	1886928
1788513808.569601821	cycle2	train	317109	36	2572972
1788513808.569601821	cycle2	train	323223	36	2647864
1788513808.569601821	cycle2	gatekeeper	328662	25	1902288
1788513808.834980062	cycle2	train	317109	36	2572972
1788513808.834980062	cycle2	train	323223	36	2647864
1788513808.834980062	cycle2	gatekeeper	328662	25	1918672
1788513809.096147747	cycle2	train	317109	36	2572972
1788513809.096147747	cycle2	train	323223	36	2647864
1788513809.096147747	cycle2	gatekeeper	328662	25	1935056
1788513809.361287985	cycle2	train	317109	36	2572972
1788513809.361287985	cycle2	train	323223	36	2647864
1788513809.361287985	cycle2	gatekeeper	328662	25	1956576
1788513809.619238880	cycle2	train	317109	36	2572972
1788513809.619238880	cycle2	train	323223	36	2647864
1788513809.619238880	cycle2	gatekeeper	328662	25	1976176
1788513809.885675245	cycle2	train	317109	36	2572972
1788513809.885675245	cycle2	train	323223	36	2647864
1788513809.885675245	cycle2	gatekeeper	328662	25	1991536
1788513810.143291519	cycle2	train	317109	36	2572972
1788513810.143291519	cycle2	train	323223	36	2647864
1788513810.143291519	cycle2	gatekeeper	328662	25	2007920
1788513810.404409917	cycle2	train	317109	36	2572972
1788513810.404409917	cycle2	train	323223	36	2647864
1788513810.404409917	cycle2	gatekeeper	328662	25	2022256
1788513810.656921245	cycle2	train	317109	36	2572972
1788513810.656921245	cycle2	train	323223	36	2647864
1788513810.656921245	cycle2	gatekeeper	328662	25	2037616
1788513810.918921197	cycle2	train	317109	36	2572972
1788513810.918921197	cycle2	train	323223	36	2647864
1788513810.918921197	cycle2	gatekeeper	328662	25	2054000
1788513811.180180053	cycle2	train	317109	36	2572972
1788513811.180180053	cycle2	train	323223	36	2647864
1788513811.180180053	cycle2	gatekeeper	328662	25	2072028
1788513811.445074138	cycle2	train	317109	36	2578092
1788513811.445074138	cycle2	train	323223	36	2647864
1788513811.445074138	cycle2	gatekeeper	328662	25	2092920
1788513811.711170025	cycle2	train	317109	36	2578092
1788513811.711170025	cycle2	train	323223	36	2647864
1788513811.711170025	cycle2	gatekeeper	328662	25	2109304
1788513811.976953288	cycle2	train	317109	36	2578092
1788513811.976953288	cycle2	train	323223	36	2647864
1788513811.976953288	cycle2	gatekeeper	328662	25	2124664
1788513812.241116830	cycle2	train	317109	36	2578092
1788513812.241116830	cycle2	train	323223	36	2647864
1788513812.241116830	cycle2	gatekeeper	328662	25	2142168
1788513812.513097619	cycle2	train	317109	36	2578092
1788513812.513097619	cycle2	train	323223	36	2647864
1788513812.513097619	cycle2	gatekeeper	328662	25	2157528
1788513812.772388220	cycle2	train	317109	36	2578092
1788513812.772388220	cycle2	train	323223	36	2647864
1788513812.772388220	cycle2	gatekeeper	328662	25	2172888
1788513813.039432207	cycle2	train	317109	36	2578092
1788513813.039432207	cycle2	train	323223	36	2647864
1788513813.039432207	cycle2	gatekeeper	328662	25	2188248
1788513813.300977295	cycle2	train	317109	36	2578092
1788513813.300977295	cycle2	train	323223	36	2647864
1788513813.300977295	cycle2	gatekeeper	328662	25	2199512
1788513813.568549860	cycle2	train	317109	36	2578092
1788513813.568549860	cycle2	train	323223	36	2647864
1788513813.568549860	cycle2	gatekeeper	328662	25	2215896
1788513813.825223703	cycle2	train	317109	36	2578092
1788513813.825223703	cycle2	train	323223	36	2647864
1788513813.825223703	cycle2	gatekeeper	328662	25	2230232
1788513814.087179985	cycle2	train	317109	36	2578092
1788513814.087179985	cycle2	train	323223	36	2647864
1788513814.087179985	cycle2	gatekeeper	328662	25	2245592
1788513814.350152186	cycle2	train	317109	36	2578092
1788513814.350152186	cycle2	train	323223	36	2647864
1788513814.350152186	cycle2	gatekeeper	328662	25	2258904
1788513814.615039295	cycle2	train	317109	36	2578092
1788513814.615039295	cycle2	train	323223	36	2647864
1788513814.615039295	cycle2	gatekeeper	328662	25	2274264
1788513814.883639438	cycle2	train	317109	36	2578092
1788513814.883639438	cycle2	train	323223	36	2647864
1788513814.883639438	cycle2	gatekeeper	328662	25	2288600
1788513815.140806945	cycle2	train	317109	36	2578092
1788513815.140806945	cycle2	train	323223	36	2647864
1788513815.140806945	cycle2	gatekeeper	328662	25	2303960
1788513815.400250258	cycle2	train	317109	36	2578092
1788513815.400250258	cycle2	train	323223	36	2647864
1788513815.400250258	cycle2	gatekeeper	328662	25	2318296
1788513815.661033998	cycle2	train	317109	36	2578092
1788513815.661033998	cycle2	train	323223	36	2647864
1788513815.661033998	cycle2	gatekeeper	328662	25	2332632
1788513815.926994881	cycle2	train	317109	36	2578092
1788513815.926994881	cycle2	train	323223	36	2647864
1788513815.926994881	cycle2	gatekeeper	328662	25	2347992
1788513816.180897080	cycle2	train	317109	36	2578092
1788513816.180897080	cycle2	train	323223	36	2647864
1788513816.180897080	cycle2	gatekeeper	328662	25	2362328
1788513816.439223122	cycle2	train	317109	36	2578092
1788513816.439223122	cycle2	train	323223	36	2647864
1788513816.439223122	cycle2	gatekeeper	328662	25	2376664
1788513816.705432821	cycle2	train	317109	36	2578092
1788513816.705432821	cycle2	train	323223	36	2647864
1788513816.705432821	cycle2	gatekeeper	328662	25	2392024
1788513816.959853422	cycle2	train	317109	36	2578092
1788513816.959853422	cycle2	train	323223	36	2647864
1788513816.959853422	cycle2	gatekeeper	328662	25	2404312
1788513817.218397012	cycle2	train	317109	36	2578092
1788513817.218397012	cycle2	train	323223	36	2647864
1788513817.218397012	cycle2	gatekeeper	328662	25	2420696
1788513817.489454120	cycle2	train	317109	36	2578092
1788513817.489454120	cycle2	train	323223	36	2647864
1788513817.489454120	cycle2	gatekeeper	328662	25	2434008
1788513817.754684205	cycle2	train	317109	36	2578092
1788513817.754684205	cycle2	train	323223	36	2647864
1788513817.754684205	cycle2	gatekeeper	328662	25	2448344
1788513818.021515477	cycle2	train	317109	36	2578092
1788513818.021515477	cycle2	train	323223	36	2647864
1788513818.021515477	cycle2	gatekeeper	328662	25	2461656
1788513818.281278310	cycle2	train	317109	36	2578092
1788513818.281278310	cycle2	train	323223	36	2647864
1788513818.281278310	cycle2	gatekeeper	328662	25	2475992
1788513818.544528067	cycle2	train	317109	36	2578092
1788513818.544528067	cycle2	train	323223	36	2647864
1788513818.544528067	cycle2	gatekeeper	328662	25	2490328
1788513818.806543905	cycle2	train	317109	36	2578092
1788513818.806543905	cycle2	train	323223	36	2647864
1788513818.806543905	cycle2	gatekeeper	328662	25	2505688
1788513819.068014797	cycle2	train	317109	36	2578092
1788513819.068014797	cycle2	train	323223	36	2647864
1788513819.068014797	cycle2	gatekeeper	328662	25	2519000
1788513819.322135970	cycle2	train	317109	36	2578092
1788513819.322135970	cycle2	train	323223	36	2647864
1788513819.322135970	cycle2	gatekeeper	328662	25	2533336
1788513819.587507860	cycle2	train	317109	36	2578092
1788513819.587507860	cycle2	train	323223	36	2647864
1788513819.587507860	cycle2	gatekeeper	328662	25	2549824
1788513819.855602913	cycle2	train	317109	36	2578092
1788513819.855602913	cycle2	train	323223	36	2647864
1788513819.855602913	cycle2	gatekeeper	328662	25	2564160
1788513820.113284548	cycle2	train	317109	36	2578092
1788513820.113284548	cycle2	train	323223	36	2647864
1788513820.113284548	cycle2	gatekeeper	328662	25	2577472
1788513820.367137672	cycle2	train	317109	36	2578092
1788513820.367137672	cycle2	train	323223	36	2647864
1788513820.367137672	cycle2	gatekeeper	328662	25	2590784
1788513820.636111316	cycle2	train	317109	36	2578092
1788513820.636111316	cycle2	train	323223	36	2647864
1788513820.636111316	cycle2	gatekeeper	328662	25	2605120
1788513820.899621815	cycle2	train	317109	36	2578092
1788513820.899621815	cycle2	train	323223	36	2647864
1788513820.899621815	cycle2	gatekeeper	328662	25	2619456
1788513821.164465886	cycle2	train	317109	36	2578092
1788513821.164465886	cycle2	train	323223	36	2647864
1788513821.164465886	cycle2	gatekeeper	328662	25	2633792
1788513821.421598282	cycle2	train	317109	36	2578092
1788513821.421598282	cycle2	train	323223	36	2647864
1788513821.421598282	cycle2	gatekeeper	328662	25	2647104
1788513821.687357156	cycle2	train	317109	36	2580140
1788513821.687357156	cycle2	train	323223	36	2647864
1788513821.687357156	cycle2	gatekeeper	328662	25	2660416
1788513821.959263839	cycle2	train	317109	36	2580140
1788513821.959263839	cycle2	train	323223	36	2647864
1788513821.959263839	cycle2	gatekeeper	328662	25	2675776
1788513822.216002081	cycle2	train	317109	36	2580140
1788513822.216002081	cycle2	train	323223	36	2647864
1788513822.216002081	cycle2	gatekeeper	328662	25	2689088
1788513822.472866676	cycle2	train	317109	36	2580140
1788513822.472866676	cycle2	train	323223	36	2647864
1788513822.472866676	cycle2	gatekeeper	328662	25	2701376
1788513822.733932960	cycle2	train	317109	36	2580140
1788513822.733932960	cycle2	train	323223	36	2651328
1788513822.733932960	cycle2	gatekeeper	328662	25	2715712
1788513823.002430936	cycle2	train	317109	36	2580140
1788513823.002430936	cycle2	train	323223	36	2653376
1788513823.002430936	cycle2	gatekeeper	328662	25	2729024
1788513823.261247438	cycle2	train	317109	36	2580140
1788513823.261247438	cycle2	train	323223	36	2655424
1788513823.261247438	cycle2	gatekeeper	328662	25	2742336
1788513823.517044034	cycle2	train	317109	36	2580140
1788513823.517044034	cycle2	train	323223	36	2656448
1788513823.517044034	cycle2	gatekeeper	328662	25	2755648
1788513823.777345610	cycle2	train	317109	36	2580140
1788513823.777345610	cycle2	train	323223	36	2656448
1788513823.777345610	cycle2	gatekeeper	328662	25	2768960
1788513824.045913330	cycle2	train	317109	36	2580140
1788513824.045913330	cycle2	train	323223	36	2656448
1788513824.045913330	cycle2	gatekeeper	328662	25	2781248
1788513824.303633176	cycle2	train	317109	36	2580140
1788513824.303633176	cycle2	train	323223	36	2656448
1788513824.303633176	cycle2	gatekeeper	328662	25	2795584
1788513824.561462106	cycle2	train	317109	36	2580140
1788513824.561462106	cycle2	train	323223	36	2656448
1788513824.561462106	cycle2	gatekeeper	328662	25	2808896
1788513824.817271068	cycle2	train	317109	36	2580140
1788513824.817271068	cycle2	train	323223	36	2643136
1788513824.817271068	cycle2	gatekeeper	328662	25	2822208
1788513825.082105595	cycle2	train	317109	36	2580140
1788513825.082105595	cycle2	train	323223	36	2643136
1788513825.082105595	cycle2	gatekeeper	328662	25	2836544
1788513825.344531699	cycle2	train	317109	36	2580140
1788513825.344531699	cycle2	train	323223	36	2647232
1788513825.344531699	cycle2	gatekeeper	328662	25	2848832
1788513825.602967634	cycle2	train	317109	36	2580140
1788513825.602967634	cycle2	train	323223	36	2647232
1788513825.602967634	cycle2	gatekeeper	328662	25	2861120
1788513825.867986016	cycle2	train	317109	36	2580140
1788513825.867986016	cycle2	train	323223	36	2648256
1788513825.867986016	cycle2	gatekeeper	328662	25	2874432
1788513826.134293280	cycle2	train	317109	36	2580140
1788513826.134293280	cycle2	train	323223	36	2648256
1788513826.134293280	cycle2	gatekeeper	328662	25	2888768
1788513826.396148688	cycle2	train	317109	36	2580140
1788513826.396148688	cycle2	train	323223	36	2648256
1788513826.396148688	cycle2	gatekeeper	328662	25	2901056
1788513826.656167669	cycle2	train	317109	36	2580140
1788513826.656167669	cycle2	train	323223	36	2648256
1788513826.656167669	cycle2	gatekeeper	328662	25	2913344
1788513826.915294164	cycle2	train	317109	36	2580140
1788513826.915294164	cycle2	train	323223	36	2648256
1788513826.915294164	cycle2	gatekeeper	328662	25	2927680
1788513827.178351264	cycle2	train	317109	36	2575676
1788513827.178351264	cycle2	train	323223	36	2648256
1788513827.178351264	cycle2	gatekeeper	328662	25	2939968
1788513827.439364935	cycle2	train	317109	36	2575676
1788513827.439364935	cycle2	train	323223	36	2648256
1788513827.439364935	cycle2	gatekeeper	328662	25	2952256
1788513827.699449720	cycle2	train	317109	36	2575676
1788513827.699449720	cycle2	train	323223	36	2648256
1788513827.699449720	cycle2	gatekeeper	328662	25	2964544
1788513827.959821831	cycle2	train	317109	36	2575676
1788513827.959821831	cycle2	train	323223	36	2648256
1788513827.959821831	cycle2	gatekeeper	328662	25	2978880
1788513828.254660152	cycle2	train	317109	36	2575676
1788513828.254660152	cycle2	train	323223	36	2648256
1788513828.254660152	cycle2	gatekeeper	328662	25	2991168
1788513828.509676885	cycle2	train	317109	36	2575676
1788513828.509676885	cycle2	train	323223	36	2648256
1788513828.509676885	cycle2	gatekeeper	328662	25	3003456
1788513828.772476662	cycle2	train	317109	36	2575676
1788513828.772476662	cycle2	train	323223	36	2648256
1788513828.772476662	cycle2	gatekeeper	328662	25	3017792
1788513829.042026228	cycle2	train	317109	36	2575676
1788513829.042026228	cycle2	train	323223	36	2648256
1788513829.042026228	cycle2	gatekeeper	328662	25	3030080
1788513829.305370315	cycle2	train	317109	36	2575676
1788513829.305370315	cycle2	train	323223	36	2648256
1788513829.305370315	cycle2	gatekeeper	328662	25	3042368
1788513829.569718084	cycle2	train	317109	36	2575676
1788513829.569718084	cycle2	train	323223	36	2648256
1788513829.569718084	cycle2	gatekeeper	328662	25	3055680
1788513829.825330919	cycle2	train	317109	36	2575676
1788513829.825330919	cycle2	train	323223	36	2648256
1788513829.825330919	cycle2	gatekeeper	328662	25	3067968
1788513830.086632103	cycle2	train	317109	36	2575676
1788513830.086632103	cycle2	train	323223	36	2648256
1788513830.086632103	cycle2	gatekeeper	328662	25	3080256
1788513830.343130123	cycle2	train	317109	36	2575676
1788513830.343130123	cycle2	train	323223	36	2648256
1788513830.343130123	cycle2	gatekeeper	328662	25	3092544
1788513830.601226033	cycle2	train	317109	36	2575676
1788513830.601226033	cycle2	train	323223	36	2648256
1788513830.601226033	cycle2	gatekeeper	328662	25	3104832
1788513830.862149974	cycle2	train	317109	36	2575676
1788513830.862149974	cycle2	train	323223	36	2648256
1788513830.862149974	cycle2	gatekeeper	328662	25	3118144
1788513831.125371542	cycle2	train	317109	36	2575676
1788513831.125371542	cycle2	train	323223	36	2648256
1788513831.125371542	cycle2	gatekeeper	328662	25	3131456
1788513831.398641612	cycle2	train	317109	36	2575676
1788513831.398641612	cycle2	train	323223	36	2648256
1788513831.398641612	cycle2	gatekeeper	328662	25	3144768
1788513831.655108558	cycle2	train	317109	36	2575676
1788513831.655108558	cycle2	train	323223	36	2648256
1788513831.655108558	cycle2	gatekeeper	328662	25	3157056
1788513831.913332958	cycle2	train	317109	36	2581820
1788513831.913332958	cycle2	train	323223	36	2648256
1788513831.913332958	cycle2	gatekeeper	328662	25	3168320
1788513832.172427388	cycle2	train	317109	36	2581820
1788513832.172427388	cycle2	train	323223	36	2648256
1788513832.172427388	cycle2	gatekeeper	328662	25	3180608
1788513832.436441957	cycle2	train	317109	36	2581820
1788513832.436441957	cycle2	train	323223	36	2648256
1788513832.436441957	cycle2	gatekeeper	328662	25	3192896
1788513832.691691848	cycle2	train	317109	36	2581820
1788513832.691691848	cycle2	train	323223	36	2648256
1788513832.691691848	cycle2	gatekeeper	328662	25	3205184
1788513832.950574463	cycle2	train	317109	36	2581820
1788513832.950574463	cycle2	train	323223	36	2648256
1788513832.950574463	cycle2	gatekeeper	328662	25	3217472
1788513833.209048723	cycle2	train	317109	36	2581820
1788513833.209048723	cycle2	train	323223	36	2648256
1788513833.209048723	cycle2	gatekeeper	328662	25	3229760
1788513833.473268702	cycle2	train	317109	36	2581820
1788513833.473268702	cycle2	train	323223	36	2648256
1788513833.473268702	cycle2	gatekeeper	328662	25	3241024
1788513833.730473749	cycle2	train	317109	36	2581820
1788513833.730473749	cycle2	train	323223	36	2648256
1788513833.730473749	cycle2	gatekeeper	328662	25	3254336
1788513833.993086094	cycle2	train	317109	36	2581820
1788513833.993086094	cycle2	train	323223	36	2648256
1788513833.993086094	cycle2	gatekeeper	328662	25	3266624
1788513834.253925819	cycle2	train	317109	36	2581820
1788513834.253925819	cycle2	train	323223	36	2648256
1788513834.253925819	cycle2	gatekeeper	328662	25	3278912
1788513834.523225736	cycle2	train	317109	36	2581820
1788513834.523225736	cycle2	train	323223	36	2648256
1788513834.523225736	cycle2	gatekeeper	328662	25	3291200
1788513834.783032300	cycle2	train	317109	36	2581820
1788513834.783032300	cycle2	train	323223	36	2648256
1788513834.783032300	cycle2	gatekeeper	328662	25	3303488
1788513835.050392488	cycle2	train	317109	36	2581820
1788513835.050392488	cycle2	train	323223	36	2648256
1788513835.050392488	cycle2	gatekeeper	328662	25	3313728
1788513835.308663508	cycle2	train	317109	36	2581820
1788513835.308663508	cycle2	train	323223	36	2648256
1788513835.308663508	cycle2	gatekeeper	328662	25	3326016
1788513835.570648818	cycle2	train	317109	36	2581820
1788513835.570648818	cycle2	train	323223	36	2648256
1788513835.570648818	cycle2	gatekeeper	328662	25	3338304
1788513835.829873278	cycle2	train	317109	36	2581820
1788513835.829873278	cycle2	train	323223	36	2648256
1788513835.829873278	cycle2	gatekeeper	328662	25	3350592
1788513836.093174424	cycle2	train	317109	36	2581820
1788513836.093174424	cycle2	train	323223	36	2648256
1788513836.093174424	cycle2	gatekeeper	328662	25	3361856
1788513836.355417735	cycle2	train	317109	36	2581820
1788513836.355417735	cycle2	train	323223	36	2648256
1788513836.355417735	cycle2	gatekeeper	328662	25	3373120
1788513836.616290404	cycle2	train	317109	36	2581820
1788513836.616290404	cycle2	train	323223	36	2648256
1788513836.616290404	cycle2	gatekeeper	328662	25	3385408
1788513836.885298303	cycle2	train	317109	36	2581820
1788513836.885298303	cycle2	train	323223	36	2648256
1788513836.885298303	cycle2	gatekeeper	328662	25	3397696
1788513837.146842136	cycle2	train	317109	36	2581820
1788513837.146842136	cycle2	train	323223	36	2648256
1788513837.146842136	cycle2	gatekeeper	328662	25	3408960
1788513837.408255652	cycle2	train	317109	36	2581820
1788513837.408255652	cycle2	train	323223	36	2648256
1788513837.408255652	cycle2	gatekeeper	328662	25	3421248
1788513837.665329342	cycle2	train	317109	36	2581820
1788513837.665329342	cycle2	train	323223	36	2648256
1788513837.665329342	cycle2	gatekeeper	328662	25	3432512
1788513837.925685658	cycle2	train	317109	36	2581820
1788513837.925685658	cycle2	train	323223	36	2648256
1788513837.925685658	cycle2	gatekeeper	328662	25	3443776
1788513838.186461376	cycle2	train	317109	36	2581820
1788513838.186461376	cycle2	train	323223	36	2648256
1788513838.186461376	cycle2	gatekeeper	328662	25	3456064
1788513838.444396895	cycle2	train	317109	36	2581820
1788513838.444396895	cycle2	train	323223	36	2648256
1788513838.444396895	cycle2	gatekeeper	328662	25	3466304
1788513838.705322107	cycle2	train	317109	36	2581820
1788513838.705322107	cycle2	train	323223	36	2648256
1788513838.705322107	cycle2	gatekeeper	328662	25	3478592
1788513838.966462775	cycle2	train	317109	36	2581820
1788513838.966462775	cycle2	train	323223	36	2648256
1788513838.966462775	cycle2	gatekeeper	328662	25	3488832
1788513839.224580850	cycle2	train	317109	36	2581820
1788513839.224580850	cycle2	train	323223	36	2648256
1788513839.224580850	cycle2	gatekeeper	328662	25	3501120
1788513839.486345517	cycle2	train	317109	36	2581820
1788513839.486345517	cycle2	train	323223	36	2648256
1788513839.486345517	cycle2	gatekeeper	328662	25	3511360
1788513839.752320274	cycle2	train	317109	36	2581820
1788513839.752320274	cycle2	train	323223	36	2648256
1788513839.752320274	cycle2	gatekeeper	328662	25	3524672
1788513840.008760576	cycle2	train	317109	36	2581820
1788513840.008760576	cycle2	train	323223	36	2648256
1788513840.008760576	cycle2	gatekeeper	328662	25	3535936
1788513840.265702924	cycle2	train	317109	36	2581820
1788513840.265702924	cycle2	train	323223	36	2648256
1788513840.265702924	cycle2	gatekeeper	328662	25	3546176
1788513840.527536170	cycle2	train	317109	36	2581820
1788513840.527536170	cycle2	train	323223	36	2648256
1788513840.527536170	cycle2	gatekeeper	328662	25	3558464
1788513840.788275654	cycle2	train	317109	36	2581820
1788513840.788275654	cycle2	train	323223	36	2648256
1788513840.788275654	cycle2	gatekeeper	328662	25	3568704
1788513841.048217675	cycle2	train	317109	36	2581820
1788513841.048217675	cycle2	train	323223	36	2648256
1788513841.048217675	cycle2	gatekeeper	328662	25	3578944
1788513841.306126037	cycle2	train	317109	36	2581820
1788513841.306126037	cycle2	train	323223	36	2648256
1788513841.306126037	cycle2	gatekeeper	328662	25	3590208
1788513841.563187693	cycle2	train	317109	36	2581820
1788513841.563187693	cycle2	train	323223	36	2648256
1788513841.563187693	cycle2	gatekeeper	328662	25	3601472
1788513841.829302889	cycle2	train	317109	36	2581820
1788513841.829302889	cycle2	train	323223	36	2648256
1788513841.829302889	cycle2	gatekeeper	328662	25	3611712
1788513842.091922837	cycle2	train	317109	36	2585916
1788513842.091922837	cycle2	train	323223	36	2648256
1788513842.091922837	cycle2	gatekeeper	328662	25	3622976
1788513842.348558309	cycle2	train	317109	36	2585916
1788513842.348558309	cycle2	train	323223	36	2648256
1788513842.348558309	cycle2	gatekeeper	328662	25	3635264
1788513842.603464480	cycle2	train	317109	36	2585916
1788513842.603464480	cycle2	train	323223	36	2648256
1788513842.603464480	cycle2	gatekeeper	328662	25	3645504
1788513842.864803592	cycle2	train	317109	36	2585916
1788513842.864803592	cycle2	train	323223	36	2648256
1788513842.864803592	cycle2	gatekeeper	328662	25	3656768
1788513843.133275383	cycle2	train	317109	36	2585916
1788513843.133275383	cycle2	train	323223	36	2648256
1788513843.133275383	cycle2	gatekeeper	328662	25	3668032
1788513843.394212949	cycle2	train	317109	36	2585916
1788513843.394212949	cycle2	train	323223	36	2648256
1788513843.394212949	cycle2	gatekeeper	328662	25	3679296
1788513843.655561892	cycle2	train	317109	36	2585916
1788513843.655561892	cycle2	train	323223	36	2648256
1788513843.655561892	cycle2	gatekeeper	328662	25	3689536
1788513843.917913919	cycle2	train	317109	36	2585916
1788513843.917913919	cycle2	train	323223	36	2648256
1788513843.917913919	cycle2	gatekeeper	328662	25	3700800
1788513844.175597714	cycle2	train	317109	36	2585916
1788513844.175597714	cycle2	train	323223	36	2648256
1788513844.175597714	cycle2	gatekeeper	328662	25	3711040
1788513844.429665749	cycle2	train	317109	36	2585916
1788513844.429665749	cycle2	train	323223	36	2648256
1788513844.429665749	cycle2	gatekeeper	328662	25	3722304
1788513844.686366742	cycle2	train	317109	36	2585916
1788513844.686366742	cycle2	train	323223	36	2648256
1788513844.686366742	cycle2	gatekeeper	328662	25	3732544
1788513844.957497942	cycle2	train	317109	36	2585916
1788513844.957497942	cycle2	train	323223	36	2648256
1788513844.957497942	cycle2	gatekeeper	328662	25	3744832
1788513845.222799811	cycle2	train	317109	36	2585916
1788513845.222799811	cycle2	train	323223	36	2648256
1788513845.222799811	cycle2	gatekeeper	328662	25	3755072
1788513845.483202038	cycle2	train	317109	36	2585916
1788513845.483202038	cycle2	train	323223	36	2648256
1788513845.483202038	cycle2	gatekeeper	328662	25	3765312
1788513845.747015691	cycle2	train	317109	36	2585916
1788513845.747015691	cycle2	train	323223	36	2648256
1788513845.747015691	cycle2	gatekeeper	328662	25	3775552
1788513846.003775038	cycle2	train	317109	36	2585916
1788513846.003775038	cycle2	train	323223	36	2648256
1788513846.003775038	cycle2	gatekeeper	328662	25	3785792
1788513846.260475553	cycle2	train	317109	36	2585916
1788513846.260475553	cycle2	train	323223	36	2648256
1788513846.260475553	cycle2	gatekeeper	328662	25	3798080
1788513846.521180030	cycle2	train	317109	36	2585916
1788513846.521180030	cycle2	train	323223	36	2648256
1788513846.521180030	cycle2	gatekeeper	328662	25	3808320
1788513846.775947983	cycle2	train	317109	36	2585916
1788513846.775947983	cycle2	train	323223	36	2648256
1788513846.775947983	cycle2	gatekeeper	328662	25	3818560
1788513847.040657166	cycle2	train	317109	36	2585916
1788513847.040657166	cycle2	train	323223	36	2648256
1788513847.040657166	cycle2	gatekeeper	328662	25	3829824
1788513847.301123018	cycle2	train	317109	36	2585916
1788513847.301123018	cycle2	train	323223	36	2648256
1788513847.301123018	cycle2	gatekeeper	328662	25	3840064
1788513847.567283295	cycle2	train	317109	36	2585916
1788513847.567283295	cycle2	train	323223	36	2648256
1788513847.567283295	cycle2	gatekeeper	328662	25	3850304
1788513847.826786738	cycle2	train	317109	36	2585916
1788513847.826786738	cycle2	train	323223	36	2648256
1788513847.826786738	cycle2	gatekeeper	328662	25	3860544
1788513848.089295799	cycle2	train	317109	36	2585916
1788513848.089295799	cycle2	train	323223	36	2648256
1788513848.089295799	cycle2	gatekeeper	328662	25	3870784
1788513848.348107645	cycle2	train	317109	36	2585916
1788513848.348107645	cycle2	train	323223	36	2648256
1788513848.348107645	cycle2	gatekeeper	328662	25	3881024
1788513848.613760351	cycle2	train	317109	36	2585916
1788513848.613760351	cycle2	train	323223	36	2648256
1788513848.613760351	cycle2	gatekeeper	328662	25	3892288
1788513848.871779895	cycle2	train	317109	36	2585916
1788513848.871779895	cycle2	train	323223	36	2648256
1788513848.871779895	cycle2	gatekeeper	328662	25	3902528
1788513849.136431419	cycle2	train	317109	36	2585916
1788513849.136431419	cycle2	train	323223	36	2648256
1788513849.136431419	cycle2	gatekeeper	328662	25	3911744
1788513849.392337327	cycle2	train	317109	36	2585916
1788513849.392337327	cycle2	train	323223	36	2648256
1788513849.392337327	cycle2	gatekeeper	328662	25	3921984
1788513849.649870263	cycle2	train	317109	36	2585916
1788513849.649870263	cycle2	train	323223	36	2648256
1788513849.649870263	cycle2	gatekeeper	328662	25	3932224
1788513849.909306043	cycle2	train	317109	36	2585916
1788513849.909306043	cycle2	train	323223	36	2648256
1788513849.909306043	cycle2	gatekeeper	328662	25	3942464
1788513850.173000044	cycle2	train	317109	36	2585916
1788513850.173000044	cycle2	train	323223	36	2648256
1788513850.173000044	cycle2	gatekeeper	328662	25	3953728
1788513850.429119441	cycle2	train	317109	36	2585916
1788513850.429119441	cycle2	train	323223	36	2648256
1788513850.429119441	cycle2	gatekeeper	328662	25	3963968
1788513850.688449325	cycle2	train	317109	36	2585916
1788513850.688449325	cycle2	train	323223	36	2648256
1788513850.688449325	cycle2	gatekeeper	328662	25	3974208
1788513850.951548001	cycle2	train	317109	36	2585916
1788513850.951548001	cycle2	train	323223	36	2648256
1788513850.951548001	cycle2	gatekeeper	328662	25	3983424
1788513851.217022350	cycle2	train	317109	36	2585916
1788513851.217022350	cycle2	train	323223	36	2648256
1788513851.217022350	cycle2	gatekeeper	328662	25	3993664
1788513851.475839420	cycle2	train	317109	36	2585916
1788513851.475839420	cycle2	train	323223	36	2648256
1788513851.475839420	cycle2	gatekeeper	328662	25	4003904
1788513851.733712171	cycle2	train	317109	36	2585916
1788513851.733712171	cycle2	train	323223	36	2648256
1788513851.733712171	cycle2	gatekeeper	328662	25	4014144
1788513851.990867064	cycle2	train	317109	36	2585916
1788513851.990867064	cycle2	train	323223	36	2648256
1788513851.990867064	cycle2	gatekeeper	328662	25	4024384
1788513852.262160414	cycle2	train	317109	36	2590012
1788513852.262160414	cycle2	train	323223	36	2648256
1788513852.262160414	cycle2	gatekeeper	328662	25	4034624
1788513852.525842302	cycle2	train	317109	36	2590012
1788513852.525842302	cycle2	train	323223	36	2648256
1788513852.525842302	cycle2	gatekeeper	328662	25	4044864
1788513852.783346808	cycle2	train	317109	36	2590012
1788513852.783346808	cycle2	train	323223	36	2648256
1788513852.783346808	cycle2	gatekeeper	328662	25	4055104
1788513853.042898434	cycle2	train	317109	36	2590012
1788513853.042898434	cycle2	train	323223	36	2648256
1788513853.042898434	cycle2	gatekeeper	328662	25	4064320
1788513853.308770164	cycle2	train	317109	36	2590012
1788513853.308770164	cycle2	train	323223	36	2648256
1788513853.308770164	cycle2	gatekeeper	328662	25	4074560
1788513853.567523704	cycle2	train	317109	36	2590012
1788513853.567523704	cycle2	train	323223	36	2648256
1788513853.567523704	cycle2	gatekeeper	328662	25	4084800
1788513853.828420952	cycle2	train	317109	36	2590012
1788513853.828420952	cycle2	train	323223	36	2648256
1788513853.828420952	cycle2	gatekeeper	328662	25	4095040
1788513854.083344679	cycle2	train	317109	36	2590012
1788513854.083344679	cycle2	train	323223	36	2648256
1788513854.083344679	cycle2	gatekeeper	328662	25	4103232
1788513854.350094279	cycle2	train	317109	36	2590012
1788513854.350094279	cycle2	train	323223	36	2648256
1788513854.350094279	cycle2	gatekeeper	328662	25	4113472
1788513854.613996089	cycle2	train	317109	36	2590012
1788513854.613996089	cycle2	train	323223	36	2648256
1788513854.613996089	cycle2	gatekeeper	328662	25	4123712
1788513854.878596713	cycle2	train	317109	36	2590012
1788513854.878596713	cycle2	train	323223	36	2648256
1788513854.878596713	cycle2	gatekeeper	328662	25	4133952
1788513855.132247412	cycle2	train	317109	36	2590012
1788513855.132247412	cycle2	train	323223	36	2648256
1788513855.132247412	cycle2	gatekeeper	328662	25	4144192
1788513855.396519743	cycle2	train	317109	36	2590012
1788513855.396519743	cycle2	train	323223	36	2648256
1788513855.396519743	cycle2	gatekeeper	328662	25	4152384
1788513855.655238476	cycle2	train	317109	36	2590012
1788513855.655238476	cycle2	train	323223	36	2648256
1788513855.655238476	cycle2	gatekeeper	328662	25	4162624
1788513855.915253305	cycle2	train	317109	36	2590012
1788513855.915253305	cycle2	train	323223	36	2648256
1788513855.915253305	cycle2	gatekeeper	328662	25	4172864
1788513856.168058933	cycle2	train	317109	36	2590012
1788513856.168058933	cycle2	train	323223	36	2648256
1788513856.168058933	cycle2	gatekeeper	328662	25	4183104
1788513856.428032712	cycle2	train	317109	36	2590012
1788513856.428032712	cycle2	train	323223	36	2648256
1788513856.428032712	cycle2	gatekeeper	328662	25	4191296
1788513856.685665642	cycle2	train	317109	36	2590012
1788513856.685665642	cycle2	train	323223	36	2648256
1788513856.685665642	cycle2	gatekeeper	328662	25	4201536
1788513856.942283405	cycle2	train	317109	36	2590012
1788513856.942283405	cycle2	train	323223	36	2648256
1788513856.942283405	cycle2	gatekeeper	328662	25	4209728
1788513857.200005473	cycle2	train	317109	36	2590012
1788513857.200005473	cycle2	train	323223	36	2648256
1788513857.200005473	cycle2	gatekeeper	328662	25	4219968
1788513857.467270861	cycle2	train	317109	36	2590012
1788513857.467270861	cycle2	train	323223	36	2648256
1788513857.467270861	cycle2	gatekeeper	328662	25	4229184
1788513857.725267642	cycle2	train	317109	36	2590012
1788513857.725267642	cycle2	train	323223	36	2648256
1788513857.725267642	cycle2	gatekeeper	328662	25	4239424
1788513857.982736095	cycle2	train	317109	36	2590012
1788513857.982736095	cycle2	train	323223	36	2648256
1788513857.982736095	cycle2	gatekeeper	328662	25	4247616
1788513858.241365750	cycle2	train	317109	36	2590012
1788513858.241365750	cycle2	train	323223	36	2648256
1788513858.241365750	cycle2	gatekeeper	328662	25	4257856
1788513858.510706379	cycle2	train	317109	36	2590012
1788513858.510706379	cycle2	train	323223	36	2648256
1788513858.510706379	cycle2	gatekeeper	328662	25	4268096
1788513858.775337670	cycle2	train	317109	36	2590012
1788513858.775337670	cycle2	train	323223	36	2648256
1788513858.775337670	cycle2	gatekeeper	328662	25	4277312
1788513859.035319072	cycle2	train	317109	36	2590012
1788513859.035319072	cycle2	train	323223	36	2648256
1788513859.035319072	cycle2	gatekeeper	328662	25	4286528
1788513859.290910672	cycle2	train	317109	36	2590012
1788513859.290910672	cycle2	train	323223	36	2648256
1788513859.290910672	cycle2	gatekeeper	328662	25	4295744
1788513859.553374948	cycle2	train	317109	36	2590012
1788513859.553374948	cycle2	train	323223	36	2648256
1788513859.553374948	cycle2	gatekeeper	328662	25	4305984
1788513859.816223152	cycle2	train	317109	36	2590012
1788513859.816223152	cycle2	train	323223	36	2648256
1788513859.816223152	cycle2	gatekeeper	328662	25	4314176
1788513860.074666906	cycle2	train	317109	36	2590012
1788513860.074666906	cycle2	train	323223	36	2648256
1788513860.074666906	cycle2	gatekeeper	328662	25	4323392
1788513860.335570042	cycle2	train	317109	36	2590012
1788513860.335570042	cycle2	train	323223	36	2648256
1788513860.335570042	cycle2	gatekeeper	328662	25	4331584
1788513860.599169962	cycle2	train	317109	36	2590012
1788513860.599169962	cycle2	train	323223	36	2648256
1788513860.599169962	cycle2	gatekeeper	328662	25	4341824
1788513860.858724234	cycle2	train	317109	36	2590012
1788513860.858724234	cycle2	train	323223	36	2648256
1788513860.858724234	cycle2	gatekeeper	328662	25	4350016
1788513861.115253373	cycle2	train	317109	36	2590012
1788513861.115253373	cycle2	train	323223	36	2648256
1788513861.115253373	cycle2	gatekeeper	328662	25	4358208
1788513861.376166488	cycle2	train	317109	36	2590012
1788513861.376166488	cycle2	train	323223	36	2648256
1788513861.376166488	cycle2	gatekeeper	328662	25	4369472
1788513861.642717275	cycle2	train	317109	36	2590012
1788513861.642717275	cycle2	train	323223	36	2648256
1788513861.642717275	cycle2	gatekeeper	328662	25	4377664
1788513861.902999513	cycle2	train	317109	36	2590012
1788513861.902999513	cycle2	train	323223	36	2648256
1788513861.902999513	cycle2	gatekeeper	328662	25	4386880
1788513862.159200774	cycle2	train	317109	36	2590012
1788513862.159200774	cycle2	train	323223	36	2648256
1788513862.159200774	cycle2	gatekeeper	328662	25	4396096
1788513862.413607772	cycle2	train	317109	36	2590012
1788513862.413607772	cycle2	train	323223	36	2648256
1788513862.413607772	cycle2	gatekeeper	328662	25	4404288
1788513862.674664671	cycle2	train	317109	36	2591036
1788513862.674664671	cycle2	train	323223	36	2648256
1788513862.674664671	cycle2	gatekeeper	328662	25	4413504
1788513862.929734799	cycle2	train	317109	36	2591036
1788513862.929734799	cycle2	train	323223	36	2648256
1788513862.929734799	cycle2	gatekeeper	328662	25	4422720
1788513863.195444230	cycle2	train	317109	36	2591036
1788513863.195444230	cycle2	train	323223	36	2648256
1788513863.195444230	cycle2	gatekeeper	328662	25	4431936
1788513863.459586695	cycle2	train	317109	36	2591036
1788513863.459586695	cycle2	train	323223	36	2648256
1788513863.459586695	cycle2	gatekeeper	328662	25	4441152
1788513863.724678213	cycle2	train	317109	36	2591036
1788513863.724678213	cycle2	train	323223	36	2648256
1788513863.724678213	cycle2	gatekeeper	328662	25	4449344
1788513863.985517366	cycle2	train	317109	36	2591036
1788513863.985517366	cycle2	train	323223	36	2648256
1788513863.985517366	cycle2	gatekeeper	328662	25	4458560
1788513864.238937997	cycle2	train	317109	36	2591036
1788513864.238937997	cycle2	train	323223	36	2648256
1788513864.238937997	cycle2	gatekeeper	328662	25	4466752
1788513864.494827911	cycle2	train	317109	36	2591036
1788513864.494827911	cycle2	train	323223	36	2648256
1788513864.494827911	cycle2	gatekeeper	328662	25	4475968
1788513864.764141742	cycle2	train	317109	36	2591036
1788513864.764141742	cycle2	train	323223	36	2648256
1788513864.764141742	cycle2	gatekeeper	328662	25	4486208
1788513865.027617544	cycle2	train	317109	36	2591036
1788513865.027617544	cycle2	train	323223	36	2648256
1788513865.027617544	cycle2	gatekeeper	328662	25	4495424
1788513865.284287201	cycle2	train	317109	36	2591036
1788513865.284287201	cycle2	train	323223	36	2648256
1788513865.284287201	cycle2	gatekeeper	328662	25	4503616
1788513865.542071488	cycle2	train	317109	36	2591036
1788513865.542071488	cycle2	train	323223	36	2648256
1788513865.542071488	cycle2	gatekeeper	328662	25	4512832
1788513865.810208358	cycle2	train	317109	36	2591036
1788513865.810208358	cycle2	train	323223	36	2648256
1788513865.810208358	cycle2	gatekeeper	328662	25	4521024
1788513866.073351406	cycle2	train	317109	36	2591036
1788513866.073351406	cycle2	train	323223	36	2648256
1788513866.073351406	cycle2	gatekeeper	328662	25	4529216
1788513866.331105641	cycle2	train	317109	36	2591036
1788513866.331105641	cycle2	train	323223	36	2648256
1788513866.331105641	cycle2	gatekeeper	328662	25	4538432
1788513866.588346741	cycle2	train	317109	36	2591036
1788513866.588346741	cycle2	train	323223	36	2648256
1788513866.588346741	cycle2	gatekeeper	328662	25	4547648
1788513866.847764083	cycle2	train	317109	36	2591036
1788513866.847764083	cycle2	train	323223	36	2648256
1788513866.847764083	cycle2	gatekeeper	328662	8	4549468
1788513867.110791316	cycle2	train	317109	36	2591036
1788513867.110791316	cycle2	train	323223	36	2648256
1788513867.110791316	cycle2	gatekeeper	328662	5	4062960
1788513867.371340039	cycle2	train	317109	36	2591036
1788513867.371340039	cycle2	train	323223	36	2648256
1788513867.371340039	cycle2	gatekeeper	328662	5	4062960
1788513867.627830061	cycle2	train	317109	36	2591036
1788513867.627830061	cycle2	train	323223	36	2648256
1788513867.627830061	cycle2	gatekeeper	328662	4	3269504
1788513867.889242260	cycle2	train	317109	36	2591036
1788513867.889242260	cycle2	train	323223	36	2648256
1788513867.889242260	cycle2	gatekeeper	328662	4	3269504
1788513868.147788748	cycle2	train	317109	36	2591036
1788513868.147788748	cycle2	train	323223	36	2648256
1788513868.147788748	cycle2	gatekeeper	328662	4	3269504
1788513868.403678128	cycle2	train	317109	36	2591036
1788513868.403678128	cycle2	train	323223	36	2648256
1788513868.403678128	cycle2	gatekeeper	328662	4	1916812
1788513868.664213074	cycle2	train	317109	36	2591036
1788513868.664213074	cycle2	train	323223	36	2648256
1788513868.664213074	cycle2	gatekeeper	328662	4	1666004
1788513868.922292735	cycle2	train	317109	36	2591036
1788513868.922292735	cycle2	train	323223	36	2648256
1788513868.922292735	cycle2	gatekeeper	328662	4	1666004
1788513869.178492318	cycle2	train	317109	36	2591036
1788513869.178492318	cycle2	train	323223	36	2648256
1788513869.178492318	cycle2	gatekeeper	328662	4	1666004
1788513869.430986223	cycle2	train	317109	36	2591036
1788513869.430986223	cycle2	train	323223	36	2648256
1788513869.430986223	cycle2	gatekeeper	328662	4	1666004
1788513869.682780038	cycle2	train	317109	36	2591036
1788513869.682780038	cycle2	train	323223	36	2648256
1788513869.682780038	cycle2	gatekeeper	328662	4	1666004
1788513869.939795055	cycle2	train	317109	36	2591036
1788513869.939795055	cycle2	train	323223	36	2648256
1788513869.939795055	cycle2	gatekeeper	328662	4	1666004
1788513870.192937284	cycle2	train	317109	36	2591036
1788513870.192937284	cycle2	train	323223	36	2648256
1788513870.192937284	cycle2	gatekeeper	328662	4	1666004
1788513870.446171851	cycle2	train	317109	36	2591036
1788513870.446171851	cycle2	train	323223	36	2648256
1788513870.446171851	cycle2	gatekeeper	328662	4	1665336
1788513870.701088008	cycle2	train	317109	36	2591036
1788513870.701088008	cycle2	train	323223	36	2648256
1788513870.961972093	cycle2	train	317109	36	2591036
1788513870.961972093	cycle2	train	323223	36	2648256
1788513870.961972093	cycle2	selfplay	330480	22	551400
1788513871.222131416	cycle2	train	317109	36	2591036
1788513871.222131416	cycle2	train	323223	36	2648256
1788513871.222131416	cycle2	selfplay	330480	22	630028
1788513871.481907870	cycle2	train	317109	36	2591036
1788513871.481907870	cycle2	train	323223	36	2648256
1788513871.481907870	cycle2	selfplay	330480	22	709900
1788513871.738701101	cycle2	train	317109	36	2591036
1788513871.738701101	cycle2	train	323223	36	2648256
1788513871.738701101	cycle2	selfplay	330480	22	787724
1788513872.006938217	cycle2	train	317109	36	2591036
1788513872.006938217	cycle2	train	323223	36	2648256
1788513872.006938217	cycle2	selfplay	330480	22	856100
1788513872.260422792	cycle2	train	317109	36	2591036
1788513872.260422792	cycle2	train	323223	36	2648256
1788513872.260422792	cycle2	selfplay	330480	22	922088
1788513872.512517184	cycle2	train	317109	36	2591036
1788513872.512517184	cycle2	train	323223	36	2648256
1788513872.512517184	cycle2	selfplay	330480	22	986176
1788513872.765240279	cycle2	train	317109	36	2595132
1788513872.765240279	cycle2	train	323223	36	2648256
1788513872.765240279	cycle2	selfplay	330480	22	1050712
1788513873.025446500	cycle2	train	317109	36	2595132
1788513873.025446500	cycle2	train	323223	36	2648256
1788513873.025446500	cycle2	selfplay	330480	22	1104348
1788513873.279327363	cycle2	train	317109	36	2595132
1788513873.279327363	cycle2	train	323223	36	2648256
1788513873.279327363	cycle2	selfplay	330480	22	1171444
1788513873.536926744	cycle2	train	317109	36	2595132
1788513873.536926744	cycle2	train	323223	36	2648256
1788513873.536926744	cycle2	selfplay	330480	22	1233160
1788513873.796386201	cycle2	train	317109	36	2595132
1788513873.796386201	cycle2	train	323223	36	2648256
1788513873.796386201	cycle2	selfplay	330480	22	1289840
1788513874.056325070	cycle2	train	317109	36	2595132
1788513874.056325070	cycle2	train	323223	36	2648256
1788513874.056325070	cycle2	selfplay	330480	22	1348352
1788513874.309361610	cycle2	train	317109	36	2595132
1788513874.309361610	cycle2	train	323223	36	2648256
1788513874.309361610	cycle2	selfplay	330480	22	1400444
1788513874.561402394	cycle2	train	317109	36	2595132
1788513874.561402394	cycle2	train	323223	36	2648256
1788513874.561402394	cycle2	selfplay	330480	22	1452764
1788513874.816391446	cycle2	train	317109	36	2595132
1788513874.816391446	cycle2	train	323223	36	2648256
1788513874.816391446	cycle2	selfplay	330480	20	1493364
1788513875.081805238	cycle2	train	317109	36	2595132
1788513875.081805238	cycle2	train	323223	36	2648256
1788513875.081805238	cycle2	selfplay	330480	15	1491364
1788513875.334558031	cycle2	train	317109	36	2595132
1788513875.334558031	cycle2	train	323223	36	2648256
1788513875.334558031	cycle2	selfplay	330480	12	1511380
1788513875.591748560	cycle2	train	317109	36	2595132
1788513875.591748560	cycle2	train	323223	36	2648256
1788513875.591748560	cycle2	selfplay	330480	8	1509764
1788513875.852177585	cycle2	train	317109	36	2595132
1788513875.852177585	cycle2	train	323223	36	2648256
1788513875.852177585	cycle2	selfplay	330480	8	1537412
1788513876.110865457	cycle2	train	317109	36	2595132
1788513876.110865457	cycle2	train	323223	36	2648256
1788513876.110865457	cycle2	selfplay	330480	3	1510768
1788513876.366299395	cycle2	train	317109	36	2595132
1788513876.366299395	cycle2	train	323223	36	2648256
1788513876.366299395	cycle2	selfplay	330480	3	1510768
1788513876.619239704	cycle2	train	317109	36	2595132
1788513876.619239704	cycle2	train	323223	36	2648256
1788513876.619239704	cycle2	selfplay	330480	3	1510768
1788513876.885007621	cycle2	train	317109	36	2595132
1788513876.885007621	cycle2	train	323223	36	2648256
1788513876.885007621	cycle2	selfplay	330480	3	1510768
1788513877.144120733	cycle2	train	317109	36	2595132
1788513877.144120733	cycle2	train	323223	36	2648256
1788513877.144120733	cycle2	selfplay	330480	3	1510768
1788513877.402832333	cycle2	train	317109	36	2595132
1788513877.402832333	cycle2	train	323223	36	2648256
1788513877.402832333	cycle2	selfplay	330480	2	1274904
1788513877.659939616	cycle2	train	317109	36	2595132
1788513877.659939616	cycle2	train	323223	36	2648256
1788513877.659939616	cycle2	selfplay	330480	2	635812
1788513877.914351378	cycle2	train	317109	36	2595132
1788513877.914351378	cycle2	train	323223	36	2648256
1788513877.914351378	cycle2	selfplay	330480	2	635812
1788513878.169369840	cycle2	train	317109	36	2595132
1788513878.169369840	cycle2	train	323223	36	2648256
1788513878.169369840	cycle2	shuffle	330702	1	0
1788513878.423132300	cycle2	train	317109	36	2595132
1788513878.423132300	cycle2	train	323223	36	2648256
1788513878.423132300	cycle2	shuffle	330702	4	36864
1788513878.696865780	cycle2	train	317109	36	2595132
1788513878.696865780	cycle2	train	323223	36	2648256
1788513878.696865780	cycle2	shuffle	330702	4	36864
1788513878.957788838	cycle2	train	317109	36	2595132
1788513878.957788838	cycle2	train	323223	36	2648256
1788513878.957788838	cycle2	shuffle	330702	4	36864
1788513879.217448208	cycle2	train	317109	36	2595132
1788513879.217448208	cycle2	train	323223	36	2648256
1788513879.217448208	cycle2	shuffle	330702	4	36864
1788513879.470772155	cycle2	train	317109	36	2595132
1788513879.470772155	cycle2	train	323223	36	2648256
1788513879.470772155	cycle2	shuffle	330702	4	36864
1788513879.723598491	cycle2	train	317109	36	2595132
1788513879.723598491	cycle2	train	323223	36	2648256
1788513879.723598491	cycle2	shuffle	330702	4	36864
1788513879.979726337	cycle2	train	317109	36	2595132
1788513879.979726337	cycle2	train	323223	36	2648256
1788513879.979726337	cycle2	shuffle	330702	4	36864
1788513880.240756727	cycle2	train	317109	36	2595132
1788513880.240756727	cycle2	train	323223	36	2648256
1788513880.240756727	cycle2	shuffle	330702	4	36864
1788513880.501250734	cycle2	train	317109	36	2595132
1788513880.501250734	cycle2	train	323223	36	2648256
1788513880.501250734	cycle2	shuffle	330702	4	36864
1788513880.753259335	cycle2	train	317109	36	2595132
1788513880.753259335	cycle2	train	323223	36	2648256
1788513880.753259335	cycle2	shuffle	330702	4	36864
1788513881.007583113	cycle2	train	317109	36	2595132
1788513881.007583113	cycle2	train	323223	36	2648256
1788513881.007583113	cycle2	shuffle	330702	4	36864
1788513881.266392691	cycle2	train	317109	36	2595132
1788513881.266392691	cycle2	train	323223	36	2648256
1788513881.266392691	cycle2	shuffle	330702	4	36864
1788513881.522432253	cycle2	train	317109	36	2595132
1788513881.522432253	cycle2	train	323223	36	2648256
1788513881.522432253	cycle2	shuffle	330702	4	38912
1788513881.522432253	cycle2	shuffle	330794	1	28892
1788513881.522432253	cycle2	shuffle	330795	1	34880
1788513881.522432253	cycle2	shuffle	330796	1	24644
1788513881.522432253	cycle2	shuffle	330797	1	24644
1788513881.522432253	cycle2	shuffle	330798	1	24644
1788513881.522432253	cycle2	shuffle	330799	1	24648
1788513881.522432253	cycle2	shuffle	330800	1	24648
1788513881.522432253	cycle2	shuffle	330801	1	24648
1788513881.782768078	cycle2	train	317109	36	2595132
1788513881.782768078	cycle2	train	323223	36	2648256
1788513882.035522580	cycle2	train	317109	36	2595132
1788513882.035522580	cycle2	train	323223	36	2648256
1788513882.292429101	cycle2	train	317109	36	2595132
1788513882.292429101	cycle2	train	323223	36	2648256
1788513882.546430987	cycle2	train	317109	36	2595132
1788513882.546430987	cycle2	train	323223	36	2648256
1788513882.806339196	cycle2	train	317109	36	2595132
1788513882.806339196	cycle2	train	323223	36	2648256
1788513883.061919959	cycle2	train	317109	36	2599228
1788513883.061919959	cycle2	train	323223	36	2648256
1788513883.316776166	cycle2	train	317109	36	2599228
1788513883.316776166	cycle2	train	323223	36	2648256
1788513883.569237730	cycle2	train	317109	36	2599228
1788513883.569237730	cycle2	train	323223	36	2648256
1788513883.822664593	cycle2	train	317109	36	2599228
1788513883.822664593	cycle2	train	323223	36	2648256
1788513884.075431473	cycle2	train	317109	36	2599228
1788513884.075431473	cycle2	train	323223	36	2648256
1788513884.331214294	cycle2	train	317109	36	2599228
1788513884.331214294	cycle2	train	323223	36	2648256
1788513884.584514966	cycle2	train	317109	36	2599228
1788513884.584514966	cycle2	train	323223	36	2648256
1788513884.839558534	cycle2	train	317109	36	2599228
1788513884.839558534	cycle2	train	323223	36	2648256
1788513885.093037146	cycle2	train	317109	36	2599228
1788513885.093037146	cycle2	train	323223	36	2648256
1788513885.352432455	cycle2	train	317109	36	2599228
1788513885.352432455	cycle2	train	323223	36	2648256
1788513885.604460840	cycle2	train	317109	36	2599228
1788513885.604460840	cycle2	train	323223	36	2648256
1788513885.859839630	cycle2	train	317109	36	2599228
1788513885.859839630	cycle2	train	323223	36	2648256
1788513886.112210444	cycle2	train	317109	36	2599228
1788513886.112210444	cycle2	train	323223	36	2648256
1788513886.369101040	cycle2	train	317109	36	2599228
1788513886.369101040	cycle2	train	323223	36	2648256
1788513886.622132091	cycle2	train	317109	36	2599228
1788513886.622132091	cycle2	train	323223	36	2648256
1788513886.876351143	cycle2	train	317109	36	2599228
1788513886.876351143	cycle2	train	323223	36	2648256
1788513887.130881895	cycle2	train	317109	36	2599228
1788513887.130881895	cycle2	train	323223	36	2648256
1788513887.386683152	cycle2	train	317109	36	2599228
1788513887.386683152	cycle2	train	323223	36	2648256
1788513887.644817599	cycle2	train	317109	36	2599228
1788513887.644817599	cycle2	train	323223	36	2648256
1788513887.896565348	cycle2	train	317109	36	2599228
1788513887.896565348	cycle2	train	323223	36	2648256
1788513888.149625523	cycle2	train	317109	36	2599228
1788513888.149625523	cycle2	train	323223	36	2648256
1788513888.407222074	cycle2	train	317109	36	2599228
1788513888.407222074	cycle2	train	323223	36	2648256
1788513888.659910298	cycle2	train	317109	36	2599228
1788513888.659910298	cycle2	train	323223	36	2648256
1788513888.913983037	cycle2	train	317109	36	2599228
1788513888.913983037	cycle2	train	323223	36	2648256
1788513889.175830540	cycle2	train	317109	36	2599228
1788513889.175830540	cycle2	train	323223	36	2648256
1788513889.440466545	cycle2	train	317109	36	2599228
1788513889.440466545	cycle2	train	323223	36	2648256
1788513889.698400620	cycle2	train	317109	36	2599228
1788513889.698400620	cycle2	train	323223	36	2648256
1788513889.952109326	cycle2	train	317109	36	2599228
1788513889.952109326	cycle2	train	323223	36	2648256
1788513890.204550110	cycle2	train	317109	36	2599228
1788513890.204550110	cycle2	train	323223	36	2648256
1788513890.460554440	cycle2	train	317109	36	2599228
1788513890.460554440	cycle2	train	323223	36	2648256
1788513890.712911479	cycle2	train	317109	36	2599228
1788513890.712911479	cycle2	train	323223	36	2648256
1788513890.965270573	cycle2	train	317109	36	2599228
1788513890.965270573	cycle2	train	323223	36	2648256
1788513891.219535780	cycle2	train	317109	36	2599228
1788513891.219535780	cycle2	train	323223	36	2648256
1788513891.481579185	cycle2	train	317109	36	2599228
1788513891.481579185	cycle2	train	323223	36	2648256
1788513891.739545078	cycle2	train	317109	36	2599228
1788513891.739545078	cycle2	train	323223	36	2648256
1788513892.005641276	cycle2	train	317109	36	2599228
1788513892.005641276	cycle2	train	323223	36	2648256
1788513892.005641276	cycle2	train	331077	4	33792
1788513892.269985635	cycle2	train	317109	36	2599228
1788513892.269985635	cycle2	train	323223	36	2648256
1788513892.269985635	cycle2	train	331077	4	337624
1788513892.532079711	cycle2	train	317109	36	2599228
1788513892.532079711	cycle2	train	323223	36	2648256
1788513892.532079711	cycle2	train	331077	4	489152
1788513892.786999643	cycle2	train	317109	36	2599228
1788513892.786999643	cycle2	train	323223	36	2648256
1788513892.786999643	cycle2	train	331077	4	510656
1788513893.043613978	cycle2	train	317109	36	2599228
1788513893.043613978	cycle2	train	323223	36	2648256
1788513893.043613978	cycle2	train	331077	4	527040
1788513893.297637081	cycle2	train	317109	36	2604348
1788513893.297637081	cycle2	train	323223	36	2648256
1788513893.297637081	cycle2	train	331077	4	541376
1788513893.561467367	cycle2	train	317109	36	2604348
1788513893.561467367	cycle2	train	323223	36	2648256
1788513893.561467367	cycle2	train	331077	4	565952
1788513893.817715291	cycle2	train	317109	36	2604348
1788513893.817715291	cycle2	train	323223	36	2648256
1788513893.817715291	cycle2	train	331077	4	638656
1788513894.075730104	cycle2	train	317109	36	2604348
1788513894.075730104	cycle2	train	323223	36	2648256
1788513894.075730104	cycle2	train	331077	4	649920
1788513894.329473040	cycle2	train	317109	36	2604348
1788513894.329473040	cycle2	train	323223	36	2648256
1788513894.329473040	cycle2	train	331077	4	665280
1788513894.587117988	cycle2	train	317109	36	2604348
1788513894.587117988	cycle2	train	323223	36	2648256
1788513894.587117988	cycle2	train	331077	4	679416
1788513894.843593725	cycle2	train	317109	36	2604348
1788513894.843593725	cycle2	train	323223	36	2648256
1788513894.843593725	cycle2	train	331077	5	692728
1788513895.099678528	cycle2	train	317109	36	2604348
1788513895.099678528	cycle2	train	323223	36	2648256
1788513895.099678528	cycle2	train	331077	5	692728
1788513895.358258018	cycle2	train	317109	36	2604348
1788513895.358258018	cycle2	train	323223	36	2648256
1788513895.358258018	cycle2	train	331077	5	705016
1788513895.622919789	cycle2	train	317109	36	2604348
1788513895.622919789	cycle2	train	323223	36	2648256
1788513895.622919789	cycle2	train	331077	5	712184
1788513895.879131667	cycle2	train	317109	36	2604348
1788513895.879131667	cycle2	train	323223	36	2648256
1788513895.879131667	cycle2	train	331077	5	751096
1788513896.135569530	cycle2	train	317109	36	2604348
1788513896.135569530	cycle2	train	323223	36	2648256
1788513896.135569530	cycle2	train	331077	5	861064
1788513896.395516444	cycle2	train	317109	36	2604348
1788513896.395516444	cycle2	train	323223	36	2648256
1788513896.395516444	cycle2	train	331077	5	949076
1788513896.657909851	cycle2	train	317109	36	2604348
1788513896.657909851	cycle2	train	323223	36	2648256
1788513896.657909851	cycle2	train	331077	5	1040176
1788513896.918674900	cycle2	train	317109	36	2604348
1788513896.918674900	cycle2	train	323223	36	2648256
1788513896.918674900	cycle2	train	331077	5	1102640
1788513897.189786158	cycle2	train	317109	36	2604348
1788513897.189786158	cycle2	train	323223	36	2648256
1788513897.189786158	cycle2	train	331077	5	1119024
1788513897.450638499	cycle2	train	317109	36	2604348
1788513897.450638499	cycle2	train	323223	36	2648256
1788513897.450638499	cycle2	train	331077	5	1251120
1788513897.717908833	cycle2	train	317109	36	2604348
1788513897.717908833	cycle2	train	323223	36	2648256
1788513897.717908833	cycle2	train	331077	5	1354544
1788513897.978075242	cycle2	train	317109	36	2604348
1788513897.978075242	cycle2	train	323223	36	2648256
1788513897.978075242	cycle2	train	331077	5	1356592
1788513898.236806476	cycle2	train	317109	36	2604348
1788513898.236806476	cycle2	train	323223	36	2648256
1788513898.236806476	cycle2	train	331077	5	1563760
1788513898.496876175	cycle2	train	317109	36	2604348
1788513898.496876175	cycle2	train	323223	36	2648256
1788513898.496876175	cycle2	train	331077	6	1641072
1788513898.759380045	cycle2	train	317109	36	2604348
1788513898.759380045	cycle2	train	323223	36	2648256
1788513898.759380045	cycle2	train	331077	10	1799792
1788513899.015121040	cycle2	train	317109	36	2604348
1788513899.015121040	cycle2	train	323223	36	2648256
1788513899.015121040	cycle2	train	331077	10	1807748
1788513899.277838825	cycle2	train	317109	36	2604348
1788513899.277838825	cycle2	train	323223	36	2648256
1788513899.277838825	cycle2	train	331077	10	1807748
1788513899.536386482	cycle2	train	317109	36	2604348
1788513899.536386482	cycle2	train	323223	36	2648256
1788513899.536386482	cycle2	train	331077	10	1807748
1788513899.792482552	cycle2	train	317109	36	2604348
1788513899.792482552	cycle2	train	323223	36	2648256
1788513899.792482552	cycle2	train	331077	10	1807748
1788513900.044655377	cycle2	train	317109	36	2604348
1788513900.044655377	cycle2	train	323223	36	2648256
1788513900.044655377	cycle2	train	331077	10	1807748
1788513900.301214435	cycle2	train	317109	36	2604348
1788513900.301214435	cycle2	train	323223	36	2648256
1788513900.301214435	cycle2	train	331077	10	1807748
1788513900.557632898	cycle2	train	317109	36	2604348
1788513900.557632898	cycle2	train	323223	36	2648256
1788513900.557632898	cycle2	train	331077	10	1807748
1788513900.814986438	cycle2	train	317109	36	2604348
1788513900.814986438	cycle2	train	323223	36	2648256
1788513900.814986438	cycle2	train	331077	10	1807748
1788513901.071191573	cycle2	train	317109	36	2604348
1788513901.071191573	cycle2	train	323223	36	2648256
1788513901.071191573	cycle2	train	331077	10	1807748
1788513901.330427845	cycle2	train	317109	36	2604348
1788513901.330427845	cycle2	train	323223	36	2648256
1788513901.330427845	cycle2	train	331077	10	1807748
1788513901.584378028	cycle2	train	317109	36	2604348
1788513901.584378028	cycle2	train	323223	36	2648256
1788513901.584378028	cycle2	train	331077	10	1807748
1788513901.840434455	cycle2	train	317109	36	2604348
1788513901.840434455	cycle2	train	323223	36	2648256
1788513901.840434455	cycle2	train	331077	10	1807748
1788513902.093802935	cycle2	train	317109	36	2604348
1788513902.093802935	cycle2	train	323223	36	2648256
1788513902.093802935	cycle2	train	331077	10	1807748
1788513902.350097882	cycle2	train	317109	36	2604348
1788513902.350097882	cycle2	train	323223	36	2648256
1788513902.350097882	cycle2	train	331077	10	1807748
1788513902.605587524	cycle2	train	317109	36	2604348
1788513902.605587524	cycle2	train	323223	36	2648256
1788513902.605587524	cycle2	train	331077	10	1807748
1788513902.867091947	cycle2	train	317109	36	2604348
1788513902.867091947	cycle2	train	323223	36	2648256
1788513902.867091947	cycle2	train	331077	10	1807748
1788513903.121598363	cycle2	train	317109	36	2604348
1788513903.121598363	cycle2	train	323223	36	2648256
1788513903.121598363	cycle2	train	331077	10	1807748
1788513903.374529144	cycle2	train	317109	36	2604348
1788513903.374529144	cycle2	train	323223	36	2648256
1788513903.374529144	cycle2	train	331077	10	1807748
1788513903.627570195	cycle2	train	317109	36	2607420
1788513903.627570195	cycle2	train	323223	36	2648256
1788513903.627570195	cycle2	train	331077	10	1807748
1788513903.883931813	cycle2	train	317109	36	2607420
1788513903.883931813	cycle2	train	323223	36	2648256
1788513903.883931813	cycle2	train	331077	10	1807748
1788513904.136894406	cycle2	train	317109	36	2607420
1788513904.136894406	cycle2	train	323223	36	2648256
1788513904.136894406	cycle2	train	331077	10	1807748
1788513904.400521679	cycle2	train	317109	36	2607420
1788513904.400521679	cycle2	train	323223	36	2648256
1788513904.400521679	cycle2	train	331077	11	2109536
1788513904.662973946	cycle2	train	317109	36	2607420
1788513904.662973946	cycle2	train	323223	36	2648256
1788513904.662973946	cycle2	train	331077	11	2118752
1788513904.943304430	cycle2	train	317109	36	2607420
1788513904.943304430	cycle2	train	323223	36	2648256
1788513904.943304430	cycle2	train	331077	11	2120800
1788513905.199935990	cycle2	train	317109	36	2607420
1788513905.199935990	cycle2	train	323223	36	2648256
1788513905.199935990	cycle2	train	331077	11	2124896
1788513905.458973713	cycle2	train	317109	36	2607420
1788513905.458973713	cycle2	train	323223	36	2648256
1788513905.458973713	cycle2	train	331077	12	2124896
1788513905.720761943	cycle2	train	317109	36	2607420
1788513905.720761943	cycle2	train	323223	36	2648256
1788513905.720761943	cycle2	train	331077	12	2125920
1788513905.980914468	cycle2	train	317109	36	2607420
1788513905.980914468	cycle2	train	323223	36	2648256
1788513905.980914468	cycle2	train	331077	12	2125920
1788513906.233450885	cycle2	train	317109	36	2607420
1788513906.233450885	cycle2	train	323223	36	2648256
1788513906.233450885	cycle2	train	331077	12	2128992
1788513906.485946310	cycle2	train	317109	36	2607420
1788513906.485946310	cycle2	train	323223	36	2648256
1788513906.485946310	cycle2	train	331077	12	2136160
1788513906.742058898	cycle2	train	317109	36	2607420
1788513906.742058898	cycle2	train	323223	36	2648256
1788513906.742058898	cycle2	train	331077	12	2136160
1788513907.010896988	cycle2	train	317109	36	2607420
1788513907.010896988	cycle2	train	323223	36	2648256
1788513907.010896988	cycle2	train	331077	12	2136160
1788513907.270511817	cycle2	train	317109	36	2607420
1788513907.270511817	cycle2	train	323223	36	2648256
1788513907.270511817	cycle2	train	331077	13	2137184
1788513907.526482680	cycle2	train	317109	36	2607420
1788513907.526482680	cycle2	train	323223	36	2648256
1788513907.526482680	cycle2	train	331077	13	2137184
1788513907.783938545	cycle2	train	317109	36	2607420
1788513907.783938545	cycle2	train	323223	36	2648256
1788513907.783938545	cycle2	train	331077	13	2139232
1788513908.042240119	cycle2	train	317109	36	2607420
1788513908.042240119	cycle2	train	323223	36	2648256
1788513908.042240119	cycle2	train	331077	13	2232652
1788513908.299317637	cycle2	train	317109	36	2607420
1788513908.299317637	cycle2	train	323223	36	2648256
1788513908.299317637	cycle2	train	331077	13	2363156
1788513908.555010018	cycle2	train	317109	36	2607420
1788513908.555010018	cycle2	train	323223	36	2648256
1788513908.555010018	cycle2	train	331077	13	2402068
1788513908.813510679	cycle2	train	317109	36	2607420
1788513908.813510679	cycle2	train	323223	36	2648256
1788513908.813510679	cycle2	train	331077	13	2430740
1788513909.072950065	cycle2	train	317109	36	2607420
1788513909.072950065	cycle2	train	323223	36	2648256
1788513909.072950065	cycle2	train	331077	13	2489588
1788513909.332978414	cycle2	train	317109	36	2607420
1788513909.332978414	cycle2	train	323223	36	2648256
1788513909.332978414	cycle2	train	331077	13	2513140
1788513909.590290555	cycle2	train	317109	36	2607420
1788513909.590290555	cycle2	train	323223	36	2648256
1788513909.590290555	cycle2	train	331077	13	2514164
1788513909.845082405	cycle2	train	317109	36	2607420
1788513909.845082405	cycle2	train	323223	36	2648256
1788513909.845082405	cycle2	train	331077	13	2521332
1788513910.104140203	cycle2	train	317109	36	2607420
1788513910.104140203	cycle2	train	323223	36	2648256
1788513910.104140203	cycle2	train	331077	13	2574336
1788513910.362757699	cycle2	train	317109	36	2607420
1788513910.362757699	cycle2	train	323223	36	2648256
1788513910.362757699	cycle2	train	331077	14	2597888
1788513910.623742162	cycle2	train	317109	36	2607420
1788513910.623742162	cycle2	train	323223	36	2648256
1788513910.623742162	cycle2	train	331077	14	2600960
1788513910.884555497	cycle2	train	317109	36	2607420
1788513910.884555497	cycle2	train	323223	36	2648256
1788513910.884555497	cycle2	train	331077	14	2617344
1788513911.145571716	cycle2	train	317109	36	2608444
1788513911.145571716	cycle2	train	323223	36	2648256
1788513911.145571716	cycle2	train	331077	14	2617344
1788513911.401816885	cycle2	train	317109	36	2608444
1788513911.401816885	cycle2	train	323223	36	2648256
1788513911.401816885	cycle2	train	331077	14	2617344
1788513911.657702390	cycle2	train	317109	36	2611368
1788513911.657702390	cycle2	train	323223	36	2648256
1788513911.657702390	cycle2	train	331077	14	2647332
1788513911.915166740	cycle2	train	317109	36	2611368
1788513911.915166740	cycle2	train	323223	36	2648256
1788513911.915166740	cycle2	train	331077	14	2647332
1788513912.179547626	cycle2	train	317109	36	2611368
1788513912.179547626	cycle2	train	323223	36	2648256
1788513912.179547626	cycle2	train	331077	14	2650404
1788513912.437698410	cycle2	train	317109	36	2611368
1788513912.437698410	cycle2	train	323223	36	2648256
1788513912.437698410	cycle2	train	331077	14	2760728
1788513912.697664483	cycle2	train	317109	36	2611368
1788513912.697664483	cycle2	train	323223	36	2648256
1788513912.697664483	cycle2	train	331077	14	3083740
1788513912.962995040	cycle2	train	317109	36	2611368
1788513912.962995040	cycle2	train	323223	36	2648256
1788513912.962995040	cycle2	train	331077	14	3083740
1788513913.226668466	cycle2	train	317109	36	2611368
1788513913.226668466	cycle2	train	323223	36	2648256
1788513913.226668466	cycle2	train	331077	14	3085788
1788513913.481132038	cycle2	train	317109	36	2612392
1788513913.481132038	cycle2	train	323223	36	2648256
1788513913.481132038	cycle2	train	331077	14	3086812
1788513913.735933259	cycle2	train	317109	36	2615464
1788513913.735933259	cycle2	train	323223	36	2648256
1788513913.735933259	cycle2	train	331077	14	3088860
1788513913.993699027	cycle2	train	317109	36	2615464
1788513913.993699027	cycle2	train	323223	36	2648256
1788513913.993699027	cycle2	train	331077	14	3088860
1788513914.252536488	cycle2	train	317109	36	2615464
1788513914.252536488	cycle2	train	323223	36	2648256
1788513914.252536488	cycle2	train	331077	14	3088860
1788513914.521504114	cycle2	train	317109	36	2615464
1788513914.521504114	cycle2	train	323223	36	2648256
1788513914.521504114	cycle2	train	331077	14	3088860
1788513914.782796425	cycle2	train	317109	36	2615464
1788513914.782796425	cycle2	train	323223	36	2648256
1788513914.782796425	cycle2	train	331077	14	3090908
1788513915.039695993	cycle2	train	317109	36	2615464
1788513915.039695993	cycle2	train	323223	36	2648256
1788513915.039695993	cycle2	train	331077	14	3122596
1788513915.304482892	cycle2	train	317109	36	2615464
1788513915.304482892	cycle2	train	323223	36	2648256
1788513915.304482892	cycle2	train	331077	14	3158252
1788513915.562392683	cycle2	train	317109	36	2615464
1788513915.562392683	cycle2	train	323223	36	2648256
1788513915.562392683	cycle2	train	331077	14	3160008
1788513915.821128535	cycle2	train	317109	36	2615464
1788513915.821128535	cycle2	train	323223	36	2648256
1788513915.821128535	cycle2	train	331077	14	3160008
1788513916.081722472	cycle2	train	317109	36	2615464
1788513916.081722472	cycle2	train	323223	36	2648256
1788513916.081722472	cycle2	train	331077	13	3159632
1788513916.348477921	cycle2	train	317109	36	2615464
1788513916.348477921	cycle2	train	323223	36	2648256
1788513916.348477921	cycle2	train	331077	13	3159632
1788513916.604375723	cycle2	train	317109	36	2615464
1788513916.604375723	cycle2	train	323223	36	2648256
1788513916.604375723	cycle2	train	331077	13	3159632
1788513916.865242501	cycle2	train	317109	36	2615464
1788513916.865242501	cycle2	train	323223	36	2648256
1788513916.865242501	cycle2	train	331077	13	3159632
1788513917.147174627	cycle2	train	317109	36	2615464
1788513917.147174627	cycle2	train	323223	36	2648256
1788513917.147174627	cycle2	train	331077	13	3159632
1788513917.448321585	cycle2	train	317109	36	2615464
1788513917.448321585	cycle2	train	323223	36	2648256
1788513917.448321585	cycle2	train	331077	13	3159632
1788513917.747084195	cycle2	train	317109	36	2615464
1788513917.747084195	cycle2	train	323223	36	2648256
1788513917.747084195	cycle2	train	331077	13	3159632
1788513918.012591844	cycle2	train	317109	36	2615464
1788513918.012591844	cycle2	train	323223	36	2648256
1788513918.012591844	cycle2	train	331077	13	3159632
1788513918.274603581	cycle2	train	317109	36	2615464
1788513918.274603581	cycle2	train	323223	36	2648256
1788513918.274603581	cycle2	train	331077	13	3159632
1788513918.539021311	cycle2	train	317109	36	2615464
1788513918.539021311	cycle2	train	323223	36	2648256
1788513918.539021311	cycle2	train	331077	13	3159632
1788513918.816539046	cycle2	train	317109	36	2615464
1788513918.816539046	cycle2	train	323223	36	2648256
1788513918.816539046	cycle2	train	331077	13	3159632
1788513919.167640712	cycle2	train	317109	36	2615464
1788513919.167640712	cycle2	train	323223	36	2648256
1788513919.167640712	cycle2	train	331077	13	3159632
1788513919.495837696	cycle2	train	317109	36	2615464
1788513919.495837696	cycle2	train	323223	36	2648256
1788513919.495837696	cycle2	train	331077	13	3159632
1788513919.819421058	cycle2	train	317109	36	2615464
1788513919.819421058	cycle2	train	323223	36	2648256
1788513919.819421058	cycle2	train	331077	13	3159632
1788513920.151190721	cycle2	train	317109	36	2615464
1788513920.151190721	cycle2	train	323223	36	2648256
1788513920.151190721	cycle2	train	331077	12	3158408
1788513920.475074334	cycle2	train	317109	36	2615464
1788513920.475074334	cycle2	train	323223	36	2648256
1788513920.475074334	cycle2	train	331077	12	3158408
1788513920.814922222	cycle2	train	317109	36	2615464
1788513920.814922222	cycle2	train	323223	36	2648256
1788513920.814922222	cycle2	train	331077	12	3158408
1788513921.073542971	cycle2	train	317109	36	2615464
1788513921.073542971	cycle2	train	323223	36	2648256
1788513921.073542971	cycle2	train	331077	12	3158408
1788513921.330601286	cycle2	train	317109	36	2615464
1788513921.330601286	cycle2	train	323223	36	2648256
1788513921.330601286	cycle2	train	331077	12	3147176
1788513921.607139097	cycle2	train	317109	36	2615464
1788513921.607139097	cycle2	train	323223	36	2648256
1788513921.607139097	cycle2	train	331077	12	2878240
1788513921.911774658	cycle2	train	317109	36	2615464
1788513921.911774658	cycle2	train	323223	36	2648256
1788513922.175846368	cycle2	train	317109	36	2615464
1788513922.175846368	cycle2	train	323223	36	2648256
1788513922.432657960	cycle2	train	317109	36	2615464
1788513922.432657960	cycle2	train	323223	36	2648256
1788513922.688570843	cycle2	train	317109	36	2615464
1788513922.688570843	cycle2	train	323223	36	2648256
1788513922.948861230	cycle2	train	317109	36	2615464
1788513922.948861230	cycle2	train	323223	36	2648256
1788513923.211602602	cycle2	train	317109	36	2615464
1788513923.211602602	cycle2	train	323223	36	2648256
1788513923.469531338	cycle2	train	317109	36	2615464
1788513923.469531338	cycle2	train	323223	36	2648256
1788513923.729041760	cycle2	train	317109	36	2615464
1788513923.729041760	cycle2	train	323223	36	2648256
1788513923.986686328	cycle2	train	317109	36	2616488
1788513923.986686328	cycle2	train	323223	36	2648256
1788513924.239120995	cycle2	train	317109	36	2616488
1788513924.239120995	cycle2	train	323223	36	2648256
1788513924.496568523	cycle2	train	317109	36	2616488
1788513924.496568523	cycle2	train	323223	36	2648256
1788513924.753736416	cycle2	train	317109	36	2616488
1788513924.753736416	cycle2	train	323223	36	2648256
1788513925.018113019	cycle2	train	317109	36	2616488
1788513925.018113019	cycle2	train	323223	36	2648256
1788513925.279639595	cycle2	train	317109	36	2616488
1788513925.279639595	cycle2	train	323223	36	2648256
1788513925.539078331	cycle2	train	317109	36	2616488
1788513925.539078331	cycle2	train	323223	36	2648256
1788513925.797665754	cycle2	train	317109	36	2616488
1788513925.797665754	cycle2	train	323223	36	2648256
1788513926.058949079	cycle2	train	317109	36	2616488
1788513926.058949079	cycle2	train	323223	36	2648256
1788513926.318279026	cycle2	train	317109	36	2616488
1788513926.318279026	cycle2	train	323223	36	2648256
1788513926.580994525	cycle2	train	317109	36	2616488
1788513926.580994525	cycle2	train	323223	36	2648256
1788513926.842647685	cycle2	train	317109	36	2616488
1788513926.842647685	cycle2	train	323223	36	2648256
1788513927.106950247	cycle2	train	317109	36	2616488
1788513927.106950247	cycle2	train	323223	36	2648256
1788513927.364006434	cycle2	train	317109	36	2616488
1788513927.364006434	cycle2	train	323223	36	2648256
1788513927.625149307	cycle2	train	317109	36	2616488
1788513927.625149307	cycle2	train	323223	36	2648256
1788513927.881470443	cycle2	train	317109	36	2616488
1788513927.881470443	cycle2	train	323223	36	2648256
1788513928.140751448	cycle2	train	317109	36	2616488
1788513928.140751448	cycle2	train	323223	36	2648256
1788513928.396537368	cycle2	train	317109	36	2616488
1788513928.396537368	cycle2	train	323223	36	2648256
1788513928.655928032	cycle2	train	317109	36	2616488
1788513928.655928032	cycle2	train	323223	36	2648256
1788513928.909639192	cycle2	train	317109	36	2616488
1788513928.909639192	cycle2	train	323223	36	2648256
1788513929.165112807	cycle2	train	317109	36	2616488
1788513929.165112807	cycle2	train	323223	36	2648256
1788513929.419513883	cycle2	train	317109	36	2616488
1788513929.419513883	cycle2	train	323223	36	2648256
1788513929.674989256	cycle2	train	317109	36	2616488
1788513929.674989256	cycle2	train	323223	36	2648256
1788513929.932266643	cycle2	train	317109	36	2616488
1788513929.932266643	cycle2	train	323223	36	2648256
1788513930.192311605	cycle2	train	317109	36	2616488
1788513930.192311605	cycle2	train	323223	36	2648256
1788513930.444562420	cycle2	train	317109	36	2616488
1788513930.444562420	cycle2	train	323223	36	2648256
1788513930.697744357	cycle2	train	317109	36	2616488
1788513930.697744357	cycle2	train	323223	36	2648256
1788513930.958311079	cycle2	train	317109	36	2616488
1788513930.958311079	cycle2	train	323223	36	2648256
1788513931.215765151	cycle2	train	317109	36	2616488
1788513931.215765151	cycle2	train	323223	36	2648256
1788513931.469377035	cycle2	train	317109	36	2616488
1788513931.469377035	cycle2	train	323223	36	2648256
1788513931.724721040	cycle2	train	317109	36	2616488
1788513931.724721040	cycle2	train	323223	36	2648256
1788513931.979298725	cycle2	train	317109	36	2616488
1788513931.979298725	cycle2	train	323223	36	2648256
1788513932.236693847	cycle2	train	317109	36	2616488
1788513932.236693847	cycle2	train	323223	36	2648256
1788513932.493025334	cycle2	train	317109	36	2616488
1788513932.493025334	cycle2	train	323223	36	2648256
1788513932.762221107	cycle2	train	317109	36	2616488
1788513932.762221107	cycle2	train	323223	36	2648256
1788513933.017138535	cycle2	train	317109	36	2616488
1788513933.017138535	cycle2	train	323223	36	2648256
1788513933.275658694	cycle2	train	317109	36	2616488
1788513933.275658694	cycle2	train	323223	36	2648256
1788513933.529615286	cycle2	train	317109	36	2616488
1788513933.529615286	cycle2	train	323223	36	2648256
1788513933.788441095	cycle2	train	317109	36	2616488
1788513933.788441095	cycle2	train	323223	36	2648256
1788513934.042191344	cycle2	train	317109	36	2616488
1788513934.042191344	cycle2	train	323223	36	2648256
1788513934.300207416	cycle2	train	317109	36	2619560
1788513934.300207416	cycle2	train	323223	36	2648256
1788513934.555638337	cycle2	train	317109	36	2619560
1788513934.555638337	cycle2	train	323223	36	2648256
1788513934.808960902	probe_search	train	317109	36	2619560
1788513934.808960902	probe_search	train	323223	36	2648256
1788513935.067112564	probe_search	train	317109	36	2619560
1788513935.067112564	probe_search	train	323223	36	2648256
1788513935.067112564	probe_search	selfplay	332406	1	21504
1788513935.326551807	probe_search	train	317109	36	2619560
1788513935.326551807	probe_search	train	323223	36	2648256
1788513935.326551807	probe_search	selfplay	332406	3	266996
1788513935.587547533	probe_search	train	317109	36	2619560
1788513935.587547533	probe_search	train	323223	36	2648256
1788513935.587547533	probe_search	selfplay	332406	3	266996
1788513935.848437124	probe_search	train	317109	36	2619560
1788513935.848437124	probe_search	train	323223	36	2648256
1788513935.848437124	probe_search	selfplay	332406	4	401140
1788513936.101644011	probe_search	train	317109	36	2619560
1788513936.101644011	probe_search	train	323223	36	2648256
1788513936.101644011	probe_search	selfplay	332406	5	728244
1788513936.359845507	probe_search	train	317109	36	2619560
1788513936.359845507	probe_search	train	323223	36	2648256
1788513936.359845507	probe_search	selfplay	332406	25	1153396
1788513936.619631082	probe_search	train	317109	36	2619560
1788513936.619631082	probe_search	train	323223	36	2648256
1788513936.619631082	probe_search	selfplay	332406	25	1166708
1788513936.877015489	probe_search	train	317109	36	2619560
1788513936.877015489	probe_search	train	323223	36	2648256
1788513936.877015489	probe_search	selfplay	332406	25	1178996
1788513937.136741145	probe_search	train	317109	36	2619560
1788513937.136741145	probe_search	train	323223	36	2648256
1788513937.136741145	probe_search	selfplay	332406	25	1189236
1788513937.396749608	probe_search	train	317109	36	2619560
1788513937.396749608	probe_search	train	323223	36	2648256
1788513937.396749608	probe_search	selfplay	332406	25	1197428
1788513937.648897374	probe_search	train	317109	36	2619560
1788513937.648897374	probe_search	train	323223	36	2648256
1788513937.648897374	probe_search	selfplay	332406	25	1205620
1788513937.906300759	probe_search	train	317109	36	2619560
1788513937.906300759	probe_search	train	323223	36	2648256
1788513937.906300759	probe_search	selfplay	332406	25	1213812
1788513938.161300256	probe_search	train	317109	36	2619560
1788513938.161300256	probe_search	train	323223	36	2648256
1788513938.161300256	probe_search	selfplay	332406	25	1223028
1788513938.424288894	probe_search	train	317109	36	2619560
1788513938.424288894	probe_search	train	323223	36	2648256
1788513938.424288894	probe_search	selfplay	332406	25	1231220
1788513938.678849642	probe_search	train	317109	36	2619560
1788513938.678849642	probe_search	train	323223	36	2648256
1788513938.678849642	probe_search	selfplay	332406	25	1238388
1788513938.944335690	probe_search	train	317109	36	2619560
1788513938.944335690	probe_search	train	323223	36	2648256
1788513938.944335690	probe_search	selfplay	332406	25	1246580
1788513939.203604565	probe_search	train	317109	36	2619560
1788513939.203604565	probe_search	train	323223	36	2648256
1788513939.203604565	probe_search	selfplay	332406	25	1254772
1788513939.458207954	probe_search	train	317109	36	2619560
1788513939.458207954	probe_search	train	323223	36	2648256
1788513939.458207954	probe_search	selfplay	332406	25	1262964
1788513939.719500313	probe_search	train	317109	36	2619560
1788513939.719500313	probe_search	train	323223	36	2648256
1788513939.719500313	probe_search	selfplay	332406	25	1271156
1788513939.976507901	probe_search	train	317109	36	2619560
1788513939.976507901	probe_search	train	323223	36	2648256
1788513939.976507901	probe_search	selfplay	332406	25	1279348
1788513940.233788021	probe_search	train	317109	36	2619560
1788513940.233788021	probe_search	train	323223	36	2648256
1788513940.233788021	probe_search	selfplay	332406	25	1287540
1788513940.501886021	probe_search	train	317109	36	2619560
1788513940.501886021	probe_search	train	323223	36	2648256
1788513940.501886021	probe_search	selfplay	332406	25	1295732
1788513940.756366086	probe_search	train	317109	36	2619560
1788513940.756366086	probe_search	train	323223	36	2648256
1788513940.756366086	probe_search	selfplay	332406	25	1303924
1788513941.018410785	probe_search	train	317109	36	2619560
1788513941.018410785	probe_search	train	323223	36	2648256
1788513941.018410785	probe_search	selfplay	332406	25	1313140
1788513941.272242056	probe_search	train	317109	36	2619560
1788513941.272242056	probe_search	train	323223	36	2648256
1788513941.272242056	probe_search	selfplay	332406	25	1320308
1788513941.535128101	probe_search	train	317109	36	2619560
1788513941.535128101	probe_search	train	323223	36	2648256
1788513941.535128101	probe_search	selfplay	332406	25	1328500
1788513941.792604745	probe_search	train	317109	36	2619560
1788513941.792604745	probe_search	train	323223	36	2648256
1788513941.792604745	probe_search	selfplay	332406	25	1336692
1788513942.053330389	probe_search	train	317109	36	2619560
1788513942.053330389	probe_search	train	323223	36	2648256
1788513942.053330389	probe_search	selfplay	332406	25	1343860
1788513942.312961188	probe_search	train	317109	36	2619560
1788513942.312961188	probe_search	train	323223	36	2648256
1788513942.312961188	probe_search	selfplay	332406	25	1352052
1788513942.573539760	probe_search	train	317109	36	2619560
1788513942.573539760	probe_search	train	323223	36	2648256
1788513942.573539760	probe_search	selfplay	332406	25	1360244
1788513942.836097586	probe_search	train	317109	36	2619560
1788513942.836097586	probe_search	train	323223	36	2648256
1788513942.836097586	probe_search	selfplay	332406	25	1368436
1788513943.091282370	probe_search	train	317109	36	2619560
1788513943.091282370	probe_search	train	323223	36	2648256
1788513943.091282370	probe_search	selfplay	332406	25	1375604
1788513943.349967816	probe_search	train	317109	36	2619560
1788513943.349967816	probe_search	train	323223	36	2648256
1788513943.349967816	probe_search	selfplay	332406	25	1382772
1788513943.607457691	probe_search	train	317109	36	2619560
1788513943.607457691	probe_search	train	323223	36	2648256
1788513943.607457691	probe_search	selfplay	332406	25	1390964
1788513943.866462497	probe_search	train	317109	36	2619560
1788513943.866462497	probe_search	train	323223	36	2648256
1788513943.866462497	probe_search	selfplay	332406	25	1398132
1788513944.122967662	probe_search	train	317109	36	2619560
1788513944.122967662	probe_search	train	323223	36	2648256
1788513944.122967662	probe_search	selfplay	332406	25	1406324
1788513944.383579593	probe_search	train	317109	36	2621608
1788513944.383579593	probe_search	train	323223	36	2648256
1788513944.383579593	probe_search	selfplay	332406	25	1413492
1788513944.647344555	probe_search	train	317109	36	2621608
1788513944.647344555	probe_search	train	323223	36	2648256
1788513944.647344555	probe_search	selfplay	332406	25	1421684
1788513944.905754638	probe_search	train	317109	36	2621608
1788513944.905754638	probe_search	train	323223	36	2648256
1788513944.905754638	probe_search	selfplay	332406	25	1428852
1788513945.162444774	probe_search	train	317109	36	2621608
1788513945.162444774	probe_search	train	323223	36	2648256
1788513945.162444774	probe_search	selfplay	332406	25	1437044
1788513945.419472394	probe_search	train	317109	36	2621608
1788513945.419472394	probe_search	train	323223	36	2648256
1788513945.419472394	probe_search	selfplay	332406	25	1444212
1788513945.678541291	probe_search	train	317109	36	2621608
1788513945.678541291	probe_search	train	323223	36	2648256
1788513945.678541291	probe_search	selfplay	332406	25	1451380
1788513945.942772859	probe_search	train	317109	36	2621608
1788513945.942772859	probe_search	train	323223	36	2648256
1788513945.942772859	probe_search	selfplay	332406	25	1458548
1788513946.198544315	probe_search	train	317109	36	2621608
1788513946.198544315	probe_search	train	323223	36	2648256
1788513946.198544315	probe_search	selfplay	332406	25	1465716
1788513946.453040897	probe_search	train	317109	36	2621608
1788513946.453040897	probe_search	train	323223	36	2648256
1788513946.453040897	probe_search	selfplay	332406	25	1473908
1788513946.714949772	probe_search	train	317109	36	2621608
1788513946.714949772	probe_search	train	323223	36	2648256
1788513946.714949772	probe_search	selfplay	332406	25	1481076
1788513946.971159538	probe_search	train	317109	36	2621608
1788513946.971159538	probe_search	train	323223	36	2648256
1788513946.971159538	probe_search	selfplay	332406	25	1488244
1788513947.225015495	probe_search	train	317109	36	2621608
1788513947.225015495	probe_search	train	323223	36	2648256
1788513947.225015495	probe_search	selfplay	332406	25	1495412
1788513947.480719144	probe_search	train	317109	36	2621608
1788513947.480719144	probe_search	train	323223	36	2648256
1788513947.480719144	probe_search	selfplay	332406	25	1502580
1788513947.739615416	probe_search	train	317109	36	2621608
1788513947.739615416	probe_search	train	323223	36	2648256
1788513947.739615416	probe_search	selfplay	332406	25	1509748
1788513947.999762414	probe_search	train	317109	36	2621608
1788513947.999762414	probe_search	train	323223	36	2648256
1788513947.999762414	probe_search	selfplay	332406	25	1516916
1788513948.256458589	probe_search	train	317109	36	2621608
1788513948.256458589	probe_search	train	323223	36	2648256
1788513948.256458589	probe_search	selfplay	332406	25	1524084
1788513948.510471290	probe_search	train	317109	36	2621608
1788513948.510471290	probe_search	train	323223	36	2648256
1788513948.510471290	probe_search	selfplay	332406	25	1532276
1788513948.770174189	probe_search	train	317109	36	2621608
1788513948.770174189	probe_search	train	323223	36	2648256
1788513948.770174189	probe_search	selfplay	332406	25	1540468
1788513949.035669843	probe_search	train	317109	36	2621608
1788513949.035669843	probe_search	train	323223	36	2648256
1788513949.035669843	probe_search	selfplay	332406	25	1547636
1788513949.297824700	probe_search	train	317109	36	2621608
1788513949.297824700	probe_search	train	323223	36	2648256
1788513949.297824700	probe_search	selfplay	332406	25	1554804
1788513949.559836220	probe_search	train	317109	36	2621608
1788513949.559836220	probe_search	train	323223	36	2648256
1788513949.559836220	probe_search	selfplay	332406	25	1561972
1788513949.817316797	probe_search	train	317109	36	2621608
1788513949.817316797	probe_search	train	323223	36	2648256
1788513949.817316797	probe_search	selfplay	332406	25	1569140
1788513950.072120930	probe_search	train	317109	36	2621608
1788513950.072120930	probe_search	train	323223	36	2648256
1788513950.072120930	probe_search	selfplay	332406	25	1576308
1788513950.328111716	probe_search	train	317109	36	2621608
1788513950.328111716	probe_search	train	323223	36	2648256
1788513950.328111716	probe_search	selfplay	332406	25	1583476
1788513950.585048450	probe_search	train	317109	36	2621608
1788513950.585048450	probe_search	train	323223	36	2648256
1788513950.585048450	probe_search	selfplay	332406	25	1590644
1788513950.839679875	probe_search	train	317109	36	2621608
1788513950.839679875	probe_search	train	323223	36	2648256
1788513950.839679875	probe_search	selfplay	332406	25	1596788
1788513951.092149086	probe_search	train	317109	36	2621608
1788513951.092149086	probe_search	train	323223	36	2648256
1788513951.092149086	probe_search	selfplay	332406	25	1603956
1788513951.348242879	probe_search	train	317109	36	2621608
1788513951.348242879	probe_search	train	323223	36	2648256
1788513951.348242879	probe_search	selfplay	332406	24	1612148
1788513951.607887112	probe_search	train	317109	36	2621608
1788513951.607887112	probe_search	train	323223	36	2648256
1788513951.607887112	probe_search	selfplay	332406	24	1619316
1788513951.864474726	probe_search	train	317109	36	2621608
1788513951.864474726	probe_search	train	323223	36	2648256
1788513951.864474726	probe_search	selfplay	332406	23	1625460
1788513952.131522429	probe_search	train	317109	36	2621608
1788513952.131522429	probe_search	train	323223	36	2648256
1788513952.131522429	probe_search	selfplay	332406	23	1631604
1788513952.388355455	probe_search	train	317109	36	2621608
1788513952.388355455	probe_search	train	323223	36	2648256
1788513952.388355455	probe_search	selfplay	332406	23	1637748
1788513952.650064513	probe_search	train	317109	36	2621608
1788513952.650064513	probe_search	train	323223	36	2648256
1788513952.650064513	probe_search	selfplay	332406	23	1644916
1788513952.910638114	probe_search	train	317109	36	2621608
1788513952.910638114	probe_search	train	323223	36	2648256
1788513952.910638114	probe_search	selfplay	332406	23	1651060
1788513953.163846869	probe_search	train	317109	36	2621608
1788513953.163846869	probe_search	train	323223	36	2648256
1788513953.163846869	probe_search	selfplay	332406	23	1657204
1788513953.421130538	probe_search	train	317109	36	2621608
1788513953.421130538	probe_search	train	323223	36	2648256
1788513953.421130538	probe_search	selfplay	332406	22	1663348
1788513953.681699638	probe_search	train	317109	36	2621608
1788513953.681699638	probe_search	train	323223	36	2648256
1788513953.681699638	probe_search	selfplay	332406	19	1668468
1788513953.938945550	probe_search	train	317109	36	2621608
1788513953.938945550	probe_search	train	323223	36	2648256
1788513953.938945550	probe_search	selfplay	332406	19	1673588
1788513954.195743151	probe_search	train	317109	36	2621608
1788513954.195743151	probe_search	train	323223	36	2648256
1788513954.195743151	probe_search	selfplay	332406	19	1677684
1788513954.452232730	probe_search	train	317109	36	2621608
1788513954.452232730	probe_search	train	323223	36	2648256
1788513954.452232730	probe_search	selfplay	332406	17	1682724
1788513954.712064120	probe_search	train	317109	36	2621608
1788513954.712064120	probe_search	train	323223	36	2648256
1788513954.712064120	probe_search	selfplay	332406	16	1686820
1788513954.975253016	probe_search	train	317109	36	2621608
1788513954.975253016	probe_search	train	323223	36	2648256
1788513954.975253016	probe_search	selfplay	332406	15	1689892
1788513955.236581681	probe_search	train	317109	36	2621608
1788513955.236581681	probe_search	train	323223	36	2648256
1788513955.236581681	probe_search	selfplay	332406	15	1692964
1788513955.492396343	probe_search	train	317109	36	2621608
1788513955.492396343	probe_search	train	323223	36	2648256
1788513955.492396343	probe_search	selfplay	332406	15	1696036
1788513955.749609517	probe_search	train	317109	36	2621608
1788513955.749609517	probe_search	train	323223	36	2648256
1788513955.749609517	probe_search	selfplay	332406	15	1700132
1788513956.016293589	probe_search	train	317109	36	2621608
1788513956.016293589	probe_search	train	323223	36	2648256
1788513956.016293589	probe_search	selfplay	332406	13	1702044
1788513956.270926108	probe_search	train	317109	36	2621608
1788513956.270926108	probe_search	train	323223	36	2648256
1788513956.270926108	probe_search	selfplay	332406	13	1705116
1788513956.524748872	probe_search	train	317109	36	2621608
1788513956.524748872	probe_search	train	323223	36	2648256
1788513956.524748872	probe_search	selfplay	332406	13	1707164
1788513956.787417969	probe_search	train	317109	36	2621608
1788513956.787417969	probe_search	train	323223	36	2648256
1788513956.787417969	probe_search	selfplay	332406	13	1710236
1788513957.053445572	probe_search	train	317109	36	2621608
1788513957.053445572	probe_search	train	323223	36	2648256
1788513957.053445572	probe_search	selfplay	332406	13	1712284
1788513957.307878730	probe_search	train	317109	36	2621608
1788513957.307878730	probe_search	train	323223	36	2648256
1788513957.307878730	probe_search	selfplay	332406	13	1714332
1788513957.564505016	probe_search	train	317109	36	2621608
1788513957.564505016	probe_search	train	323223	36	2648256
1788513957.564505016	probe_search	selfplay	332406	13	1717404
1788513957.818470015	probe_search	train	317109	36	2621608
1788513957.818470015	probe_search	train	323223	36	2648256
1788513957.818470015	probe_search	selfplay	332406	13	1719452
1788513958.077286565	probe_search	train	317109	36	2621608
1788513958.077286565	probe_search	train	323223	36	2648256
1788513958.077286565	probe_search	selfplay	332406	12	1721500
1788513958.333187740	probe_search	train	317109	36	2621608
1788513958.333187740	probe_search	train	323223	36	2648256
1788513958.333187740	probe_search	selfplay	332406	12	1723548
1788513958.586469322	probe_search	train	317109	36	2621608
1788513958.586469322	probe_search	train	323223	36	2648256
1788513958.586469322	probe_search	selfplay	332406	12	1725596
1788513958.849391382	probe_search	train	317109	36	2621608
1788513958.849391382	probe_search	train	323223	36	2648256
1788513958.849391382	probe_search	selfplay	332406	12	1726620
1788513959.109959228	probe_search	train	317109	36	2621608
1788513959.109959228	probe_search	train	323223	36	2648256
1788513959.109959228	probe_search	selfplay	332406	12	1728668
1788513959.375721637	probe_search	train	317109	36	2621608
1788513959.375721637	probe_search	train	323223	36	2648256
1788513959.375721637	probe_search	selfplay	332406	12	1730716
1788513959.636172994	probe_search	train	317109	36	2621608
1788513959.636172994	probe_search	train	323223	36	2648256
1788513959.636172994	probe_search	selfplay	332406	12	1732764
1788513959.896795114	probe_search	train	317109	36	2621608
1788513959.896795114	probe_search	train	323223	36	2648256
1788513959.896795114	probe_search	selfplay	332406	12	1734812
1788513960.153287915	probe_search	train	317109	36	2621608
1788513960.153287915	probe_search	train	323223	36	2648256
1788513960.153287915	probe_search	selfplay	332406	11	1736860
1788513960.410025047	probe_search	train	317109	36	2621608
1788513960.410025047	probe_search	train	323223	36	2648256
1788513960.410025047	probe_search	selfplay	332406	11	1738908
1788513960.662836504	probe_search	train	317109	36	2621608
1788513960.662836504	probe_search	train	323223	36	2648256
1788513960.662836504	probe_search	selfplay	332406	11	1739932
1788513960.916826784	probe_search	train	317109	36	2621608
1788513960.916826784	probe_search	train	323223	36	2648256
1788513960.916826784	probe_search	selfplay	332406	11	1741980
1788513961.177201356	probe_search	train	317109	36	2621608
1788513961.177201356	probe_search	train	323223	36	2648256
1788513961.177201356	probe_search	selfplay	332406	11	1744028
1788513961.430282885	probe_search	train	317109	36	2621608
1788513961.430282885	probe_search	train	323223	36	2648256
1788513961.430282885	probe_search	selfplay	332406	10	1745052
1788513961.687931089	probe_search	train	317109	36	2621608
1788513961.687931089	probe_search	train	323223	36	2648256
1788513961.687931089	probe_search	selfplay	332406	10	1747100
1788513961.944393166	probe_search	train	317109	36	2621608
1788513961.944393166	probe_search	train	323223	36	2648256
1788513961.944393166	probe_search	selfplay	332406	9	1748124
1788513962.210531092	probe_search	train	317109	36	2621608
1788513962.210531092	probe_search	train	323223	36	2648256
1788513962.210531092	probe_search	selfplay	332406	9	1749148
1788513962.471852712	probe_search	train	317109	36	2621608
1788513962.471852712	probe_search	train	323223	36	2648256
1788513962.471852712	probe_search	selfplay	332406	9	1750172
1788513962.725670988	probe_search	train	317109	36	2621608
1788513962.725670988	probe_search	train	323223	36	2648256
1788513962.725670988	probe_search	selfplay	332406	9	1751196
1788513962.981901470	probe_search	train	317109	36	2621608
1788513962.981901470	probe_search	train	323223	36	2648256
1788513962.981901470	probe_search	selfplay	332406	9	1752220
1788513963.244014244	probe_search	train	317109	36	2621608
1788513963.244014244	probe_search	train	323223	36	2648256
1788513963.244014244	probe_search	selfplay	332406	9	1754268
1788513963.499469798	probe_search	train	317109	36	2621608
1788513963.499469798	probe_search	train	323223	36	2648256
1788513963.499469798	probe_search	selfplay	332406	9	1754268
1788513963.755576209	probe_search	train	317109	36	2621608
1788513963.755576209	probe_search	train	323223	36	2648256
1788513963.755576209	probe_search	selfplay	332406	8	1755292
1788513964.011672047	probe_search	train	317109	36	2621608
1788513964.011672047	probe_search	train	323223	36	2648256
1788513964.011672047	probe_search	selfplay	332406	8	1756316
1788513964.267678802	probe_search	train	317109	36	2621608
1788513964.267678802	probe_search	train	323223	36	2648256
1788513964.267678802	probe_search	selfplay	332406	8	1757340
1788513964.519721276	probe_search	train	317109	36	2621608
1788513964.519721276	probe_search	train	323223	36	2648256
1788513964.519721276	probe_search	selfplay	332406	8	1758364
1788513964.774154011	probe_search	train	317109	36	2621608
1788513964.774154011	probe_search	train	323223	36	2648256
1788513964.774154011	probe_search	selfplay	332406	8	1759388
1788513965.029256069	probe_search	train	317109	36	2621608
1788513965.029256069	probe_search	train	323223	36	2648256
1788513965.029256069	probe_search	selfplay	332406	8	1760412
1788513965.289041921	probe_search	train	317109	36	2621608
1788513965.289041921	probe_search	train	323223	36	2648256
1788513965.289041921	probe_search	selfplay	332406	6	1745672
1788513965.548266011	probe_search	train	317109	36	2621608
1788513965.548266011	probe_search	train	323223	36	2648256
1788513965.548266011	probe_search	selfplay	332406	6	1745672
1788513965.813283034	probe_search	train	317109	36	2621608
1788513965.813283034	probe_search	train	323223	36	2648256
1788513965.813283034	probe_search	selfplay	332406	5	1742488
1788513966.068144978	probe_search	train	317109	36	2621608
1788513966.068144978	probe_search	train	323223	36	2648256
1788513966.327599363	probe_search	train	317109	36	2621608
1788513966.327599363	probe_search	train	323223	36	2648256
1788513966.580563029	probe_search	train	317109	36	2621608
1788513966.580563029	probe_search	train	323223	36	2648256
1788513966.833179603	probe_train	train	317109	36	2621608
1788513966.833179603	probe_train	train	323223	36	2648256
1788513967.088134186	probe_train	train	317109	36	2621608
1788513967.088134186	probe_train	train	323223	36	2648256
1788513967.345788800	probe_train	train	317109	36	2621608
1788513967.345788800	probe_train	train	323223	36	2648256
1788513967.605656125	probe_train	train	317109	36	2621608
1788513967.605656125	probe_train	train	323223	36	2648256
1788513967.866109398	probe_train	train	317109	36	2621608
1788513967.866109398	probe_train	train	323223	36	2648256
1788513968.129164162	probe_train	train	317109	36	2621608
1788513968.129164162	probe_train	train	323223	36	2648256
1788513968.385144660	probe_train	train	317109	36	2621608
1788513968.385144660	probe_train	train	323223	36	2648256
1788513968.638386567	probe_train	train	317109	36	2621608
1788513968.638386567	probe_train	train	323223	36	2648256
1788513968.901619133	probe_train	train	317109	36	2621608
1788513968.901619133	probe_train	train	323223	36	2648256
1788513969.167392123	probe_train	train	317109	36	2621608
1788513969.167392123	probe_train	train	323223	36	2648256
1788513969.429858441	probe_train	train	317109	36	2621608
1788513969.429858441	probe_train	train	323223	36	2648256
1788513969.689120821	probe_train	train	317109	36	2621608
1788513969.689120821	probe_train	train	323223	36	2648256
1788513969.947891349	probe_train	train	317109	36	2621608
1788513969.947891349	probe_train	train	323223	36	2648256
1788513970.211986607	probe_train	train	317109	36	2621608
1788513970.211986607	probe_train	train	323223	36	2648256
1788513970.472599015	probe_train	train	317109	36	2621608
1788513970.472599015	probe_train	train	323223	36	2648256
1788513970.730922044	probe_train	train	317109	36	2621608
1788513970.730922044	probe_train	train	323223	36	2648256
1788513970.988098496	probe_train	train	317109	36	2621608
1788513970.988098496	probe_train	train	323223	36	2648256
1788513971.246284852	probe_train	train	317109	36	2621608
1788513971.246284852	probe_train	train	323223	36	2648256
1788513971.509051104	probe_train	train	317109	36	2621608
1788513971.509051104	probe_train	train	323223	36	2648256
1788513971.769575443	probe_train	train	317109	36	2621608
1788513971.769575443	probe_train	train	323223	36	2648256
1788513972.026383932	probe_train	train	317109	36	2621608
1788513972.026383932	probe_train	train	323223	36	2648256
1788513972.288207414	probe_train	train	317109	36	2621608
1788513972.288207414	probe_train	train	323223	36	2648256
1788513972.544165585	probe_train	train	317109	36	2621608
1788513972.544165585	probe_train	train	323223	36	2648256
1788513972.544165585	probe_train	train	333416	4	26624
1788513972.803507832	probe_train	train	317109	36	2621608
1788513972.803507832	probe_train	train	323223	36	2648256
1788513972.803507832	probe_train	train	333416	4	322208
1788513973.058904948	probe_train	train	317109	36	2621608
1788513973.058904948	probe_train	train	323223	36	2648256
1788513973.058904948	probe_train	train	333416	4	478160
1788513973.316386075	probe_train	train	317109	36	2621608
1788513973.316386075	probe_train	train	323223	36	2648256
1788513973.316386075	probe_train	train	333416	4	506832
1788513973.572506422	probe_train	train	317109	36	2621608
1788513973.572506422	probe_train	train	323223	36	2648256
1788513973.572506422	probe_train	train	333416	4	523216
1788513973.828551355	probe_train	train	317109	36	2621608
1788513973.828551355	probe_train	train	323223	36	2648256
1788513973.828551355	probe_train	train	333416	4	538576
1788513974.083213435	probe_train	train	317109	36	2621608
1788513974.083213435	probe_train	train	323223	36	2648256
1788513974.083213435	probe_train	train	333416	4	560080
1788513974.339123615	probe_train	train	317109	36	2621608
1788513974.339123615	probe_train	train	323223	36	2648256
1788513974.339123615	probe_train	train	333416	4	636880
1788513974.594949327	probe_train	train	317109	36	2621608
1788513974.594949327	probe_train	train	323223	36	2648256
1788513974.594949327	probe_train	train	333416	4	648144
1788513974.852793622	probe_train	train	317109	36	2621608
1788513974.852793622	probe_train	train	323223	36	2648256
1788513974.852793622	probe_train	train	333416	4	664528
1788513975.112657588	probe_train	train	317109	36	2621608
1788513975.112657588	probe_train	train	323223	36	2648256
1788513975.112657588	probe_train	train	333416	4	674492
1788513975.373297122	probe_train	train	317109	36	2621608
1788513975.373297122	probe_train	train	323223	36	2648256
1788513975.373297122	probe_train	train	333416	5	690876
1788513975.645085756	probe_train	train	317109	36	2621608
1788513975.645085756	probe_train	train	323223	36	2648256
1788513975.645085756	probe_train	train	333416	5	690876
1788513975.906935040	probe_train	train	317109	36	2621608
1788513975.906935040	probe_train	train	323223	36	2648256
1788513975.906935040	probe_train	train	333416	5	702140
1788513976.166252092	probe_train	train	317109	36	2621608
1788513976.166252092	probe_train	train	323223	36	2648256
1788513976.166252092	probe_train	train	333416	5	711356
1788513976.429772455	probe_train	train	317109	36	2621608
1788513976.429772455	probe_train	train	323223	36	2648256
1788513976.429772455	probe_train	train	333416	5	749244
1788513976.692456030	probe_train	train	317109	36	2621608
1788513976.692456030	probe_train	train	323223	36	2648256
1788513976.692456030	probe_train	train	333416	5	837856
1788513976.952316085	probe_train	train	317109	36	2621608
1788513976.952316085	probe_train	train	323223	36	2648256
1788513976.952316085	probe_train	train	333416	5	900268
1788513977.217164113	probe_train	train	317109	36	2621608
1788513977.217164113	probe_train	train	323223	36	2648256
1788513977.217164113	probe_train	train	333416	5	1038816
1788513977.476878251	probe_train	train	317109	36	2621608
1788513977.476878251	probe_train	train	323223	36	2648256
1788513977.476878251	probe_train	train	333416	5	1101300
1788513977.740539954	probe_train	train	317109	36	2621608
1788513977.740539954	probe_train	train	323223	36	2648256
1788513977.740539954	probe_train	train	333416	5	1117684
1788513978.008821596	probe_train	train	317109	36	2621608
1788513978.008821596	probe_train	train	323223	36	2648256
1788513978.008821596	probe_train	train	333416	5	1177076
1788513978.267169904	probe_train	train	317109	36	2621608
1788513978.267169904	probe_train	train	323223	36	2648256
1788513978.267169904	probe_train	train	333416	5	1353204
1788513978.526065840	probe_train	train	317109	36	2621608
1788513978.526065840	probe_train	train	323223	36	2648256
1788513978.526065840	probe_train	train	333416	5	1353204
1788513978.793951821	probe_train	train	317109	36	2621608
1788513978.793951821	probe_train	train	323223	36	2648256
1788513978.793951821	probe_train	train	333416	5	1467864
1788513979.059988125	probe_train	train	317109	36	2621608
1788513979.059988125	probe_train	train	323223	36	2648256
1788513979.059988125	probe_train	train	333416	5	1586928
1788513979.320808264	probe_train	train	317109	36	2621608
1788513979.320808264	probe_train	train	323223	36	2648256
1788513979.320808264	probe_train	train	333416	10	1861372
1788513979.577685398	probe_train	train	317109	36	2621608
1788513979.577685398	probe_train	train	323223	36	2648256
1788513979.577685398	probe_train	train	333416	10	1909032
1788513979.838722462	probe_train	train	317109	36	2621608
1788513979.838722462	probe_train	train	323223	36	2648256
1788513980.091586399	probe_train	train	317109	36	2621608
1788513980.091586399	probe_train	train	323223	36	2648256
1788513980.356070164	probe_train	train	317109	36	2621608
1788513980.356070164	probe_train	train	323223	36	2648256
1788513980.610520760	probe_train	train	317109	36	2621608
1788513980.610520760	probe_train	train	323223	36	2648256
1788513980.875041790	probe_train	train	317109	36	2621608
1788513980.875041790	probe_train	train	323223	36	2648256
1788513981.134826015	probe_train	train	317109	36	2621608
1788513981.134826015	probe_train	train	323223	36	2648256
1788513981.402351239	probe_train	train	317109	36	2621608
1788513981.402351239	probe_train	train	323223	36	2648256
1788513981.659386705	probe_train	train	317109	36	2621608
1788513981.659386705	probe_train	train	323223	36	2648256
1788513981.923902273	probe_train	train	317109	36	2621608
1788513981.923902273	probe_train	train	323223	36	2648256
1788513982.180172823	probe_train	train	317109	36	2621608
1788513982.180172823	probe_train	train	323223	36	2648256
1788513982.432646517	probe_train	train	317109	36	2621608
1788513982.432646517	probe_train	train	323223	36	2648256
1788513982.691500426	probe_train	train	317109	36	2621608
1788513982.691500426	probe_train	train	323223	36	2648256
1788513982.950778502	probe_train	train	317109	36	2621608
1788513982.950778502	probe_train	train	323223	36	2648256
1788513983.207995567	probe_train	train	317109	36	2621608
1788513983.207995567	probe_train	train	323223	36	2648256
1788513983.459836690	probe_train	train	317109	36	2621608
1788513983.459836690	probe_train	train	323223	36	2648256
1788513983.713323437	probe_train	train	317109	36	2621608
1788513983.713323437	probe_train	train	323223	36	2648256
1788513983.969915815	probe_train	train	317109	36	2621608
1788513983.969915815	probe_train	train	323223	36	2648256
1788513984.229214682	probe_train	train	317109	36	2621608
1788513984.229214682	probe_train	train	323223	36	2648256
1788513984.487354572	probe_train	train	317109	36	2621608
1788513984.487354572	probe_train	train	323223	36	2648256
1788513984.743798307	probe_train	train	317109	36	2621608
1788513984.743798307	probe_train	train	323223	36	2648256
1788513985.003142530	probe_train	train	317109	36	2621608
1788513985.003142530	probe_train	train	323223	36	2648256
1788513985.257939491	probe_train	train	317109	36	2621608
1788513985.257939491	probe_train	train	323223	36	2648256
1788513985.510162054	probe_train	train	317109	36	2621608
1788513985.510162054	probe_train	train	323223	36	2648256
1788513985.763668655	probe_train	train	317109	36	2621608
1788513985.763668655	probe_train	train	323223	36	2648256
1788513986.020668177	probe_train	train	317109	36	2621608
1788513986.020668177	probe_train	train	323223	36	2648256
1788513986.274518181	probe_train	train	317109	36	2621608
1788513986.274518181	probe_train	train	323223	36	2648256
1788513986.527743301	probe_train	train	317109	36	2621608
1788513986.527743301	probe_train	train	323223	36	2648256
1788513986.781542087	probe_train	train	317109	36	2621608
1788513986.781542087	probe_train	train	323223	36	2648256
1788513987.038374425	probe_train	train	317109	36	2621608
1788513987.038374425	probe_train	train	323223	36	2648256
1788513987.294897010	probe_train	train	317109	36	2621608
1788513987.294897010	probe_train	train	323223	36	2648256
1788513987.551744256	probe_train	train	317109	36	2621608
1788513987.551744256	probe_train	train	323223	36	2648256
1788513987.551744256	probe_train	train	333823	1	1024
1788513987.551744256	probe_train	train	333824	1	0
1788513987.813532772	probe_train	train	317109	36	2621608
1788513987.813532772	probe_train	train	323223	36	2648256
1788513987.813532772	probe_train	train	333823	1	1024
1788513987.813532772	probe_train	train	333824	4	187288
1788513988.084732760	probe_train	train	317109	36	2621608
1788513988.084732760	probe_train	train	323223	36	2648256
1788513988.084732760	probe_train	train	333823	1	1024
1788513988.084732760	probe_train	train	333824	4	394912
1788513988.338799418	probe_train	train	317109	36	2621608
1788513988.338799418	probe_train	train	323223	36	2648256
1788513988.338799418	probe_train	train	333823	1	1024
1788513988.338799418	probe_train	train	333824	4	495256
1788513988.599334998	probe_train	train	317109	36	2621608
1788513988.599334998	probe_train	train	323223	36	2648256
1788513988.599334998	probe_train	train	333823	1	1024
1788513988.599334998	probe_train	train	333824	4	515736
1788513988.854528818	probe_train	train	317109	36	2621608
1788513988.854528818	probe_train	train	323223	36	2648256
1788513988.854528818	probe_train	train	333823	1	1024
1788513988.854528818	probe_train	train	333824	4	531096
1788513989.111254270	probe_train	train	317109	36	2621608
1788513989.111254270	probe_train	train	323223	36	2648256
1788513989.111254270	probe_train	train	333823	1	1024
1788513989.111254270	probe_train	train	333824	4	549528
1788513989.375030043	probe_train	train	317109	36	2621608
1788513989.375030043	probe_train	train	323223	36	2648256
1788513989.375030043	probe_train	train	333823	1	1024
1788513989.375030043	probe_train	train	333824	4	574104
1788513989.633877027	probe_train	train	317109	36	2621608
1788513989.633877027	probe_train	train	323223	36	2648256
1788513989.633877027	probe_train	train	333823	1	1024
1788513989.633877027	probe_train	train	333824	4	640664
1788513989.887974791	probe_train	train	317109	36	2621608
1788513989.887974791	probe_train	train	323223	36	2648256
1788513989.887974791	probe_train	train	333823	1	1024
1788513989.887974791	probe_train	train	333824	4	653976
1788513990.143365607	probe_train	train	317109	36	2621608
1788513990.143365607	probe_train	train	323223	36	2648256
1788513990.143365607	probe_train	train	333823	1	1024
1788513990.143365607	probe_train	train	333824	4	666244
1788513990.396746441	probe_train	train	317109	36	2621608
1788513990.396746441	probe_train	train	323223	36	2648256
1788513990.396746441	probe_train	train	333823	1	1024
1788513990.396746441	probe_train	train	333824	4	686332
1788513990.654468517	probe_train	train	317109	36	2621608
1788513990.654468517	probe_train	train	323223	36	2648256
1788513990.654468517	probe_train	train	333823	1	1024
1788513990.654468517	probe_train	train	333824	5	689404
1788513990.910266766	probe_train	train	317109	36	2621608
1788513990.910266766	probe_train	train	323223	36	2648256
1788513990.910266766	probe_train	train	333823	1	1024
1788513990.910266766	probe_train	train	333824	5	689404
1788513991.167057589	probe_train	train	317109	36	2621608
1788513991.167057589	probe_train	train	323223	36	2648256
1788513991.167057589	probe_train	train	333823	1	1024
1788513991.167057589	probe_train	train	333824	5	702716
1788513991.423055880	probe_train	train	317109	36	2621608
1788513991.423055880	probe_train	train	323223	36	2648256
1788513991.423055880	probe_train	train	333823	1	1024
1788513991.423055880	probe_train	train	333824	5	709884
1788513991.676647046	probe_train	train	317109	36	2621608
1788513991.676647046	probe_train	train	323223	36	2648256
1788513991.676647046	probe_train	train	333823	1	1024
1788513991.676647046	probe_train	train	333824	5	772348
1788513991.933367223	probe_train	train	317109	36	2621608
1788513991.933367223	probe_train	train	323223	36	2648256
1788513991.933367223	probe_train	train	333823	1	1024
1788513991.933367223	probe_train	train	333824	5	888504
1788513992.198808308	probe_train	train	317109	36	2621608
1788513992.198808308	probe_train	train	323223	36	2648256
1788513992.198808308	probe_train	train	333823	1	1024
1788513992.198808308	probe_train	train	333824	5	991928
1788513992.458270078	probe_train	train	317109	36	2621608
1788513992.458270078	probe_train	train	323223	36	2648256
1788513992.458270078	probe_train	train	333823	1	1024
1788513992.458270078	probe_train	train	333824	5	1044240
1788513992.719899857	probe_train	train	317109	36	2621608
1788513992.719899857	probe_train	train	323223	36	2648256
1788513992.719899857	probe_train	train	333823	1	1024
1788513992.719899857	probe_train	train	333824	5	1102432
1788513992.978615576	probe_train	train	317109	36	2621608
1788513992.978615576	probe_train	train	323223	36	2648256
1788513992.978615576	probe_train	train	333823	1	1024
1788513992.978615576	probe_train	train	333824	5	1116768
1788513993.239501675	probe_train	train	317109	36	2621608
1788513993.239501675	probe_train	train	323223	36	2648256
1788513993.239501675	probe_train	train	333823	1	1024
1788513993.239501675	probe_train	train	333824	5	1287776
1788513993.498272635	probe_train	train	317109	36	2621608
1788513993.498272635	probe_train	train	323223	36	2648256
1788513993.498272635	probe_train	train	333823	1	1024
1788513993.498272635	probe_train	train	333824	5	1351264
1788513993.761683163	probe_train	train	317109	36	2621608
1788513993.761683163	probe_train	train	323223	36	2648256
1788513993.761683163	probe_train	train	333823	1	1024
1788513993.761683163	probe_train	train	333824	5	1387104
1788513994.025938751	probe_train	train	317109	36	2621608
1788513994.025938751	probe_train	train	323223	36	2648256
1788513994.025938751	probe_train	train	333823	1	1024
1788513994.025938751	probe_train	train	333824	5	1571852
1788513994.292350361	probe_train	train	317109	36	2621608
1788513994.292350361	probe_train	train	323223	36	2648256
1788513994.292350361	probe_train	train	333823	1	1024
1788513994.292350361	probe_train	train	333824	7	1779472
1788513994.548793744	probe_train	train	317109	36	2621608
1788513994.548793744	probe_train	train	323223	36	2648256
1788513994.548793744	probe_train	train	333823	1	1024
1788513994.548793744	probe_train	train	333824	10	1908964
1788513994.812762893	probe_train	train	317109	36	2621608
1788513994.812762893	probe_train	train	323223	36	2648256
1788513994.812762893	probe_train	train	333823	1	1024
1788513995.069414432	probe_train	train	317109	36	2621608
1788513995.069414432	probe_train	train	323223	36	2648256
