timestamp,paper,node_id,node_seq,task_id,git_commit,domain,status,summary,evidence,equation_labels,code_block_refs,concept_advance,predecessors,paper_anchor,risk_tier,actor_role,admission_flags,error_db_refs,evidence_sha256,metric_at_landing.name,metric_at_landing.pass,metric_at_landing.threshold,metric_at_landing.value,notes,row_hash,runtime_metadata.allocation,runtime_metadata.az_git_commit,runtime_metadata.basedir,runtime_metadata.checkpoints_reread_by_validator,runtime_metadata.closing_check.command,runtime_metadata.closing_check.timeout_s,runtime_metadata.closing_check_note,runtime_metadata.compiler_or_interpreter,runtime_metadata.cpu_budget,runtime_metadata.cpus_per_task,runtime_metadata.device,runtime_metadata.dtype,runtime_metadata.elapsed,runtime_metadata.key_libraries,runtime_metadata.l40s_admitted_by,runtime_metadata.language,runtime_metadata.n9,runtime_metadata.n_all,runtime_metadata.n_rectangular,runtime_metadata.nlwp_max,runtime_metadata.nlwp_samples,runtime_metadata.o30_reappend_of_row_hash,runtime_metadata.out_of_set_keys_gatekeeper,runtime_metadata.out_of_set_keys_selfplay,runtime_metadata.policy_check,runtime_metadata.result_row,runtime_metadata.slurm_job,runtime_metadata.slurm_job_id,runtime_metadata.torch,runtime_metadata.train_py_sha256_after,runtime_metadata.train_py_sha256_before,verification.command,verification.timeout_s,verification_run.command,verification_run.duration_s,verification_run.exit_code,verification_run.output_sha256,verification_run.output_tail,verification_run.ran_at
2026-09-04T02:04:55.673344+00:00,arxiv-1902.10565,arxiv-1902.10565::transformer_trunk_b5c48h3tfr,1,paper_code_map,17ce80a,numerical,preliminary,"b5c48h3tfr (modelconfigs.py:986-1006): version 17, 5 x (attnrope, ffng), 48 trunk channels, 3 heads / 3 kv heads, ffn 128, q_head_dim 16, RoPE theta 100 non-learnable (tables non-persistent, seq_len must equal pos_len^2), no trunk gpool, exportable to transformer_attention_block/transformer_ffn_block; pos_len enters via train.py -pos-len (required) and must equal selfplay dataBoardLen; export refuses if attention logit bound > 2.5e4",results/ktg/paper_1902.10565/evidence/decomposition/audit_paper_code_map.md,,,True,[],"python/katago/train/modelconfigs.py:986-1006,1886; python/katago/train/model_pytorch.py:1252-1290,2108-2171,3103-3111,3157-3160,3231-3285; python/export_model_pytorch.py:42-43,90,469-504; python/katago/train/load_model.py:62,77",R2,worker,,,7f29cb1c3c27804d8bb09ea766b2bfa390b415429eef332334cf7334c9a74564,,,,,Code-only: the paper has no attention trunk. [OPEN] arch-gap from acquire is discharged by this node plus derivation.md section 3.,529e05b0dcb63e0dee207a84a30658732fa4679fe9a709956a06f9f88233cf6c,,,,,,,,,,,,,,,,,,,,,,,,,,,,,,,,,,,,,,,
2026-09-04T02:04:55.740484+00:00,arxiv-1902.10565,arxiv-1902.10565::playout_cap_randomization,1,paper_code_map,17ce80a,numerical,preliminary,"Playout cap randomization as coded: play.cpp:1132-1150 picks a cheap search with prob cheapSearchProb (0.75), visits min(maxVisits, cheapSearchVisits) = 100 vs 600, target weight x cheapSearchTargetWeight (0.0) so cheap turns write no rows, root noise removed on cheap turns; equals the paper's p=0.25, (N,n)=(600,100); board and trunk independent",results/ktg/paper_1902.10565/evidence/decomposition/audit_paper_code_map.md,"[""paper l.96-97""]",,False,[],"cpp/program/play.cpp:1113,1127-1150; cpp/program/playsettings.h:44-46; cpp/configs/training/selfplay1_maxsize9.cfg:60-62,115",R0,worker,,,7f29cb1c3c27804d8bb09ea766b2bfa390b415429eef332334cf7334c9a74564,,,,,,fe490281bdd312c70304a462c6f3be8261d908c30268ee37771344d39649cc77,,,,,,,,,,,,,,,,,,,,,,,,,,,,,,,,,,,,,,,
2026-09-04T02:04:55.792615+00:00,arxiv-1902.10565,arxiv-1902.10565::root_explore_and_target_pruning,1,paper_code_map,17ce80a,numerical,preliminary,"Forced root exploration (searchexplorehelpers.cpp:166-169, coefficient rootDesiredPerChildVisitsCoeff=2 = paper k) and policy-target pruning via getReducedPlaySelectionWeight (searchexplorehelpers.cpp:229-263, applied searchresults.cpp:142-195) plus chosenMovePrune=1 / chosenMoveSubtract=0; useNoisePruning is off in selfplay (SETUP_FOR_OTHER); target written by play.cpp:810-845 -> trainingwrite.cpp:552-553",results/ktg/paper_1902.10565/evidence/decomposition/audit_paper_code_map.md,"[""eq:l105"", ""paper l.109""]",,False,[],"cpp/search/searchexplorehelpers.cpp:153-169,229-263; cpp/search/searchresults.cpp:142-195,318-328; cpp/program/setup.cpp:578,645-647,671-676; selfplay1_maxsize9.cfg:141-142,148",R0,worker,,,7f29cb1c3c27804d8bb09ea766b2bfa390b415429eef332334cf7334c9a74564,,,,,,c7520ab29f3d3d9bea4f78482faf7c81bb62bce16dd3be926a5fd764d89873e7,,,,,,,,,,,,,,,,,,,,,,,,,,,,,,,,,,,,,,,
2026-09-04T02:04:55.837153+00:00,arxiv-1902.10565,arxiv-1902.10565::loss_targets_metrics,1,paper_code_map,17ce80a,numerical,preliminary,"Loss as coded in metrics_pytorch.py:856-882: policy 0.930, opponent policy 0.15, soft policy 8.0 x2, optimistic 0.10/0.20, value 1.20 x -value-loss-scale 0.6, TD values 0.72 x3, ownership 1.5/b^2 (exact paper form), scoring 0.25/b^2, futurepos 0.25/b, seki adaptive, score pdf/cdf 0.02/0.02, score mean/stdev 0.0015/0.001, lead 0.006, variance-time 0.0003, shortterm 2.0 / 2e-5, no gamma penalty, decoupled weight decay; all board-parametric via pos_len/mask_sum_hw; q losses zero for b5c48h3tfr",results/ktg/paper_1902.10565/evidence/decomposition/audit_paper_code_map.md,"[""eq:l546"", ""eq:l550"", ""eq:l554"", ""eq:l558"", ""eq:l562"", ""eq:l566"", ""eq:l570"", ""eq:l578""]",,False,"[""arxiv-1902.10565::transformer_trunk_b5c48h3tfr""]","python/katago/train/metrics_pytorch.py:28-35,84-88,118-323,600-607,838-882; python/train.py:143-149,632-750",R1,worker,,,7f29cb1c3c27804d8bb09ea766b2bfa390b415429eef332334cf7334c9a74564,,,,,,2d0ec9c3b2fd38f23d003bbe0449b57085e3bdbd6de3aa6bf0b74836f1cbf2ea,,,,,,,,,,,,,,,,,,,,,,,,,,,,,,,,,,,,,,,
2026-09-04T02:04:55.889219+00:00,arxiv-1902.10565,arxiv-1902.10565::score_utility_search,1,paper_code_map,17ce80a,numerical,preliminary,"Score utility u = c * (2/pi) atan((x - x0)/(dynamicScoreCenterScale * sqrt(area))) with c = static (0) + dynamic (0.40) factors, x0 = root expected score x (1 - dynamicScoreCenterZeroWeight 0.25) clamped within 0.5 sqrt(area); tables built at MAX_BOARD_LEN and rescaled; at 9x9 the denominator is 4.5 points; gatekeeper uses dynamicScoreUtilityFactor 0.25",results/ktg/paper_1902.10565/evidence/decomposition/audit_paper_code_map.md,"[""eq:l689"", ""eq:l691"", ""eq:l702""]",,False,[],"cpp/neuralnet/nninputs.cpp:40,56-69,100,113-190; cpp/search/search.cpp:1137-1166; cpp/search/searchhelpers.cpp:277-278; cpp/search/searchparams.h:14-17; selfplay1_maxsize9.cfg:157-163; gatekeeper1_maxsize9.cfg:85-88",R0,worker,,,7f29cb1c3c27804d8bb09ea766b2bfa390b415429eef332334cf7334c9a74564,,,,,,649bac74110d415599283282e16df0690cfdf9b461a6206132534db84a52b823,,,,,,,,,,,,,,,,,,,,,,,,,,,,,,,,,,,,,,,
2026-09-04T02:04:55.949905+00:00,arxiv-1902.10565,arxiv-1902.10565::head_gpool_degeneracy_9x9,1,paper_code_map,17ce80a,numerical,preliminary,"Global pooling survives only in the policy head (KataGPool) and value head (KataValueHeadGPool) with hard constants b_avg 14, sigma^2/100 = 0.1; at strict 9x9 (mask_sum_hw 81) the value-head pooled channels are exactly collinear (pool2 = -0.5 pool1, pool3 = 0.15 pool1) and policy pool2 = -0.5 pool1: harmless but 2/3 of those head columns are redundant; today masked by bSizes 7,8,9 + allowRectangleProb 0.5; re-centering the constants would break C++ backend compatibility (not evaluated)",results/ktg/paper_1902.10565/evidence/decomposition/audit_paper_code_map.md,"[""paper l.398-404""]",,True,"[""arxiv-1902.10565::transformer_trunk_b5c48h3tfr""]","python/katago/train/model_pytorch.py:492-543,2647,2711,2745,2855,3157-3160",R1,worker,,,7f29cb1c3c27804d8bb09ea766b2bfa390b415429eef332334cf7334c9a74564,,,,,"Decision recorded in DESIGN.md: keep constants (compatibility), accept redundancy; mixed 7-9 training is NOT used because the mission is 9x9-only (assumption a05).",e532ecd5aa5bc0b4c0ec334170a68a9074510ecd9d5f698c8036805c79f3211e,,,,,,,,,,,,,,,,,,,,,,,,,,,,,,,,,,,,,,,
2026-09-04T02:04:56.000573+00:00,arxiv-1902.10565,arxiv-1902.10565::train_optimizer_schedule,1,paper_code_map,17ce80a,numerical,preliminary,"train.py defaults: SGD momentum 0.9 (opt-in AdamW/Muon/NorMuon/Aurora), Lookahead k=6 alpha=0.5, per-sample lr 3e-5 x lr_scale x sqrt(batch/256), 9-step warmup ramp to 2M samples, -lr-scale / -lr-scale-auto2 / -lr-schedule, head lr factor 0.5, decoupled weight decay 0.00125 with attn group 0.5, SWA via -swa-period-samples, fp16/bf16 optional, torch.compile on unless -no-compile; transformer knobs -attn-logit-penalty-cap (off) vs export bound 2.5e4",results/ktg/paper_1902.10565/evidence/decomposition/audit_paper_code_map.md,,,False,"[""arxiv-1902.10565::transformer_trunk_b5c48h3tfr""]","python/train.py:83-114,132,140-143,374,523-564,632-750,840-844,938-942,1046-1141; python/muon/muon.py",R1,worker,,,7f29cb1c3c27804d8bb09ea766b2bfa390b415429eef332334cf7334c9a74564,,,,,,8718b5f24d89663a7894afb629c4a49ef674c6a220146912ee89d228dae3afcd,,,,,,,,,,,,,,,,,,,,,,,,,,,,,,,,,,,,,,,
2026-09-04T02:04:56.055485+00:00,arxiv-1902.10565,arxiv-1902.10565::selfplay_search_params,1,paper_code_map,17ce80a,numerical,preliminary,"Search/thread keys of selfplay1_maxsize9.cfg and gatekeeper1_maxsize9.cfg as shipped (numGameThreads 128, numSearchThreads 1, nnMaxBatchSize 128, maxVisits 600/150, numNNServerThreadsPerModel 1, cudaDeviceToUse* commented out) and the OS-thread model: numGameThreads + nnServer threads per model + dataWrite + modelLoad + main; 24-CPU cap => numGameThreads 18 (selfplay) / 20 (gatekeeper)",results/ktg/paper_1902.10565/evidence/decomposition/audit_loop_scripts_configs.md,,,False,[],"cpp/configs/training/selfplay1_maxsize9.cfg:84,115-124; gatekeeper1_maxsize9.cfg:18,49-57; cpp/command/selfplay.cpp:360-364; cpp/search/searchmultithreadhelpers.cpp:40-52; cpp/program/setup.cpp:194,203; cpp/program/selfplaymanager.cpp:156",R1,worker,,,34dc4af177588d3beb36f9cf31ef056490cf587a1526f138ab5298a4e9900519,,,,,"Evidence type literature_grounding (code reading), hence preliminary not solid; thread totals are computed, not measured (ps -o nlwp on a live selfplay process promotes it).",4173048291f62b035f1dce95c191e57ae6e390df695712b2975e2690f94870cb,,,,,,,,,,,,,,,,,,,,,,,,,,,,,,,,,,,,,,,
2026-09-04T02:04:56.098048+00:00,arxiv-1902.10565,arxiv-1902.10565::game_randomization_9x9,1,paper_code_map,17ce80a,numerical,preliminary,"Game-init keys in v1.18.2 selfplay cfg: bSizes/bSizeRelProbs/allowRectangleProb (7,8,9 / 1,1,8 / 0.50 in the maxsize9 preset), komiAuto true, komiStdev 1.0, komiBigStdevProb 0.06 / komiBigStdev 12, handicapProb 0.10 (paper: 0 free moves at b<=10 so a no-op on 9x9), forkCompensateKomiProb 0.80, chosenMoveTemperature 0.15/Early 0.75/Halflife 19, startPosesProb and hintPosesProb disabled; a 9x9-only run replaces the board keys with bSizes=9, bSizeRelProbs=1, allowRectangleProb=0",results/ktg/paper_1902.10565/evidence/decomposition/audit_loop_scripts_configs.md,,,False,[],"cpp/configs/training/selfplay1_maxsize9.cfg:37,45,95-108,138-142; paper l.644-665 (background)",R0,worker,,,34dc4af177588d3beb36f9cf31ef056490cf587a1526f138ab5298a4e9900519,,,,,,268b1fcc2b5c2245ec45d6386712c65c4be11e02a606028c66eaf9aeb28fb567,,,,,,,,,,,,,,,,,,,,,,,,,,,,,,,,,,,,,,,
2026-09-04T02:04:56.147631+00:00,arxiv-1902.10565,arxiv-1902.10565::gating_rule,1,paper_code_map,17ce80a,numerical,preliminary,"Gating in v1.18.2: numGamesPerGating 200 (cfg), -required-candidate-win-prop default 0.5 (CLI, not passed by synchronous_loop.sh), maxVisits 150, resignation on (threshold -0.90, 5 turns), handicapProb 0; candidate dir renamed into accepted-models-dir or rejected-models-dir; returns 0 with -quit-if-no-nets-to-test and also when accepted-models-dir is empty (cycle 1 skips gating)",results/ktg/paper_1902.10565/evidence/decomposition/audit_loop_scripts_configs.md,,,False,[],"cpp/command/gatekeeper.cpp:271,399-402,516-525,591-598,623-648; cpp/configs/training/gatekeeper1_maxsize9.cfg:18-24,44-45,49; paper l.667-681 (background: 100/200 rule)",R0,worker,,,34dc4af177588d3beb36f9cf31ef056490cf587a1526f138ab5298a4e9900519,,,,,,ecf9f3f99d5e71bbb38d84f92b2f9366fe0abe9a5ffd0ee0ff891044046f8982,,,,,,,,,,,,,,,,,,,,,,,,,,,,,,,,,,,,,,,
2026-09-04T02:04:56.197658+00:00,arxiv-1902.10565,arxiv-1902.10565::train_resume_semantics,1,paper_code_map,17ce80a,numerical,preliminary,"train.py resumes unconditionally from <traindir>/checkpoint.ckpt (model config then comes from the checkpoint, -model-kind ignored), rotates 4 short-term checkpoints, writes longterm_checkpoints every 12 h, exports model.ckpt every epochs_per_export (default 1), and -stop-when-train-bucket-limited makes it exit instead of sleeping; no TensorBoard, metrics are metrics_train.json / metrics_val.json",results/ktg/paper_1902.10565/evidence/decomposition/audit_loop_scripts_configs.md,,,False,[],"python/train.py:81,122,124,434-439,573-578,614-622,780-796,850,1206-1213,1350-1351,1440-1451,1845-1889; python/katago/utils/training_data_generator.py:12-20",R1,worker,,,34dc4af177588d3beb36f9cf31ef056490cf587a1526f138ab5298a4e9900519,,,,,,22b3d86e2e1ca0fff32bd96bf21f0f77e32cb76264c645c45fe55472c761e500,,,,,,,,,,,,,,,,,,,,,,,,,,,,,,,,,,,,,,,
2026-09-04T02:04:56.243800+00:00,arxiv-1902.10565,arxiv-1902.10565::data_format_pos_len,1,paper_code_map,17ce80a,numerical,preliminary,"Training-row layout at posLen L: binaryInputNCHWPacked 22*ceil(L^2/8) B, globalInputNC 76 B, policyTargetsNCMove 4(L^2+1) B, globalTargetsNC 320 B, scoreDistrN 2L^2+120 B, valueTargetsNCHW 5L^2 B, qValueTargetsNCMove 6(L^2+1) B => 7675 B (L=19) vs 2145 B (L=9), compressed x0.12; dataBoardLen (cfg) must equal -pos-len (train.py), asserted at data_processing_pytorch.py:91; rows/turn = floor(w)+Bernoulli(frac(w)) with w=0 on cheap-search turns",results/ktg/paper_1902.10565/evidence/decomposition/audit_loop_scripts_configs.md,,,False,[],"cpp/dataio/trainingwrite.cpp:288-334,1030,1092-1096,1206-1251; python/shuffle.py:39-47; python/katago/train/data_processing_pytorch.py:91; cpp/configs/training/selfplay1_maxsize9.cfg:10-16; python/selfplay/train.sh:88",R1,worker,,,34dc4af177588d3beb36f9cf31ef056490cf587a1526f138ab5298a4e9900519,,,,,,2359d179ca47d52dc3c646d40cd149cad4ded6f7e796235ca3efc5d79d86d518,,,,,,,,,,,,,,,,,,,,,,,,,,,,,,,,,,,,,,,
2026-09-04T02:04:56.297195+00:00,arxiv-1902.10565,arxiv-1902.10565::training_window_shuffle,1,paper_code_map,17ce80a,numerical,preliminary,"shuffle.py window: -keep-target-rows (required; loop passes 600000), -min-rows (loop 100000; default 250000), -taper-window-scale (loop 50000), -expand-window-per-row 1.0, -taper-window-exponent 1.0, -approx-rows-per-out-file 70000, -num-processes; output shuffleddata/<ts>/data*.npz + <ts>.json range; refuses non-empty out-dir; the paper's N_window formula (l.638) is superseded by these flags",results/ktg/paper_1902.10565/evidence/decomposition/audit_loop_scripts_configs.md,,,False,[],"python/shuffle.py:420-421,777-791,812-815,862-867,1079-1083,1213-1239,1330-1335; python/selfplay/synchronous_loop.sh:58,63,65-66,105; python/selfplay/cleanup_old_dirs.py:12-24",R0,worker,,,34dc4af177588d3beb36f9cf31ef056490cf587a1526f138ab5298a4e9900519,,,,,,432848a509c55e3108f86786eed6fc3f4441b78186f029fa523bf3d5779e8f02,,,,,,,,,,,,,,,,,,,,,,,,,,,,,,,,,,,,,,,
2026-09-04T02:04:56.432563+00:00,arxiv-1902.10565,arxiv-1902.10565::env_build,1,env_build,17ce80a,numerical,hypothesis,"venv (torch 2.11.0+cu128, numpy, packaging, psutil, nvidia-cudnn-cu12>=9.8) + KataGo v1.18.2 cpp built with USE_BACKEND=CUDA on a B200/B300 node; smoke = katago version/runtests + benchmark on a random-init b5c48h3tfr at -boardsize 9 + torch forward/backward at pos_len 9",,,"[""results/ktg/paper_1902.10565/codes/env/env_build.sbatch"", ""results/ktg/paper_1902.10565/codes/env/env.sh""]",False,[],"cpp/CMakeLists.txt:717-782,1123-1143; cpp/neuralnet/cudabackend.cpp:13; Compiling.md:31-38",R2,worker,,,,,,,,"Being executed by another worker as Slurm job 297952 (gb205) while this row was written; left at hypothesis until its smoke evidence lands in results/ktg/paper_1902.10565/evidence/env/. Known hazard: CMakeLists.txt:761 omits sm_100 for CUDA 12.8 (unconditional set), so the binary may run only via compute_90 PTX JIT; verify with cuobjdump --list-elf | grep sm_100.",8fb11485e738df424453e9ef6561596203c8ffc9b27adca600e0ae96003c4393,,,,,,,,,,,,,,,,,,,,,,,,,,,,,,,,,,,,,,,
2026-09-04T02:04:56.481408+00:00,arxiv-1902.10565,arxiv-1902.10565::cfg_9x9_override,1,cfg_9x9_override,17ce80a,numerical,hypothesis,"Mission-owned selfplay_9x9.cfg / gatekeeper_9x9.cfg / train wrapper derived from cpp/configs/training/{selfplay1,gatekeeper1}_maxsize9.cfg with bSizes=9, bSizeRelProbs=1, allowRectangleProb=0, dataBoardLen=9, -pos-len 9, and thread keys sized to the 24-CPU cap (numGameThreads 18 selfplay / 20 gatekeeper, numSearchThreads 1, numNNServerThreadsPerModel 1)",,,,False,"[""arxiv-1902.10565::selfplay_search_params"", ""arxiv-1902.10565::game_randomization_9x9"", ""arxiv-1902.10565::gating_rule"", ""arxiv-1902.10565::data_format_pos_len""]","cpp/configs/training/selfplay1_maxsize9.cfg:16,84,95-97,116,123; gatekeeper1_maxsize9.cfg:18,20,38-40,50; python/selfplay/train.sh:88",R1,worker,,,,,,,,Verification is parse-only (katago parses the cfg and reports bSizes) plus a diff against the upstream preset showing exactly the intended key changes; no GPU needed beyond a 1-GPU job for the parse.,63c0d9c9b62cbd310a484ccc0fdef847b36399e4465f911edeaedd58b7b5f8bf,,,,,,,,,,,,,,,,,,,,,,,,,,,,,,,,,,,,,,,
2026-09-04T02:04:56.541197+00:00,arxiv-1902.10565,arxiv-1902.10565::tiny_model_export_smoke,1,tiny_model_export_smoke,17ce80a,numerical,hypothesis,export_model_pytorch.py -export-random-initialized-model b5c48h3tfr -> model.bin(.gz) whose block kinds are transformer_attention_block/transformer_ffn_block; katago benchmark -boardsize 9 with the mission selfplay_9x9.cfg runs >0 visits/s and desc.cpp accepts every block kind,,,,False,"[""arxiv-1902.10565::env_build"", ""arxiv-1902.10565::transformer_trunk_b5c48h3tfr"", ""arxiv-1902.10565::cfg_9x9_override""]","python/export_model_pytorch.py:34-42,469-504; cpp/neuralnet/desc.cpp:1521,1542,1557; cpp/command/benchmark.cpp:199-206",R2,worker,,,,,,,,,8a0a8f2e283c7d4971725a66d1ba313d816a968ea3c5ab3f9ab16b951e8b72ea,,,,,,,,,,,,,,,,,,,,,,,,,,,,,,,,,,,,,,,
2026-09-04T02:04:56.587176+00:00,arxiv-1902.10565,arxiv-1902.10565::synchronous_loop_smoke,1,synchronous_loop_smoke,17ce80a,numerical,hypothesis,"One full cycle of a mission-owned copy of python/selfplay/synchronous_loop.sh (gatekeeper -> selfplay -> shuffle -> train -> export) on 1 GPU with tiny knobs (NUM_GAMES_PER_CYCLE ~20, SHUFFLE_MINROWS ~200, samples-per-epoch ~2000) producing one exported net in models/ from 9x9 data at pos_len 9",,,,False,"[""arxiv-1902.10565::tiny_model_export_smoke"", ""arxiv-1902.10565::cfg_9x9_override"", ""arxiv-1902.10565::loop_resume_under_walltime""]","python/selfplay/synchronous_loop.sh:57-66,93-116; python/selfplay/export_model_for_selfplay.sh:54-56,89-108",R3,worker,,,,,,,,,5ddd4b0d6c3f79e11ed8dea5586593212fbacfe2fce4d0c37dacbe5136ad90b5,,,,,,,,,,,,,,,,,,,,,,,,,,,,,,,,,,,,,,,
2026-09-04T02:04:56.638618+00:00,arxiv-1902.10565,arxiv-1902.10565::loop_resume_under_walltime,1,loop_resume_under_walltime,17ce80a,numerical,hypothesis,"Slurm wrapper that re-submits itself under the 3-day MaxTime and restarts the loop idempotently: train.py auto-resumes from train/<name>/checkpoint.ckpt, shuffle/selfplay write atomically (.tmp -> rename), the export rm-before-mv window (export_model_for_selfplay.sh:89 vs :108) is closed by reordering or by cleaning *.exported on startup",,,,False,"[""arxiv-1902.10565::train_resume_semantics""]","python/train.py:573-574,780-796,850; cpp/dataio/trainingwrite.cpp:1093-1096; python/selfplay/shuffle.sh:105; python/selfplay/export_model_for_selfplay.sh:54-56,89,108",R2,worker,,,,,,,,,3cb896c6c388ac84392e5c4f572f4b155e9f3cdaa53131186460b68d0d9f7432,,,,,,,,,,,,,,,,,,,,,,,,,,,,,,,,,,,,,,,
2026-09-04T02:04:56.690774+00:00,arxiv-1902.10565,arxiv-1902.10565::selfplay_stage,1,selfplay_stage,17ce80a,numerical,hypothesis,"katago selfplay at production knobs on 9x9 (maxVisits 600, cheapSearchProb 0.75 / cheapSearchVisits 100, rootDesiredPerChildVisitsCoeff 2, numGameThreads 18) sustains a measured games/hour and rows/game (~22 expected) on 1 GPU with total OS threads <= 24",,,,False,"[""arxiv-1902.10565::synchronous_loop_smoke"", ""arxiv-1902.10565::selfplay_search_params"", ""arxiv-1902.10565::playout_cap_randomization"", ""arxiv-1902.10565::root_explore_and_target_pruning"", ""arxiv-1902.10565::score_utility_search""]","cpp/command/selfplay.cpp:45,243,292-293,350-364; cpp/configs/training/selfplay1_maxsize9.cfg:60-62,84,115,148",R2,worker,,,,,,,,,e4f1ddc0049dfcd4ab576f51d65429f555a961940052fe801e7ad1e42ae38dab,,,,,,,,,,,,,,,,,,,,,,,,,,,,,,,,,,,,,,,
2026-09-04T02:04:56.742482+00:00,arxiv-1902.10565,arxiv-1902.10565::shuffle_stage,1,shuffle_stage,17ce80a,numerical,hypothesis,shuffle.py over selfplay/*/tdata at pos_len 9 with -keep-target-rows / -taper-window-scale / -min-rows sized for 9x9 (rows/game ~22) emits shuffleddata/<ts>/data*.npz + .json range and train.py accepts it (shape assert data_processing_pytorch.py:91),,,,False,"[""arxiv-1902.10565::selfplay_stage"", ""arxiv-1902.10565::training_window_shuffle"", ""arxiv-1902.10565::data_format_pos_len""]","python/shuffle.py:39-47,146-149,777-791,1079-1083,1330-1335; python/selfplay/shuffle.sh:39-112",R1,worker,,,,,,,,,acec70e8685a2d72db13d785f8c6868d5e51c900b50c42b07244c7df05b03cdc,,,,,,,,,,,,,,,,,,,,,,,,,,,,,,,,,,,,,,,
2026-09-04T02:04:56.792234+00:00,arxiv-1902.10565,arxiv-1902.10565::train_stage,1,train_stage,17ce80a,numerical,hypothesis,"train.py -model-kind b5c48h3tfr -pos-len 9 on 1 GPU with OMP/torch threads capped, -samples-per-epoch / -max-train-bucket-size sized to the selfplay rate, writes checkpoint.ckpt per epoch and an exportable model.ckpt per epochs_per_export; loss terms (policy, value, ownership, score, futurepos, ...) finite and decreasing over the first epochs",,,,False,"[""arxiv-1902.10565::shuffle_stage"", ""arxiv-1902.10565::loss_targets_metrics"", ""arxiv-1902.10565::transformer_trunk_b5c48h3tfr"", ""arxiv-1902.10565::train_resume_semantics"", ""arxiv-1902.10565::train_optimizer_schedule""]","python/train.py:81,122,124,434-439,573-578,1440-1451,1845-1889; python/selfplay/train.sh:83-93",R2,worker,,,,,,,,,4983f74f5972f3470f7b1b2be980d5ae3f07557b936d143867f30a042bc0fde0,,,,,,,,,,,,,,,,,,,,,,,,,,,,,,,,,,,,,,,
2026-09-04T02:04:56.843172+00:00,arxiv-1902.10565,arxiv-1902.10565::export_stage,1,export_stage,17ce80a,numerical,hypothesis,"export_model_for_selfplay.sh (mission copy calling export_model_pytorch.py, never the stale export_model.py) turns each torchmodels_toexport/<name>/model.ckpt into models/ or modelstobetested/<name>/model.bin.gz + model.ckpt + metadata.json, and the C++ engine loads it (findLatestModel by mtime)",,,,False,"[""arxiv-1902.10565::train_stage"", ""arxiv-1902.10565::tiny_model_export_smoke""]","python/selfplay/export_model_for_selfplay.sh:32-36,77,84-108; python/export_model_pytorch.py:120-122,682; cpp/dataio/loadmodel.cpp:20-89",R1,worker,,,,,,,,,2058e8ca85711d9c80497f947479d6f59666650c336af4567bdee98af93582e8,,,,,,,,,,,,,,,,,,,,,,,,,,,,,,,,,,,,,,,
2026-09-04T02:04:56.900579+00:00,arxiv-1902.10565,arxiv-1902.10565::gatekeeper_stage,1,gatekeeper_stage,17ce80a,numerical,hypothesis,"katago gatekeeper with gatekeeper_9x9.cfg (numGamesPerGating 200, maxVisits 150, -required-candidate-win-prop 0.5 default, numGameThreads 20) tests each modelstobetested/<name> against models/ latest, renames into models/ or rejectedmodels/, and exits 0 with -quit-if-no-nets-to-test",,,,False,"[""arxiv-1902.10565::export_stage"", ""arxiv-1902.10565::gating_rule""]","cpp/command/gatekeeper.cpp:271,399-402,516-525,551-552,591-598,623-648; cpp/configs/training/gatekeeper1_maxsize9.cfg:18-24,49",R1,worker,,,,,,,,,a90086bfeaa81f3d52bb8237e9881021fe7d390c4234804dd9c49628a8d32860,,,,,,,,,,,,,,,,,,,,,,,,,,,,,,,,,,,,,,,
2026-09-04T02:04:56.959073+00:00,arxiv-1902.10565,arxiv-1902.10565::eval_improvement,1,eval_improvement,17ce80a,numerical,hypothesis,"Measurable success criterion for 9x9: (a) >= 2 gatekeeper acceptances after the first exported net; (b) katago match, 9x9, fixed komi 7, maxVisits 150, 400 games, latest accepted net vs first exported net: win rate >= 0.60 (two-sided 95% CI excludes 0.5; SE at n=400 is 0.025)",,,,True,"[""arxiv-1902.10565::gatekeeper_stage""]","cpp/main.cpp:103 (match); cpp/command/gatekeeper.cpp:271; paper l.669 (100/200 gating rule, background)",R2,worker,,,,,,,,,8ec15bb19048081adad36ce2683cff2704ebc6c49991fb63468c36cf246d0c6a,,,,,,,,,,,,,,,,,,,,,,,,,,,,,,,,,,,,,,,
2026-09-04T02:04:57.012401+00:00,arxiv-1902.10565,arxiv-1902.10565::data_budget,1,data_budget,17ce80a,numerical,hypothesis,"Scratch budget for the mission at 94% group usage: measured bytes/game (expected ~5.7 KB on disk at pos_len 9, ~22 rows/game x 2145 B x 0.12) and bytes/checkpoint; hard cap 200 GB for the whole run enforced by a wrapper check (du -sb BASEDIR) before each cycle plus pruning of longterm_checkpoints and rejectedmodels",,,,False,"[""arxiv-1902.10565::synchronous_loop_smoke"", ""arxiv-1902.10565::data_format_pos_len""]","cpp/dataio/trainingwrite.cpp:288-334,1206-1251; python/shuffle.py:39-47; python/train.py:578,1884-1889; python/selfplay/cleanup_old_dirs.py:12-24",R1,worker,,,,,,,,,ada64d35e585e96ad0ec1672ff5ee73fc989bae9f4414190777695708cf305bf,,,,,,,,,,,,,,,,,,,,,,,,,,,,,,,,,,,,,,,
2026-09-04T02:04:57.068094+00:00,arxiv-1902.10565,arxiv-1902.10565::scale_up,1,scale_up,17ce80a,numerical,hypothesis,"Second configuration within caps: larger tf-family net (b7c96h3tfrs or b8c96h3tfrs, exportable attnrope+ffnsg) and/or 2 GPUs (selfplay on GPU0, train on GPU1 via cudaDeviceToUse), started only after eval_improvement passes on the smoke config; same 24-CPU thread budget",,,,False,"[""arxiv-1902.10565::eval_improvement"", ""arxiv-1902.10565::data_budget"", ""arxiv-1902.10565::transformer_trunk_b5c48h3tfr"", ""arxiv-1902.10565::head_gpool_degeneracy_9x9""]",python/katago/train/modelconfigs.py:1886-1942; cpp/configs/training/selfplay1_maxsize9.cfg:127-131,R2,worker,,,,,,,,,c34a33c073f9458613cd56742dde5049b09629448f67cc6478f5e968d1b3c827,,,,,,,,,,,,,,,,,,,,,,,,,,,,,,,,,,,,,,,
2026-09-04T02:21:21.831004+00:00,arxiv-1902.10565,arxiv-1902.10565::transformer_trunk_b7c96h3tfrs,1,paper_code_map,aed5ac2,numerical,preliminary,"b7c96h3tfrs (modelconfigs.py:1008-1029, registered :1887): version 17, 7 x (attnrope, ffnsg), 96 trunk channels, 3 heads; the smallest upstream transformer the C++ backends can serve — every backend throws 'Non-SwiGLU transformer FFN is not yet supported' for ffng nets (cudaandrocmbackend.inc:3307-3308, eigenbackend.cpp:1634, openclbackend.cpp:2729). Exported + benchmarked at 9x9 on gb205 (job 298018, SMOKE RESULT: PASS, sm_100 SASS present). Replaces b5c48h3tfr as the smoke/first-production model.",results/ktg/paper_1902.10565/evidence/decomposition/audit_paper_code_map.md,,,True,[],"python/katago/train/modelconfigs.py:1008-1029,1887; cpp/neuralnet/cudaandrocmbackend.inc:3263,3299,3307-3308; /scratch/schmidt/ssci-anima/ssci-haiyangw/ktg-train/evidence/env/smoke-298018.txt:35-37,90,126,142-143",R2,worker,,,7f29cb1c3c27804d8bb09ea766b2bfa390b415429eef332334cf7334c9a74564,,,,,"Execution evidence lives on scratch (smoke-298018.txt) owned by the env_build worker; this row is preliminary pending that worker's ledger promotion. RoPE/pos_len/export facts of the b5 node carry over unchanged (same attnrope block, ffnsg differs only in the FFN gate).",f2ab583533c53b94c2623ac2aa78ec953b3be6ddaec0083feeab1536cb517d9b,,,,,,,,,,,,,,,,,,,,,,,,,,,,,,,,,,,,,,,
2026-09-04T02:21:21.879250+00:00,arxiv-1902.10565,arxiv-1902.10565::transformer_trunk_b5c48h3tfr,2,paper_code_map,aed5ac2,numerical,blocking,"b5c48h3tfr (modelconfigs.py:986-1006): version 17, 5 x (attnrope, ffng), 48 trunk channels, 3 heads / 3 kv heads, ffn 128, q_head_dim 16, RoPE theta 100 non-learnable (tables non-persistent, seq_len must equal pos_len^2), no trunk gpool, exportable to transformer_attention_block/transformer_ffn_block; pos_len enters via train.py -pos-len (required) and must equal selfplay dataBoardLen; export refuses if attention logit bound > 2.5e4",results/ktg/paper_1902.10565/evidence/decomposition/audit_paper_code_map.md,,,True,[],"python/katago/train/modelconfigs.py:986-1006,1886; python/katago/train/model_pytorch.py:1252-1290,2108-2171,3103-3111,3157-3160,3231-3285; python/export_model_pytorch.py:42-43,90,469-504; python/katago/train/load_model.py:62,77",R2,worker,,,7f29cb1c3c27804d8bb09ea766b2bfa390b415429eef332334cf7334c9a74564,,,,,"BLOCKING: b5c48h3tfr uses ffng (non-SwiGLU FFN, modelconfigs.py:999) and no v1.18.2 C++ backend can serve it — cudaandrocmbackend.inc:3307-3308 throws at NN-server construction (observed: job 297952 exit 134, smoke-297952.txt). Trainable in PyTorch, unplayable. Superseded by transformer_trunk_b7c96h3tfrs; the code-reading content (RoPE, pos_len contract, export lowering) remains valid and is inherited by that node.",dfa67120951daf0db524d6467909418c58ee27a5430230e8c42a1baf324fba37,,,,,,,,,,,,,,,,,,,,,,,,,,,,,,,,,,,,,,,
2026-09-04T02:21:21.924365+00:00,arxiv-1902.10565,arxiv-1902.10565::tiny_model_export_smoke,2,tiny_model_export_smoke,aed5ac2,numerical,hypothesis,export_model_pytorch.py -export-random-initialized-model b7c96h3tfrs -> model.bin(.gz) whose block kinds are transformer_attention_block/transformer_ffn_block; katago benchmark -boardsize 9 with the mission selfplay_9x9.cfg runs >0 visits/s and desc.cpp accepts every block kind,,,,False,"[""arxiv-1902.10565::env_build"", ""arxiv-1902.10565::transformer_trunk_b7c96h3tfrs"", ""arxiv-1902.10565::cfg_9x9_override""]","python/export_model_pytorch.py:34-42,469-504; cpp/neuralnet/desc.cpp:1521,1542,1557; cpp/command/benchmark.cpp:199-206",R2,worker,,,,,,,,Re-pointed 2026-09-03: predecessor transformer_trunk_b5c48h3tfr -> transformer_trunk_b7c96h3tfrs (non-SwiGLU FFN unservable).,565d73126940c4ee062b64419b1d76ed777326f0122c20f4e4aab00cbf1b142d,,,,,,,,,,,,,,,,,,,,,,,,,,,,,,,,,,,,,,,
2026-09-04T02:21:21.975455+00:00,arxiv-1902.10565,arxiv-1902.10565::loss_targets_metrics,2,paper_code_map,aed5ac2,numerical,preliminary,"Loss as coded in metrics_pytorch.py:856-882: policy 0.930, opponent policy 0.15, soft policy 8.0 x2, optimistic 0.10/0.20, value 1.20 x -value-loss-scale 0.6, TD values 0.72 x3, ownership 1.5/b^2 (exact paper form), scoring 0.25/b^2, futurepos 0.25/b, seki adaptive, score pdf/cdf 0.02/0.02, score mean/stdev 0.0015/0.001, lead 0.006, variance-time 0.0003, shortterm 2.0 / 2e-5, no gamma penalty, decoupled weight decay; all board-parametric via pos_len/mask_sum_hw; q losses zero for b7c96h3tfrs",results/ktg/paper_1902.10565/evidence/decomposition/audit_paper_code_map.md,"[""eq:l546"", ""eq:l550"", ""eq:l554"", ""eq:l558"", ""eq:l562"", ""eq:l566"", ""eq:l570"", ""eq:l578""]",,False,"[""arxiv-1902.10565::transformer_trunk_b7c96h3tfrs""]","python/katago/train/metrics_pytorch.py:28-35,84-88,118-323,600-607,838-882; python/train.py:143-149,632-750",R1,worker,,,7f29cb1c3c27804d8bb09ea766b2bfa390b415429eef332334cf7334c9a74564,,,,,Re-pointed 2026-09-03: predecessor transformer_trunk_b5c48h3tfr -> transformer_trunk_b7c96h3tfrs (non-SwiGLU FFN unservable).,1162fdac7b2dea6755e7d8bbeb0c628c68d609e23c6002a7d1188840488250a9,,,,,,,,,,,,,,,,,,,,,,,,,,,,,,,,,,,,,,,
2026-09-04T02:21:22.032745+00:00,arxiv-1902.10565,arxiv-1902.10565::train_stage,2,train_stage,aed5ac2,numerical,hypothesis,"train.py -model-kind b7c96h3tfrs -pos-len 9 on 1 GPU with OMP/torch threads capped, -samples-per-epoch / -max-train-bucket-size sized to the selfplay rate, writes checkpoint.ckpt per epoch and an exportable model.ckpt per epochs_per_export; loss terms (policy, value, ownership, score, futurepos, ...) finite and decreasing over the first epochs",,,,False,"[""arxiv-1902.10565::shuffle_stage"", ""arxiv-1902.10565::loss_targets_metrics"", ""arxiv-1902.10565::transformer_trunk_b7c96h3tfrs"", ""arxiv-1902.10565::train_resume_semantics"", ""arxiv-1902.10565::train_optimizer_schedule""]","python/train.py:81,122,124,434-439,573-578,1440-1451,1845-1889; python/selfplay/train.sh:83-93",R2,worker,,,,,,,,Re-pointed 2026-09-03: predecessor transformer_trunk_b5c48h3tfr -> transformer_trunk_b7c96h3tfrs (non-SwiGLU FFN unservable).,3d6faae9e807bdb04bb9d5620e6ae3d0d30e2f343d760426f317ad636f8aae37,,,,,,,,,,,,,,,,,,,,,,,,,,,,,,,,,,,,,,,
2026-09-04T02:21:22.086402+00:00,arxiv-1902.10565,arxiv-1902.10565::scale_up,2,scale_up,aed5ac2,numerical,hypothesis,"Second configuration within caps: next larger exportable tf-family net (b8c96h3tfrs or b14c192h6tfrs, attnrope+ffnsg) and/or 2 GPUs (selfplay on GPU0, train on GPU1 via cudaDeviceToUse), started only after eval_improvement passes on b7c96h3tfrs; same 24-CPU thread budget",,,,False,"[""arxiv-1902.10565::eval_improvement"", ""arxiv-1902.10565::data_budget"", ""arxiv-1902.10565::transformer_trunk_b7c96h3tfrs"", ""arxiv-1902.10565::head_gpool_degeneracy_9x9""]",python/katago/train/modelconfigs.py:1886-1942; cpp/configs/training/selfplay1_maxsize9.cfg:127-131,R2,worker,,,,,,,,Re-pointed 2026-09-03: predecessor transformer_trunk_b5c48h3tfr -> transformer_trunk_b7c96h3tfrs (non-SwiGLU FFN unservable).,e0a0193ca3d3d0a1dadfd2ede3474d45827e679d6eff490c296278963bd98e77,,,,,,,,,,,,,,,,,,,,,,,,,,,,,,,,,,,,,,,
2026-09-04T02:23:28.106911+00:00,arxiv-1902.10565,arxiv-1902.10565::head_gpool_degeneracy_9x9,2,paper_code_map,aed5ac2,numerical,preliminary,"Global pooling survives only in the policy head (KataGPool) and value head (KataValueHeadGPool) with hard constants b_avg 14, sigma^2/100 = 0.1; at strict 9x9 (mask_sum_hw 81) the value-head pooled channels are exactly collinear (pool2 = -0.5 pool1, pool3 = 0.15 pool1) and policy pool2 = -0.5 pool1: harmless but 2/3 of those head columns are redundant; today masked by bSizes 7,8,9 + allowRectangleProb 0.5; re-centering the constants would break C++ backend compatibility (not evaluated)",results/ktg/paper_1902.10565/evidence/decomposition/audit_paper_code_map.md,"[""paper l.398-404""]",,True,"[""arxiv-1902.10565::transformer_trunk_b7c96h3tfrs""]","python/katago/train/model_pytorch.py:492-543,2647,2711,2745,2855,3157-3160",R1,worker,,,7f29cb1c3c27804d8bb09ea766b2bfa390b415429eef332334cf7334c9a74564,,,,,"Decision recorded in DESIGN.md: keep constants (compatibility), accept redundancy; mixed 7-9 training is NOT used because the mission is 9x9-only (assumption a05). Re-pointed 2026-09-03: predecessor transformer_trunk_b5c48h3tfr -> transformer_trunk_b7c96h3tfrs (non-SwiGLU FFN unservable).",4fd578e7eff5500cf9a145f33a2239bac8fe4eddd50d8be39875bf33c644aaa1,,,,,,,,,,,,,,,,,,,,,,,,,,,,,,,,,,,,,,,
2026-09-04T02:23:28.161548+00:00,arxiv-1902.10565,arxiv-1902.10565::train_optimizer_schedule,2,paper_code_map,aed5ac2,numerical,preliminary,"train.py defaults: SGD momentum 0.9 (opt-in AdamW/Muon/NorMuon/Aurora), Lookahead k=6 alpha=0.5, per-sample lr 3e-5 x lr_scale x sqrt(batch/256), 9-step warmup ramp to 2M samples, -lr-scale / -lr-scale-auto2 / -lr-schedule, head lr factor 0.5, decoupled weight decay 0.00125 with attn group 0.5, SWA via -swa-period-samples, fp16/bf16 optional, torch.compile on unless -no-compile; transformer knobs -attn-logit-penalty-cap (off) vs export bound 2.5e4",results/ktg/paper_1902.10565/evidence/decomposition/audit_paper_code_map.md,,,False,"[""arxiv-1902.10565::transformer_trunk_b7c96h3tfrs""]","python/train.py:83-114,132,140-143,374,523-564,632-750,840-844,938-942,1046-1141; python/muon/muon.py",R1,worker,,,7f29cb1c3c27804d8bb09ea766b2bfa390b415429eef332334cf7334c9a74564,,,,,Re-pointed 2026-09-03: predecessor transformer_trunk_b5c48h3tfr -> transformer_trunk_b7c96h3tfrs (non-SwiGLU FFN unservable).,4084776ef6976e30e3fce77bc6a933d35a042c5e05ac2c3fbf6616ec572eb73d,,,,,,,,,,,,,,,,,,,,,,,,,,,,,,,,,,,,,,,
2026-09-04T02:43:41.222633+00:00,arxiv-1902.10565,arxiv-1902.10565::transformer_trunk_b7c96h3tfrs,2,paper_code_map,ba7917a,numerical,preliminary,"b7c96h3tfrs (modelconfigs.py:1008-1029, registered :1887): version 17, 7 x (attnrope, ffnsg), 96 trunk channels, 3 heads, ffn 256, RoPE theta 100 non-learnable (tables non-persistent, seq_len must equal pos_len^2), no trunk gpool; exporter lowers blocks to transformer_attention_block / transformer_ffn_block with use_swiglu=1 (export_model_pytorch.py:461); pos_len enters via train.py -pos-len and must equal selfplay dataBoardLen; export refuses if attention logit bound > 2.5e4. Smallest tf config every C++ backend can serve; exported + benchmarked at 9x9 on gb205 (job 298018, SMOKE RESULT: PASS). Absorbs the superseded transformer_trunk_b5c48h3tfr code-map (same attnrope/RoPE/no-trunk-gpool facts).",results/ktg/paper_1902.10565/evidence/decomposition/audit_paper_code_map.md,,,True,[],"python/katago/train/modelconfigs.py:1008-1029,1887; python/katago/train/model_pytorch.py:2108-2171,3231-3239,3269-3276; python/export_model_pytorch.py:42-43,461,491-494",R2,worker,,,7f29cb1c3c27804d8bb09ea766b2bfa390b415429eef332334cf7334c9a74564,,,,,Reconciled 2026-09-04 per results/ktg/paper_1902.10565/evidence/decomposition/dag_reconciliation.md (seat A + seat B adjudication). Supersedes transformer_trunk_b5c48h3tfr (row amended in this batch). Promotion to solid: task paper_code_map_training probe.,1530e3fdfa8ab36d89248afe2d85898f669d3225df6a441bda5d7b9337bead1c,,,,,,,,,,,,,,,,,,,,,,,,,,,,,,,,"sed -n 1021p ref-code/lightvector-KataGo/python/katago/train/modelconfigs.py | grep -q '""ffnsg""' && sed -n 1887p ref-code/lightvector-KataGo/python/katago/train/modelconfigs.py | grep -q '""b7c96h3tfrs""' && sed -n 1008p ref-code/lightvector-KataGo/python/katago/train/modelconfigs.py | grep -q 'b7c96h3tfrs = {' && sed -n 3308p ref-code/lightvector-KataGo/cpp/neuralnet/cudaandrocmbackend.inc | grep -q 'Non-SwiGLU'",60,"sed -n 1021p ref-code/lightvector-KataGo/python/katago/train/modelconfigs.py | grep -q '""ffnsg""' && sed -n 1887p ref-code/lightvector-KataGo/python/katago/train/modelconfigs.py | grep -q '""b7c96h3tfrs""' && sed -n 1008p ref-code/lightvector-KataGo/python/katago/train/modelconfigs.py | grep -q 'b7c96h3tfrs = {' && sed -n 3308p ref-code/lightvector-KataGo/cpp/neuralnet/cudaandrocmbackend.inc | grep -q 'Non-SwiGLU'",0.111,0,e3b0c44298fc1c149afbf4c8996fb92427ae41e4649b934ca495991b7852b855,,2026-09-04T02:43:41+00:00
2026-09-04T02:43:41.387644+00:00,arxiv-1902.10565,arxiv-1902.10565::engine_ffn_swiglu_constraint,1,env_build,ba7917a,numerical,solid,"Every C++ inference backend requires useSwiGLU=1 for transformer FFN blocks: TransformerFFNBlock constructors throw 'Non-SwiGLU transformer FFN is not yet supported in <backend> backend' (cudaandrocmbackend.inc:3307-3308, eigenbackend.cpp:1634, openclbackend.cpp:2729, metalbackend.cpp, onnxmodelbuilder.cpp). ffng configs (b5c48h3tfr, modelconfigs.py:1886 'no swiglu') are therefore torch-only: exporter writes use_swiglu=0 (export_model_pytorch.py:461), engine aborts at net construction before any kernel launch. Observed: job 297952 benchmark + gtp exit 134 with exactly this diagnostic (evidence/env/smoke-297952-fail.txt:26-27). Consequence: MODELKIND must be an ffnsg config (*tfrs / *tflrs).",results/ktg/paper_1902.10565/evidence/env/smoke-297952-fail.txt,,,False,[],cpp/neuralnet/cudaandrocmbackend.inc:3307-3308; cpp/neuralnet/eigenbackend.cpp:1634; cpp/neuralnet/openclbackend.cpp:2729; python/export_model_pytorch.py:461; python/katago/train/model_pytorch.py:3269-3284,R1,worker,,,98839a132de2face902c458acbb97f9e87844792fc3b099fd258237e4f685c08,,,,,"Reconciled 2026-09-04 per results/ktg/paper_1902.10565/evidence/decomposition/dag_reconciliation.md (seat A + seat B adjudication). New node (missing from both passes). Evidence: recorded abort (error-ledger trial 2026-09-04T02:00:27Z) + five grep-able anchors. The error-ledger root_cause text calls ffng a 'gpool FFN'; it is the non-gated FFN (model_pytorch.py:2530), not a pooling block.",01878ead27210b97afa0222bc7b2ea42d9bc857f1b0148b9e526e749df421fed,,,,,,,,,,,,,,,,,,,,,,,,,,,,,,,,test $(grep -l 'Non-SwiGLU transformer FFN is not yet supported' ref-code/lightvector-KataGo/cpp/neuralnet/cudaandrocmbackend.inc ref-code/lightvector-KataGo/cpp/neuralnet/eigenbackend.cpp ref-code/lightvector-KataGo/cpp/neuralnet/openclbackend.cpp ref-code/lightvector-KataGo/cpp/neuralnet/metalbackend.cpp ref-code/lightvector-KataGo/cpp/neuralnet/onnxmodelbuilder.cpp 2>/dev/null | wc -l) -ge 3 && grep -q 'Non-SwiGLU' results/ktg/paper_1902.10565/evidence/env/smoke-297952-fail.txt && sed -n 1886p ref-code/lightvector-KataGo/python/katago/train/modelconfigs.py | grep -q 'no swiglu' && sed -n 461p ref-code/lightvector-KataGo/python/export_model_pytorch.py | grep -q 'use_swiglu',60,test $(grep -l 'Non-SwiGLU transformer FFN is not yet supported' ref-code/lightvector-KataGo/cpp/neuralnet/cudaandrocmbackend.inc ref-code/lightvector-KataGo/cpp/neuralnet/eigenbackend.cpp ref-code/lightvector-KataGo/cpp/neuralnet/openclbackend.cpp ref-code/lightvector-KataGo/cpp/neuralnet/metalbackend.cpp ref-code/lightvector-KataGo/cpp/neuralnet/onnxmodelbuilder.cpp 2>/dev/null | wc -l) -ge 3 && grep -q 'Non-SwiGLU' results/ktg/paper_1902.10565/evidence/env/smoke-297952-fail.txt && sed -n 1886p ref-code/lightvector-KataGo/python/katago/train/modelconfigs.py | grep -q 'no swiglu' && sed -n 461p ref-code/lightvector-KataGo/python/export_model_pytorch.py | grep -q 'use_swiglu',0.125,0,e3b0c44298fc1c149afbf4c8996fb92427ae41e4649b934ca495991b7852b855,,2026-09-04T02:43:41+00:00
2026-09-04T02:43:41.564943+00:00,arxiv-1902.10565,arxiv-1902.10565::select_transformer_ladder,1,select_transformer_ladder,ba7917a,numerical,preliminary,"Architecture ladder decision: b7c96h3tfrs (start: smoke + first production) -> b8c96h3tfrs (modelconfigs.py:1057-1077, :1889) -> b14c192h6tfrs (:1453, :1894; tflrs = learnable RoPE :1895). Each step is a fresh run: train.py:850 takes the model config from checkpoint.ckpt, so a b7 checkpoint is never resumed into b8. b5c48h3tfr is excluded (ffng, engine-unservable) and kept only as a negative fixture; the fused nbt family (b5c192h3nbttfrs :1890) is [FUTURE]. Wrapper asserts MODELKIND matches *tfrs|*tflrs.",,,,True,"[""arxiv-1902.10565::transformer_trunk_b7c96h3tfrs"", ""arxiv-1902.10565::engine_ffn_swiglu_constraint""]","python/katago/train/modelconfigs.py:1008-1029,1057-1077,1453,1886-1895; python/train.py:850",R2,worker,,,,,,,,Reconciled 2026-09-04 per results/ktg/paper_1902.10565/evidence/decomposition/dag_reconciliation.md (seat A + seat B adjudication). Added from pass 2 (both seats). Decision node; promotes to solid when tiny_model_export_smoke lands for b7 and the wrapper MODELKIND assertion exists.,a74c9c2f294a5c137e597f80f524e2dd3953ec35ea5e25e4ed56c9e385778e18,,,,,,,,,,,,,,,,,,,,,,,,,,,,,,,,"sed -n 1886p ref-code/lightvector-KataGo/python/katago/train/modelconfigs.py | grep -q '""b5c48h3tfr"": b5c48h3tfr,  # no swiglu' && grep -q '""b8c96h3tfrs"": b8c96h3tfrs' ref-code/lightvector-KataGo/python/katago/train/modelconfigs.py && grep -q '""b14c192h6tfrs"": b14c192h6tfrs' ref-code/lightvector-KataGo/python/katago/train/modelconfigs.py && sed -n 1021p ref-code/lightvector-KataGo/python/katago/train/modelconfigs.py | grep -q ffnsg && sed -n 1070p ref-code/lightvector-KataGo/python/katago/train/modelconfigs.py | grep -q ffnsg && sed -n 850p ref-code/lightvector-KataGo/python/train.py | grep -q 'state_dict\[""config""\]'",60,"sed -n 1886p ref-code/lightvector-KataGo/python/katago/train/modelconfigs.py | grep -q '""b5c48h3tfr"": b5c48h3tfr,  # no swiglu' && grep -q '""b8c96h3tfrs"": b8c96h3tfrs' ref-code/lightvector-KataGo/python/katago/train/modelconfigs.py && grep -q '""b14c192h6tfrs"": b14c192h6tfrs' ref-code/lightvector-KataGo/python/katago/train/modelconfigs.py && sed -n 1021p ref-code/lightvector-KataGo/python/katago/train/modelconfigs.py | grep -q ffnsg && sed -n 1070p ref-code/lightvector-KataGo/python/katago/train/modelconfigs.py | grep -q ffnsg && sed -n 850p ref-code/lightvector-KataGo/python/train.py | grep -q 'state_dict\[""config""\]'",0.161,0,e3b0c44298fc1c149afbf4c8996fb92427ae41e4649b934ca495991b7852b855,,2026-09-04T02:43:41+00:00
2026-09-04T02:43:41.777615+00:00,arxiv-1902.10565,arxiv-1902.10565::playout_cap_randomization,2,paper_code_map,ba7917a,numerical,preliminary,"Playout cap randomization as coded: play.cpp:1132-1150 picks a cheap search with prob cheapSearchProb (0.75), visits min(maxVisits, cheapSearchVisits) = 100 vs 600, target weight x cheapSearchTargetWeight (0.0) so cheap turns write no rows, root noise removed on cheap turns; equals the paper's p=0.25, (N,n)=(600,100); board and trunk independent Anchors re-verified 2026-09-04 (play.cpp:1141-1143, selfplay1_maxsize9.cfg:60-62,115).",results/ktg/paper_1902.10565/evidence/decomposition/audit_paper_code_map.md,"[""paper l.96-97""]",,False,[],"cpp/program/play.cpp:1113,1127-1150; cpp/program/playsettings.h:44-46; cpp/configs/training/selfplay1_maxsize9.cfg:60-62,115",R0,worker,,,7f29cb1c3c27804d8bb09ea766b2bfa390b415429eef332334cf7334c9a74564,,,,,"Reconciled 2026-09-04 per results/ktg/paper_1902.10565/evidence/decomposition/dag_reconciliation.md (seat A + seat B adjudication). Kept (both seats). Promotion: task paper_code_map_search (full_frac in [0.20,0.30]).",306600d0f43691b3bbca4cb2bcb047d15a56be7298ea490e25f5964606b0cfbe,,,,,,,,,,,,,,,,,,,,,,,,,,,,,,,,"sed -n 60,62p ref-code/lightvector-KataGo/cpp/configs/training/selfplay1_maxsize9.cfg | grep -q 'cheapSearchProb = 0.75' && sed -n 1143p ref-code/lightvector-KataGo/cpp/program/play.cpp | grep -q 'cheapSearchTargetWeight' && sed -n 115p ref-code/lightvector-KataGo/cpp/configs/training/selfplay1_maxsize9.cfg | grep -q 'maxVisits = 600'",60,"sed -n 60,62p ref-code/lightvector-KataGo/cpp/configs/training/selfplay1_maxsize9.cfg | grep -q 'cheapSearchProb = 0.75' && sed -n 1143p ref-code/lightvector-KataGo/cpp/program/play.cpp | grep -q 'cheapSearchTargetWeight' && sed -n 115p ref-code/lightvector-KataGo/cpp/configs/training/selfplay1_maxsize9.cfg | grep -q 'maxVisits = 600'",0.094,0,e3b0c44298fc1c149afbf4c8996fb92427ae41e4649b934ca495991b7852b855,,2026-09-04T02:43:41+00:00
2026-09-04T02:43:41.927806+00:00,arxiv-1902.10565,arxiv-1902.10565::root_explore_and_target_pruning,2,paper_code_map,ba7917a,numerical,preliminary,"Forced root exploration (searchexplorehelpers.cpp:166-169, coefficient rootDesiredPerChildVisitsCoeff=2 = paper k) and policy-target pruning via getReducedPlaySelectionWeight (searchexplorehelpers.cpp:229-263, applied searchresults.cpp:142-195) plus chosenMovePrune=1 / chosenMoveSubtract=0; useNoisePruning is off in selfplay (SETUP_FOR_OTHER); target written by play.cpp:810-845 -> trainingwrite.cpp:552-553 Do NOT set useNoisePruning=true (pass-2 proposal dropped): setup.cpp:578 defaults it to false for SETUP_FOR_OTHER, which selfplay uses (selfplay.cpp:110); enabling it is a behaviour change, not a preset default.",results/ktg/paper_1902.10565/evidence/decomposition/audit_paper_code_map.md,"[""eq:l105"", ""paper l.109""]",,False,[],"cpp/search/searchexplorehelpers.cpp:153-169,229-263; cpp/search/searchresults.cpp:142-195,318-328; cpp/program/setup.cpp:578,645-647,671-676; selfplay1_maxsize9.cfg:141-142,148",R0,worker,,,7f29cb1c3c27804d8bb09ea766b2bfa390b415429eef332334cf7334c9a74564,,,,,Reconciled 2026-09-04 per results/ktg/paper_1902.10565/evidence/decomposition/dag_reconciliation.md (seat A + seat B adjudication). Kept (both seats); useNoisePruning sub-item dropped by both seats.,490d504ecf05b74bb0b47952d89152424a5237fa358d801aff4b3c91c80a0859,,,,,,,,,,,,,,,,,,,,,,,,,,,,,,,,sed -n 167p ref-code/lightvector-KataGo/cpp/search/searchexplorehelpers.cpp | grep -q rootDesiredPerChildVisitsCoeff && sed -n 578p ref-code/lightvector-KataGo/cpp/program/setup.cpp | grep -q SETUP_FOR_OTHER && sed -n 110p ref-code/lightvector-KataGo/cpp/command/selfplay.cpp | grep -q SETUP_FOR_OTHER && ! grep -q '^useNoisePruning' ref-code/lightvector-KataGo/cpp/configs/training/selfplay1_maxsize9.cfg,60,sed -n 167p ref-code/lightvector-KataGo/cpp/search/searchexplorehelpers.cpp | grep -q rootDesiredPerChildVisitsCoeff && sed -n 578p ref-code/lightvector-KataGo/cpp/program/setup.cpp | grep -q SETUP_FOR_OTHER && sed -n 110p ref-code/lightvector-KataGo/cpp/command/selfplay.cpp | grep -q SETUP_FOR_OTHER && ! grep -q '^useNoisePruning' ref-code/lightvector-KataGo/cpp/configs/training/selfplay1_maxsize9.cfg,0.11,0,e3b0c44298fc1c149afbf4c8996fb92427ae41e4649b934ca495991b7852b855,,2026-09-04T02:43:41+00:00
2026-09-04T02:43:42.096567+00:00,arxiv-1902.10565,arxiv-1902.10565::score_utility_search,2,paper_code_map,ba7917a,numerical,preliminary,"Score utility u = c * (2/pi) atan((x - x0)/(dynamicScoreCenterScale * sqrt(area))) with c = static (0) + dynamic (0.40) factors, x0 = root expected score x (1 - dynamicScoreCenterZeroWeight 0.25) clamped within 0.5 sqrt(area); tables built at MAX_BOARD_LEN and rescaled; at 9x9 the denominator is 4.5 points; gatekeeper uses dynamicScoreUtilityFactor 0.25 Anchors re-verified 2026-09-04 (nninputs.cpp:56, selfplay1_maxsize9.cfg:157-161).",results/ktg/paper_1902.10565/evidence/decomposition/audit_paper_code_map.md,"[""eq:l689"", ""eq:l691"", ""eq:l702""]",,False,[],"cpp/neuralnet/nninputs.cpp:40,56-69,100,113-190; cpp/search/search.cpp:1137-1166; cpp/search/searchhelpers.cpp:277-278; cpp/search/searchparams.h:14-17; selfplay1_maxsize9.cfg:157-163; gatekeeper1_maxsize9.cfg:85-88",R0,worker,,,7f29cb1c3c27804d8bb09ea766b2bfa390b415429eef332334cf7334c9a74564,,,,,Reconciled 2026-09-04 per results/ktg/paper_1902.10565/evidence/decomposition/dag_reconciliation.md (seat A + seat B adjudication). Kept (both seats).,01e3842e5068cb1931d676b28ffe23f76dd1059f9323a1203a111f187bbc6b97,,,,,,,,,,,,,,,,,,,,,,,,,,,,,,,,sed -n 56p ref-code/lightvector-KataGo/cpp/neuralnet/nninputs.cpp | grep -q twoOverPi && sed -n 159p ref-code/lightvector-KataGo/cpp/configs/training/selfplay1_maxsize9.cfg | grep -q 'dynamicScoreUtilityFactor = 0.40',60,sed -n 56p ref-code/lightvector-KataGo/cpp/neuralnet/nninputs.cpp | grep -q twoOverPi && sed -n 159p ref-code/lightvector-KataGo/cpp/configs/training/selfplay1_maxsize9.cfg | grep -q 'dynamicScoreUtilityFactor = 0.40',0.073,0,e3b0c44298fc1c149afbf4c8996fb92427ae41e4649b934ca495991b7852b855,,2026-09-04T02:43:42+00:00
2026-09-04T02:43:42.224914+00:00,arxiv-1902.10565,arxiv-1902.10565::loss_targets_metrics,3,paper_code_map,ba7917a,numerical,preliminary,"Loss as coded in metrics_pytorch.py:856-882: policy 0.930, opponent policy 0.15, soft policy 8.0 x2, optimistic 0.10/0.20, value 1.20 x -value-loss-scale 0.6, TD values 0.72 x3, ownership 1.5/b^2 (exact paper form), scoring 0.25/b^2, futurepos 0.25/b, seki adaptive, score pdf/cdf 0.02/0.02, score mean/stdev 0.0015/0.001, lead 0.006, variance-time 0.0003, shortterm 2.0 / 2e-5, no gamma penalty, decoupled weight decay; all board-parametric via pos_len/mask_sum_hw; q losses zero for b7c96h3tfrs",results/ktg/paper_1902.10565/evidence/decomposition/audit_paper_code_map.md,"[""eq:l546"", ""eq:l550"", ""eq:l554"", ""eq:l558"", ""eq:l562"", ""eq:l566"", ""eq:l570"", ""eq:l578""]",,False,"[""arxiv-1902.10565::transformer_trunk_b7c96h3tfrs""]","python/katago/train/metrics_pytorch.py:28-35,84-88,118-323,600-607,838-882; python/train.py:143-149,632-750",R1,worker,,,7f29cb1c3c27804d8bb09ea766b2bfa390b415429eef332334cf7334c9a74564,,,,,Reconciled 2026-09-04 per results/ktg/paper_1902.10565/evidence/decomposition/dag_reconciliation.md (seat A + seat B adjudication). Kept (both seats); predecessor stays the b7 trunk (q losses are zero because b7 has no predict_q_values).,cd2853a00461114710f3cfc6415bb701bd2283449e50e6bc51dd9fbfa3e217c2,,,,,,,,,,,,,,,,,,,,,,,,,,,,,,,,"sed -n 856,882p ref-code/lightvector-KataGo/python/katago/train/metrics_pytorch.py | grep -q 'loss_policy_player \* policy_opt_loss_scale'",60,"sed -n 856,882p ref-code/lightvector-KataGo/python/katago/train/metrics_pytorch.py | grep -q 'loss_policy_player \* policy_opt_loss_scale'",0.049,0,e3b0c44298fc1c149afbf4c8996fb92427ae41e4649b934ca495991b7852b855,,2026-09-04T02:43:42+00:00
2026-09-04T02:43:42.331073+00:00,arxiv-1902.10565,arxiv-1902.10565::head_gpool_degeneracy_9x9,3,paper_code_map,ba7917a,numerical,preliminary,"Global pooling survives only in the policy head (KataGPool) and value head (KataValueHeadGPool) with hard constants b_avg 14, sigma^2/100 = 0.1; at strict 9x9 (mask_sum_hw 81) the value-head pooled channels are exactly collinear (pool2 = -0.5 pool1, pool3 = 0.15 pool1) and policy pool2 = -0.5 pool1: harmless but 2/3 of those head columns are redundant; today masked by bSizes 7,8,9 + allowRectangleProb 0.5; re-centering the constants would break C++ backend compatibility (not evaluated)",results/ktg/paper_1902.10565/evidence/decomposition/audit_paper_code_map.md,"[""paper l.398-404""]",,True,"[""arxiv-1902.10565::transformer_trunk_b7c96h3tfrs""]","python/katago/train/model_pytorch.py:492-543,2647,2711,2745,2855,3157-3160",R1,worker,,,7f29cb1c3c27804d8bb09ea766b2bfa390b415429eef332334cf7334c9a74564,,,,,Reconciled 2026-09-04 per results/ktg/paper_1902.10565/evidence/decomposition/dag_reconciliation.md (seat A + seat B adjudication). Kept (both seats). The arithmetic half is verified at append; the tensor probe (paper_code_map_training assertion 2) promotes to solid.,7e1d21dc5ee989f042dfcb2b17e48c9d4144fb679ecf9757634ce24bf9181a44,,,,,,,,,,,,,,,,,,,,,,,,,,,,,,,,sed -n 534p ref-code/lightvector-KataGo/python/katago/train/model_pytorch.py | grep -q 'torch.sqrt(mask_sum_hw) - 14.0' && sed -n 540p ref-code/lightvector-KataGo/python/katago/train/model_pytorch.py | grep -q '/ 100.0 - 0.1' && python3 -c 'import math; o=math.sqrt(81)-14; assert abs(o/10+0.5)<1e-12 and abs(o*o/100-0.1-0.15)<1e-12',60,sed -n 534p ref-code/lightvector-KataGo/python/katago/train/model_pytorch.py | grep -q 'torch.sqrt(mask_sum_hw) - 14.0' && sed -n 540p ref-code/lightvector-KataGo/python/katago/train/model_pytorch.py | grep -q '/ 100.0 - 0.1' && python3 -c 'import math; o=math.sqrt(81)-14; assert abs(o/10+0.5)<1e-12 and abs(o*o/100-0.1-0.15)<1e-12',0.107,0,e3b0c44298fc1c149afbf4c8996fb92427ae41e4649b934ca495991b7852b855,,2026-09-04T02:43:42+00:00
2026-09-04T02:43:42.492955+00:00,arxiv-1902.10565,arxiv-1902.10565::train_optimizer_schedule,3,paper_code_map,ba7917a,numerical,preliminary,"train.py defaults: SGD momentum 0.9 (opt-in AdamW/Muon/NorMuon/Aurora), Lookahead k=6 alpha=0.5, per-sample lr 3e-5 x lr_scale x sqrt(batch/256), 9-step warmup ramp to 2M samples, -lr-scale / -lr-scale-auto2 / -lr-schedule, head lr factor 0.5, decoupled weight decay 0.00125 with attn group 0.5, SWA via -swa-period-samples, fp16/bf16 optional, torch.compile on unless -no-compile; transformer knobs -attn-logit-penalty-cap (off) vs export bound 2.5e4 Warm-up scale reaches 1.0 only past 2,000,000 samples (train.py:1074-1079): strength before that is pipeline verification, so eval_improvement must report samples vs the warm-up.",results/ktg/paper_1902.10565/evidence/decomposition/audit_paper_code_map.md,,,False,[],"python/train.py:83-114,132,140-143,374,523-564,632-750,840-844,938-942,1046-1141; python/muon/muon.py",R1,worker,,,7f29cb1c3c27804d8bb09ea766b2bfa390b415429eef332334cf7334c9a74564,,,,,Reconciled 2026-09-04 per results/ktg/paper_1902.10565/evidence/decomposition/dag_reconciliation.md (seat A + seat B adjudication). Kept; made a root (seat B): train.py defaults do not depend on the trunk. Amended with the 2M-sample warm-up fact (seat A).,2b2e3975abcf78628d05db38b025a3120ac3097420174f5ea22d0a27168173ce,,,,,,,,,,,,,,,,,,,,,,,,,,,,,,,,"sed -n 1076,1079p ref-code/lightvector-KataGo/python/train.py | grep -q 2000000 && grep -q 'momentum=0.9' ref-code/lightvector-KataGo/python/train.py",60,"sed -n 1076,1079p ref-code/lightvector-KataGo/python/train.py | grep -q 2000000 && grep -q 'momentum=0.9' ref-code/lightvector-KataGo/python/train.py",0.07,0,e3b0c44298fc1c149afbf4c8996fb92427ae41e4649b934ca495991b7852b855,,2026-09-04T02:43:42+00:00
2026-09-04T02:43:42.612293+00:00,arxiv-1902.10565,arxiv-1902.10565::selfplay_search_params,2,paper_code_map,ba7917a,numerical,preliminary,"Search/thread keys of selfplay1_maxsize9.cfg and gatekeeper1_maxsize9.cfg as shipped (numGameThreads 128, numSearchThreads 1, nnMaxBatchSize 128, maxVisits 600/150, numNNServerThreadsPerModel 1, cudaDeviceToUse* commented out) and the OS-thread model: selfplay = numGameThreads + nnServer threads per model + 1 dataWrite per model (selfplaymanager.cpp:156) + 1 modelLoad (selfplay.cpp:364) + main; gatekeeper = numGameThreads + 2 x nnServer (two models) + 1 dataWrite (gatekeeper.cpp:548) + main. 24-CPU cap => numGameThreads 18 for BOTH selfplay (22 threads, +2 transient at net switch) and gatekeeper (22 threads); the pass-1 gatekeeper value 20 omitted the data-write thread (20+2+1+1 = 24, no margin).",results/ktg/paper_1902.10565/evidence/decomposition/audit_loop_scripts_configs.md,,,False,[],"cpp/configs/training/selfplay1_maxsize9.cfg:84,115-124; gatekeeper1_maxsize9.cfg:18,49-57; cpp/command/selfplay.cpp:360-364; cpp/search/searchmultithreadhelpers.cpp:40-52; cpp/program/setup.cpp:194,203; cpp/program/selfplaymanager.cpp:156",R1,worker,,,34dc4af177588d3beb36f9cf31ef056490cf587a1526f138ab5298a4e9900519,,,,,Reconciled 2026-09-04 per results/ktg/paper_1902.10565/evidence/decomposition/dag_reconciliation.md (seat A + seat B adjudication). Amended: gatekeeper numGameThreads 20 -> 18 (both seats). Compliance is admitted only from ps -o nlwp on live processes (claim c06).,161709c27363e5324ed36144c5a3d8993ee6fc5c93f911d2942d0480d019e770,,,,,,,,,,,,,,,,,,,,,,,,,,,,,,,,sed -n 548p ref-code/lightvector-KataGo/cpp/command/gatekeeper.cpp | grep -q 'std::thread newThread(dataWriteLoopProtected)' && sed -n 156p ref-code/lightvector-KataGo/cpp/program/selfplaymanager.cpp | grep -q 'std::thread newThread(dataWriteLoop' && sed -n 84p ref-code/lightvector-KataGo/cpp/configs/training/selfplay1_maxsize9.cfg | grep -q 'numGameThreads = 128' && sed -n 364p ref-code/lightvector-KataGo/cpp/command/selfplay.cpp | grep -q modelLoadLoopThread,60,sed -n 548p ref-code/lightvector-KataGo/cpp/command/gatekeeper.cpp | grep -q 'std::thread newThread(dataWriteLoopProtected)' && sed -n 156p ref-code/lightvector-KataGo/cpp/program/selfplaymanager.cpp | grep -q 'std::thread newThread(dataWriteLoop' && sed -n 84p ref-code/lightvector-KataGo/cpp/configs/training/selfplay1_maxsize9.cfg | grep -q 'numGameThreads = 128' && sed -n 364p ref-code/lightvector-KataGo/cpp/command/selfplay.cpp | grep -q modelLoadLoopThread,0.113,0,e3b0c44298fc1c149afbf4c8996fb92427ae41e4649b934ca495991b7852b855,,2026-09-04T02:43:42+00:00
2026-09-04T02:43:42.774302+00:00,arxiv-1902.10565,arxiv-1902.10565::game_randomization_9x9,2,paper_code_map,ba7917a,numerical,preliminary,"Game-init keys in v1.18.2 selfplay cfg: bSizes/bSizeRelProbs/allowRectangleProb (7,8,9 / 1,1,8 / 0.50 in the maxsize9 preset), komiAuto true, komiStdev 1.0, komiBigStdevProb 0.06 / komiBigStdev 12, handicapProb 0.10 (paper: 0 free moves at b<=10 so a no-op on 9x9), forkCompensateKomiProb 0.80, chosenMoveTemperature 0.15/Early 0.75/Halflife 19, startPosesProb and hintPosesProb disabled; a 9x9-only run replaces the board keys with bSizes=9, bSizeRelProbs=1, allowRectangleProb=0 dataBoardLen ships as 19 (selfplay1_maxsize9.cfg:16) and must become 9 together with train.py -pos-len 9.",results/ktg/paper_1902.10565/evidence/decomposition/audit_loop_scripts_configs.md,,,False,[],"cpp/configs/training/selfplay1_maxsize9.cfg:37,45,95-108,138-142; paper l.644-665 (background)",R0,worker,,,34dc4af177588d3beb36f9cf31ef056490cf587a1526f138ab5298a4e9900519,,,,,Reconciled 2026-09-04 per results/ktg/paper_1902.10565/evidence/decomposition/dag_reconciliation.md (seat A + seat B adjudication). Kept (both seats).,7f58aa1a5e2e003597dbeff991627ce342eb9b3a38d87db2a9fcc79946d0a619,,,,,,,,,,,,,,,,,,,,,,,,,,,,,,,,"sed -n 95,97p ref-code/lightvector-KataGo/cpp/configs/training/selfplay1_maxsize9.cfg | grep -q 'bSizes = 7,8,9' && sed -n 97p ref-code/lightvector-KataGo/cpp/configs/training/selfplay1_maxsize9.cfg | grep -q 'allowRectangleProb = 0.50' && sed -n 16p ref-code/lightvector-KataGo/cpp/configs/training/selfplay1_maxsize9.cfg | grep -q 'dataBoardLen = 19'",60,"sed -n 95,97p ref-code/lightvector-KataGo/cpp/configs/training/selfplay1_maxsize9.cfg | grep -q 'bSizes = 7,8,9' && sed -n 97p ref-code/lightvector-KataGo/cpp/configs/training/selfplay1_maxsize9.cfg | grep -q 'allowRectangleProb = 0.50' && sed -n 16p ref-code/lightvector-KataGo/cpp/configs/training/selfplay1_maxsize9.cfg | grep -q 'dataBoardLen = 19'",0.09,0,e3b0c44298fc1c149afbf4c8996fb92427ae41e4649b934ca495991b7852b855,,2026-09-04T02:43:42+00:00
2026-09-04T02:43:42.923635+00:00,arxiv-1902.10565,arxiv-1902.10565::gating_rule,2,paper_code_map,ba7917a,numerical,preliminary,"Gating in v1.18.2: numGamesPerGating 200 (gatekeeper1_maxsize9.cfg:20), -required-candidate-win-prop default 0.5 (CLI, not passed by synchronous_loop.sh), candidate wins ties (gatekeeper.cpp:580), maxVisits 150, handicapProb 0; candidate dir renamed into accepted-models-dir or rejected-models-dir. Empty accepted-models-dir does NOT skip gating and does NOT error: LoadModel::findLatestModel returns true unconditionally with modelName 'random' / modelFile '/dev/null' (loadmodel.cpp:77-93), setup.cpp:126 turns '/dev/null' into debugSkipNeuralNet (random play), so cycle 1 gates the first candidate against a random-play baseline; the 'No accepted model' branch (gatekeeper.cpp:398-402) is unreachable. Returns 0 with -quit-if-no-nets-to-test when modelstobetested is empty.",results/ktg/paper_1902.10565/evidence/decomposition/audit_loop_scripts_configs.md,,,False,[],"cpp/command/gatekeeper.cpp:271,399-402,516-525,591-598,623-648; cpp/configs/training/gatekeeper1_maxsize9.cfg:18-24,44-45,49; paper l.667-681 (background: 100/200 rule)",R0,worker,,,34dc4af177588d3beb36f9cf31ef056490cf587a1526f138ab5298a4e9900519,,,,,"Reconciled 2026-09-04 per results/ktg/paper_1902.10565/evidence/decomposition/dag_reconciliation.md (seat A + seat B adjudication). Amended: both passes misread the empty-models/ case ('skips' in pass 1, 'requires an accepted model' in pass 2); seat A's reading verified here in the mirror. Runtime confirmation: gatekeeper log 'Loaded accepted neural net random' in the smoke cycle (obligation o19).",fb3e2a965f0d2b39190e2b3c333e538d34284e2ea394f505bd29dac0ced6b9f0,,,,,,,,,,,,,,,,,,,,,,,,,,,,,,,,"sed -n 93p ref-code/lightvector-KataGo/cpp/dataio/loadmodel.cpp | grep -q 'return true' && sed -n 77,78p ref-code/lightvector-KataGo/cpp/dataio/loadmodel.cpp | grep -q '/dev/null' && sed -n 126p ref-code/lightvector-KataGo/cpp/program/setup.cpp | grep -q '/dev/null' && sed -n 20p ref-code/lightvector-KataGo/cpp/configs/training/gatekeeper1_maxsize9.cfg | grep -q 'numGamesPerGating = 200' && sed -n 580p ref-code/lightvector-KataGo/cpp/command/gatekeeper.cpp | grep -q requiredCandidateWinProp",60,"sed -n 93p ref-code/lightvector-KataGo/cpp/dataio/loadmodel.cpp | grep -q 'return true' && sed -n 77,78p ref-code/lightvector-KataGo/cpp/dataio/loadmodel.cpp | grep -q '/dev/null' && sed -n 126p ref-code/lightvector-KataGo/cpp/program/setup.cpp | grep -q '/dev/null' && sed -n 20p ref-code/lightvector-KataGo/cpp/configs/training/gatekeeper1_maxsize9.cfg | grep -q 'numGamesPerGating = 200' && sed -n 580p ref-code/lightvector-KataGo/cpp/command/gatekeeper.cpp | grep -q requiredCandidateWinProp",0.133,0,e3b0c44298fc1c149afbf4c8996fb92427ae41e4649b934ca495991b7852b855,,2026-09-04T02:43:42+00:00
2026-09-04T02:43:43.111636+00:00,arxiv-1902.10565,arxiv-1902.10565::train_resume_semantics,2,paper_code_map,ba7917a,numerical,preliminary,"train.py resumes unconditionally from <traindir>/checkpoint.ckpt (model config then comes from the checkpoint, -model-kind ignored), rotates 4 short-term checkpoints, writes longterm_checkpoints every 12 h, exports model.ckpt every epochs_per_export (default 1), and -stop-when-train-bucket-limited makes it exit instead of sleeping; no TensorBoard, metrics are metrics_train.json / metrics_val.json",results/ktg/paper_1902.10565/evidence/decomposition/audit_loop_scripts_configs.md,,,False,[],"python/train.py:81,122,124,434-439,573-578,614-622,780-796,850,1206-1213,1350-1351,1440-1451,1845-1889; python/katago/utils/training_data_generator.py:12-20",R1,worker,,,34dc4af177588d3beb36f9cf31ef056490cf587a1526f138ab5298a4e9900519,,,,,Reconciled 2026-09-04 per results/ktg/paper_1902.10565/evidence/decomposition/dag_reconciliation.md (seat A + seat B adjudication). Kept (both seats).,82069ea795eb29e6a4e74ba9473fabfb937d169792589c707c135ed448b15bd8,,,,,,,,,,,,,,,,,,,,,,,,,,,,,,,,"sed -n 780p ref-code/lightvector-KataGo/python/train.py | grep -q get_checkpoint_path && sed -n 1884p ref-code/lightvector-KataGo/python/train.py | grep -q 'hours=12' && sed -n 850p ref-code/lightvector-KataGo/python/train.py | grep -q 'state_dict\[""config""\]'",60,"sed -n 780p ref-code/lightvector-KataGo/python/train.py | grep -q get_checkpoint_path && sed -n 1884p ref-code/lightvector-KataGo/python/train.py | grep -q 'hours=12' && sed -n 850p ref-code/lightvector-KataGo/python/train.py | grep -q 'state_dict\[""config""\]'",0.094,0,e3b0c44298fc1c149afbf4c8996fb92427ae41e4649b934ca495991b7852b855,,2026-09-04T02:43:43+00:00
2026-09-04T02:43:43.263084+00:00,arxiv-1902.10565,arxiv-1902.10565::data_format_pos_len,2,paper_code_map,ba7917a,numerical,preliminary,"Training-row layout at posLen L: binaryInputNCHWPacked 22*ceil(L^2/8) B, globalInputNC 76 B, policyTargetsNCMove 4(L^2+1) B, globalTargetsNC 320 B, scoreDistrN 2L^2+120 B, valueTargetsNCHW 5L^2 B, qValueTargetsNCMove 6(L^2+1) B => 7675 B (L=19) vs 2145 B (L=9), compressed x0.12; dataBoardLen (cfg) must equal -pos-len (train.py), asserted at data_processing_pytorch.py:91; rows/turn = floor(w)+Bernoulli(frac(w)) with w=0 on cheap-search turns The assert fires in training (data_processing_pytorch.py:91), not in shuffle, so this node also feeds train_stage; upstream train.sh:88 hard-codes -pos-len 19.",results/ktg/paper_1902.10565/evidence/decomposition/audit_loop_scripts_configs.md,,,False,[],"cpp/dataio/trainingwrite.cpp:288-334,1030,1092-1096,1206-1251; python/shuffle.py:39-47; python/katago/train/data_processing_pytorch.py:91; cpp/configs/training/selfplay1_maxsize9.cfg:10-16; python/selfplay/train.sh:88",R1,worker,,,34dc4af177588d3beb36f9cf31ef056490cf587a1526f138ab5298a4e9900519,,,,,Reconciled 2026-09-04 per results/ktg/paper_1902.10565/evidence/decomposition/dag_reconciliation.md (seat A + seat B adjudication). Kept (both seats); the 2145-byte arithmetic is verified at append; the real-npz check is paper_code_map_training assertion 3.,b76e4b5c6b038ba3b2278e716429350b1a6cd48253632a857ebf3aba919de1d8,,,,,,,,,,,,,,,,,,,,,,,,,,,,,,,,sed -n 91p ref-code/lightvector-KataGo/python/katago/train/data_processing_pytorch.py | grep -q 'pos_len \* pos_len + 7' && sed -n 88p ref-code/lightvector-KataGo/python/selfplay/train.sh | grep -q -- '-pos-len 19' && python3 -c 'L=9; assert 22*((L*L+7)//8)+76+4*(L*L+1)+320+2*L*L+120+5*L*L+6*(L*L+1)==2145',60,sed -n 91p ref-code/lightvector-KataGo/python/katago/train/data_processing_pytorch.py | grep -q 'pos_len \* pos_len + 7' && sed -n 88p ref-code/lightvector-KataGo/python/selfplay/train.sh | grep -q -- '-pos-len 19' && python3 -c 'L=9; assert 22*((L*L+7)//8)+76+4*(L*L+1)+320+2*L*L+120+5*L*L+6*(L*L+1)==2145',0.105,0,e3b0c44298fc1c149afbf4c8996fb92427ae41e4649b934ca495991b7852b855,,2026-09-04T02:43:43+00:00
2026-09-04T02:43:43.427619+00:00,arxiv-1902.10565,arxiv-1902.10565::training_window_shuffle,2,paper_code_map,ba7917a,numerical,preliminary,"shuffle.py window: -keep-target-rows (required; loop passes 600000), -min-rows (loop 100000; default 250000), -taper-window-scale (loop 50000), -expand-window-per-row 1.0, -taper-window-exponent 1.0, -approx-rows-per-out-file 70000, -num-processes; output shuffleddata/<ts>/data*.npz + <ts>.json range; refuses non-empty out-dir; the paper's N_window formula (l.638) is superseded by these flags Random-play rows are capped at min_rows inside the shuffler (shuffle.py:1058,1077 num_random_rows_capped), so a long random bootstrap cannot flood the window. SHUFFLE_KEEPROWS must exceed MAX_TRAIN_SAMPLES_PER_CYCLE (synchronous_loop.sh:66 comment). -exclude-qvalues (shuffle.py:801) is an [OPEN] option for nets without predict_q_values.",results/ktg/paper_1902.10565/evidence/decomposition/audit_loop_scripts_configs.md,,,False,[],"python/shuffle.py:420-421,777-791,812-815,862-867,1079-1083,1213-1239,1330-1335; python/selfplay/synchronous_loop.sh:58,63,65-66,105; python/selfplay/cleanup_old_dirs.py:12-24",R0,worker,,,34dc4af177588d3beb36f9cf31ef056490cf587a1526f138ab5298a4e9900519,,,,,Reconciled 2026-09-04 per results/ktg/paper_1902.10565/evidence/decomposition/dag_reconciliation.md (seat A + seat B adjudication). Amended with the random-row cap (seat A) and keep > cap rule (seat B).,7fa3b46690fb1a5b84ac48380b5a469f5f4fc03a190724fed148af58ee4fc6ed,,,,,,,,,,,,,,,,,,,,,,,,,,,,,,,,"sed -n 1077p ref-code/lightvector-KataGo/python/shuffle.py | grep -q 'min(num_random_rows_capped + num_rows, min_rows)' && sed -n 66p ref-code/lightvector-KataGo/python/selfplay/synchronous_loop.sh | grep -q 'Needs to be larger' && sed -n 801p ref-code/lightvector-KataGo/python/shuffle.py | grep -q 'exclude-qvalues'",60,"sed -n 1077p ref-code/lightvector-KataGo/python/shuffle.py | grep -q 'min(num_random_rows_capped + num_rows, min_rows)' && sed -n 66p ref-code/lightvector-KataGo/python/selfplay/synchronous_loop.sh | grep -q 'Needs to be larger' && sed -n 801p ref-code/lightvector-KataGo/python/shuffle.py | grep -q 'exclude-qvalues'",0.087,0,e3b0c44298fc1c149afbf4c8996fb92427ae41e4649b934ca495991b7852b855,,2026-09-04T02:43:43+00:00
2026-09-04T02:43:43.567704+00:00,arxiv-1902.10565,arxiv-1902.10565::env_build,2,env_build,ba7917a,numerical,solid,"Toolchain on one B200 node under /scratch/schmidt/ssci-anima/ssci-haiyangw/ktg-train: venv (python 3.11.9, torch 2.11.0+cu128, nvidia-cudnn-cu12 9.19.0, numpy 2.4.6, scipy, psutil, packaging, sgfmill) + KataGo v1.18.2 (fd0723fd) cpp built with -DUSE_BACKEND=CUDA against the pip cuDNN (explicit -DCUDNN_LIBRARY), CUTLASS fused FFN on, plus codes/env/cmake-sm100.diff adding 100 to the CUDA-12.8 CMAKE_CUDA_ARCHITECTURES list (CMakeLists.txt:761, plain set() shadows -D flags). Smoke (job 298018): katago version + runtests, cuobjdump sm_100 ELF count 2, random-init b7c96h3tfrs export -> benchmark 2322 visits/s at 9x9 -> gtp genmove '= H7', torch fwd/bwd at pos_len 9 (825837 params). Absorbs pass-2 provision_cuda_environment / build_cuda_backend and seat B's cuda_arch_sm100_gate (one sbatch, one result row env-toolchain-b200). No TCMalloc ([OPEN] o20).",results/ktg/paper_1902.10565/evidence/env/smoke.txt,,,False,[],"cpp/CMakeLists.txt:761,1124-1128; cpp/neuralnet/cudabackend.cpp:13; codes/env/env_build.sbatch; Compiling.md:39",R2,worker,,,6573236406e6f452518db5feaaec26ac9770d96b4d195b25ccbfa52ea51badfe,,,,,"Reconciled 2026-09-04 per results/ktg/paper_1902.10565/evidence/decomposition/dag_reconciliation.md (seat A + seat B adjudication). Promoted hypothesis -> solid on result row env-toolchain-b200 (status empirical, verifier pass, evidence smoke.txt sha256 6573236406e6f452518db5feaaec26ac9770d96b4d195b25ccbfa52ea51badfe). Closes claims c01, c02.",9d85c641e543edcf441ae910d26b45a29776bab36f8b60a5d472537b3b1b8d28,,,,,,,,,,,,,,,,,,,,,,,,,,,,,,,,test -x /scratch/schmidt/ssci-anima/ssci-haiyangw/ktg-train/build/KataGo/cpp/build/katago && grep -q 'SMOKE RESULT: PASS' results/ktg/paper_1902.10565/evidence/env/smoke.txt && grep -q 'grep -c sm_100 = 2' results/ktg/paper_1902.10565/evidence/env/smoke.txt && grep -q 'CUDNN_MAJOR 9' results/ktg/paper_1902.10565/evidence/env/toolchain-298018.txt,60,test -x /scratch/schmidt/ssci-anima/ssci-haiyangw/ktg-train/build/KataGo/cpp/build/katago && grep -q 'SMOKE RESULT: PASS' results/ktg/paper_1902.10565/evidence/env/smoke.txt && grep -q 'grep -c sm_100 = 2' results/ktg/paper_1902.10565/evidence/env/smoke.txt && grep -q 'CUDNN_MAJOR 9' results/ktg/paper_1902.10565/evidence/env/toolchain-298018.txt,0.096,0,e3b0c44298fc1c149afbf4c8996fb92427ae41e4649b934ca495991b7852b855,,2026-09-04T02:43:43+00:00
2026-09-04T02:43:43.719521+00:00,arxiv-1902.10565,arxiv-1902.10565::cfg_9x9_override,2,cfg_9x9_override,ba7917a,numerical,hypothesis,"Mission-owned codes/cfg/selfplay_9x9.cfg, codes/cfg/gatekeeper_9x9.cfg and codes/loop/train_9x9.sh derived from cpp/configs/training/{selfplay1,gatekeeper1}_maxsize9.cfg and python/selfplay/train.sh with bSizes=9, bSizeRelProbs=1, allowRectangleProb=0, dataBoardLen=9, -pos-len 9, numGameThreads 18 (selfplay AND gatekeeper), numSearchThreads 1, numNNServerThreadsPerModel 1, OMP_NUM_THREADS=MKL_NUM_THREADS=4, -data-prefetch-depth default; key-diff against upstream touches only the whitelisted keys; a 1-game parse run writes only SZ[9]. Absorbs pass-2 author_9x9_selfplay_config / author_9x9_gatekeeper_config / author_9x9_train_wrapper and the thread keys of assign_node_resources.",,,,False,"[""arxiv-1902.10565::selfplay_search_params"", ""arxiv-1902.10565::game_randomization_9x9"", ""arxiv-1902.10565::gating_rule"", ""arxiv-1902.10565::data_format_pos_len"", ""arxiv-1902.10565::env_build""]","cpp/configs/training/selfplay1_maxsize9.cfg:16,84,95-97,116,123; gatekeeper1_maxsize9.cfg:18,20,38-40,50; python/selfplay/train.sh:88",R1,worker,,,,,,,,Reconciled 2026-09-04 per results/ktg/paper_1902.10565/evidence/decomposition/dag_reconciliation.md (seat A + seat B adjudication). Edge added: env_build -> cfg_9x9_override (the parse run needs the binary). Gatekeeper threads 20 -> 18. closing_check: bash results/ktg/paper_1902.10565/codes/eval/check_cfg_9x9.sh && test $(grep -c -- '-pos-len 9' results/ktg/paper_1902.10565/codes/loop/train_9x9.sh) -eq 1 && grep -q '^numGameThreads = 18' results/ktg/paper_1902.10565/codes/cfg/gatekeeper_9x9.cfg,52cbd48753e8be26b9552f8ad02c19d73509dd282d1d67e14eeaf5c4f6bebc97,,,,,bash results/ktg/paper_1902.10565/codes/eval/check_cfg_9x9.sh && test $(grep -c -- '-pos-len 9' results/ktg/paper_1902.10565/codes/loop/train_9x9.sh) -eq 1 && grep -q '^numGameThreads = 18' results/ktg/paper_1902.10565/codes/cfg/gatekeeper_9x9.cfg,3600,not executable before the node's work exists; the gate runs it when the closing row is appended,,,,,,,,,,,,,,,,,,,,,,,,,,,,,,,,
2026-09-04T02:43:43.770026+00:00,arxiv-1902.10565,arxiv-1902.10565::tiny_model_export_smoke,3,tiny_model_export_smoke,ba7917a,numerical,hypothesis,"Random-init b7c96h3tfrs: export_model_pytorch.py -export-random-initialized-model -> model.bin(.gz) whose block-kind histogram is exactly {transformer_attention_block: 7, transformer_ffn_block: 7}; the C++ reader accepts it (desc.cpp:1521-1557) and katago benchmarknn -boardsize 9 -require-exact-nnlen -batch-size 2 -json runs on CUDA (>0 nnEvals/s), plus a 9x9 gtp genmove. Negative fixture: the same export for b5c48h3tfr on the same binary must reproduce 'Non-SwiGLU transformer FFN is not yet supported' (o23). Absorbs pass-2 export_tiny_transformer_smoke + load_tiny_transformer_smoke (one job; export-vs-load failure modes are told apart by the error ledger).",,,,False,"[""arxiv-1902.10565::env_build"", ""arxiv-1902.10565::select_transformer_ladder""]","python/export_model_pytorch.py:34-42,469-504; cpp/neuralnet/desc.cpp:1521,1542,1557; cpp/command/benchmark.cpp:199-206",R2,worker,,,,,,,,"Reconciled 2026-09-04 per results/ktg/paper_1902.10565/evidence/decomposition/dag_reconciliation.md (seat A + seat B adjudication). Edge removed: cfg_9x9_override -> tiny_model_export_smoke (benchmarknn uses its own cfg; lets the two READY nodes run in parallel, DESIGN section 6). Predecessor re-pointed from the b5 trunk to select_transformer_ladder. closing_check: bash results/ktg/paper_1902.10565/codes/eval/export_smoke.sh b7c96h3tfrs && python3 results/ktg/paper_1902.10565/codes/eval/check_export_blocks.py /scratch/schmidt/ssci-anima/ssci-haiyangw/ktg-train/runtime/smoke/x/model.bin",a896e0d28e8bd95cca84e6b3898545deb0f53b34c3454cb08530aace64678089,,,,,bash results/ktg/paper_1902.10565/codes/eval/export_smoke.sh b7c96h3tfrs && python3 results/ktg/paper_1902.10565/codes/eval/check_export_blocks.py /scratch/schmidt/ssci-anima/ssci-haiyangw/ktg-train/runtime/smoke/x/model.bin,3600,not executable before the node's work exists; the gate runs it when the closing row is appended,,,,,,,,,,,,,,,,,,,,,,,,,,,,,,,,
2026-09-04T02:43:43.831461+00:00,arxiv-1902.10565,arxiv-1902.10565::loop_resume_under_walltime,2,loop_resume_under_walltime,ba7917a,numerical,hypothesis,"Slurm wrapper codes/loop/loop.sbatch: --time 2-23:30:00 --gres gpu:1 --cpus-per-task 24 --mem 120G, partition b300 else b200, compute-budget check.sh before every sbatch, self-resubmit with --dependency=afterany, stale shuffleddata/*.tmp and orphan *.exported cleanup on start, BASEDIR/.failcount consecutive-failure counter, STOP-file guard; runs the mission copy of synchronous_loop.sh which copies cpp/build/katago (not cpp/katago, upstream :81) and points SELFPLAY_CONFIG/GATING_CONFIG at the 9x9 cfgs; export helper reordered (mv before rm, upstream :89 vs :108). Encodes the run contract (<= 4 GPU, <= 24 CPU, <= 72 h, b300 -> b200) — absorbs pass-2 freeze_run_contract. Static evidence only; the executed kill/resume proof is verify_preemption_resume.",,,,False,"[""arxiv-1902.10565::train_resume_semantics"", ""arxiv-1902.10565::env_build""]","python/train.py:573-574,780-796,850; cpp/dataio/trainingwrite.cpp:1093-1096; python/selfplay/shuffle.sh:105; python/selfplay/export_model_for_selfplay.sh:54-56,89,108",R2,worker,,,,,,,,"Reconciled 2026-09-04 per results/ktg/paper_1902.10565/evidence/decomposition/dag_reconciliation.md (seat A + seat B adjudication). Split (seat A): wrapper here, executed resume test in verify_preemption_resume; freeze_run_contract merged in (limits live in check.sh + mission.json). closing_check: bash -n results/ktg/paper_1902.10565/codes/loop/loop.sbatch && grep -q afterany results/ktg/paper_1902.10565/codes/loop/loop.sbatch && grep -q failcount results/ktg/paper_1902.10565/codes/loop/loop.sbatch && grep -q 'cpp/build/katago' results/ktg/paper_1902.10565/codes/loop/synchronous_loop_9x9.sh && ! grep -q 'cpp/katago""' results/ktg/paper_1902.10565/codes/loop/synchronous_loop_9x9.sh && bash .claude/skills/compute-budget/check.sh --gpus 1 --cpus 24 --partition b200",cace1c9b974793a0f5867f4b038dac74794d066b180344990a6ed6266a50b377,,,,,"bash -n results/ktg/paper_1902.10565/codes/loop/loop.sbatch && grep -q afterany results/ktg/paper_1902.10565/codes/loop/loop.sbatch && grep -q failcount results/ktg/paper_1902.10565/codes/loop/loop.sbatch && grep -q 'cpp/build/katago' results/ktg/paper_1902.10565/codes/loop/synchronous_loop_9x9.sh && ! grep -q 'cpp/katago""' results/ktg/paper_1902.10565/codes/loop/synchronous_loop_9x9.sh && bash .claude/skills/compute-budget/check.sh --gpus 1 --cpus 24 --partition b200",3600,not executable before the node's work exists; the gate runs it when the closing row is appended,,,,,,,,,,,,,,,,,,,,,,,,,,,,,,,,
2026-09-04T02:43:43.878914+00:00,arxiv-1902.10565,arxiv-1902.10565::data_budget,2,data_budget,ba7917a,numerical,hypothesis,"Scratch guard for the whole mission root /scratch/schmidt/ssci-anima/ssci-haiyangw/ktg-train (venv + build + loop data): hard cap 200 GiB = 214748364800 B, no new cycle at >= 180 GiB = 193273528320 B, group quota check (python3 /apps/helpers/quotas.py) because the filesystem is at 94 % for the group; per-cycle du -sb / df -B1 / quota triple logged by the wrapper; bounded retention with a logged protected set (frozen baseline, latest accepted net, current+previous checkpoints, evidence): longterm_checkpoints <= 6, rejectedmodels <= 10, stale shuffleddata/*.tmp. Planning constants: 2145 B/row x ~0.12 compression ~ 260 B/row at L=9, ~22 rows/game -> ~5.7 KB/game; bytes/row is re-measured by measure_stage_throughput after 100k rows.",,,,False,"[""arxiv-1902.10565::data_format_pos_len""]","cpp/dataio/trainingwrite.cpp:288-334,1206-1251; python/shuffle.py:39-47; python/train.py:578,1884-1889; python/selfplay/cleanup_old_dirs.py:12-24",R1,worker,,,,,,,,"Reconciled 2026-09-04 per results/ktg/paper_1902.10565/evidence/decomposition/dag_reconciliation.md (seat A + seat B adjudication). Scope widened to the mission root in GiB (seat B); calibration moved to measure_stage_throughput; guard is a predecessor of synchronous_loop_smoke and selfplay_stage (seat B ordering), predecessor synchronous_loop_smoke removed. closing_check: grep -q 'du -sb' results/ktg/paper_1902.10565/codes/loop/loop.sbatch && grep -q quotas.py results/ktg/paper_1902.10565/codes/loop/loop.sbatch && grep -q 193273528320 results/ktg/paper_1902.10565/codes/loop/loop.sbatch && test $(du -sb /scratch/schmidt/ssci-anima/ssci-haiyangw/ktg-train | cut -f1) -le 214748364800",7797deddc5c1c4fcb7306dcceec516877ce824de759c95714115141b19e7b215,,,,,grep -q 'du -sb' results/ktg/paper_1902.10565/codes/loop/loop.sbatch && grep -q quotas.py results/ktg/paper_1902.10565/codes/loop/loop.sbatch && grep -q 193273528320 results/ktg/paper_1902.10565/codes/loop/loop.sbatch && test $(du -sb /scratch/schmidt/ssci-anima/ssci-haiyangw/ktg-train | cut -f1) -le 214748364800,3600,not executable before the node's work exists; the gate runs it when the closing row is appended,,,,,,,,,,,,,,,,,,,,,,,,,,,,,,,,
2026-09-04T02:43:43.940904+00:00,arxiv-1902.10565,arxiv-1902.10565::synchronous_loop_smoke,2,synchronous_loop_smoke,ba7917a,numerical,hypothesis,"One disposable cycle gatekeeper -> selfplay -> shuffle -> train -> export of codes/loop/synchronous_loop_9x9.sh under loop.sbatch on 1 GPU with b7c96h3tfrs, USEGATING=1 and tiny knobs (NUM_GAMES_PER_CYCLE 20, SHUFFLE_MINROWS 200, KEEPROWS 5000, samples-per-epoch 2000, batch 32, -epochs-per-export 1); audit (codes/eval/audit_smoke.py): raw + shuffled npz spatial 81 / policy 82, checkpoint pos_len 9, every SGF SZ[9], exported model.bin.gz loads in the engine, gatekeeper log shows the random baseline; writes evidence/smoke/rows_per_game.txt. Absorbs pass-2 run_tiny_synchronous_cycle + audit_smoke_artifacts (the audit IS this node's verification).",,,,False,"[""arxiv-1902.10565::cfg_9x9_override"", ""arxiv-1902.10565::tiny_model_export_smoke"", ""arxiv-1902.10565::loop_resume_under_walltime"", ""arxiv-1902.10565::data_budget""]","python/selfplay/synchronous_loop.sh:57-66,93-116; python/selfplay/export_model_for_selfplay.sh:54-56,89-108",R3,worker,,,,,,,,Reconciled 2026-09-04 per results/ktg/paper_1902.10565/evidence/decomposition/dag_reconciliation.md (seat A + seat B adjudication). Predecessor data_budget added (seat B); wrapper stays a predecessor (seat A) because the smoke runs under it. closing_check: bash results/ktg/paper_1902.10565/codes/loop/smoke_one_cycle.sh && python3 results/ktg/paper_1902.10565/codes/eval/audit_smoke.py /scratch/schmidt/ssci-anima/ssci-haiyangw/ktg-train/runs/smoke && test -s results/ktg/paper_1902.10565/evidence/smoke/rows_per_game.txt,455e00e873e945298f7c12e1b3014f50e3847bb9c00ad675946897faa4b09c38,,,,,bash results/ktg/paper_1902.10565/codes/loop/smoke_one_cycle.sh && python3 results/ktg/paper_1902.10565/codes/eval/audit_smoke.py /scratch/schmidt/ssci-anima/ssci-haiyangw/ktg-train/runs/smoke && test -s results/ktg/paper_1902.10565/evidence/smoke/rows_per_game.txt,3600,not executable before the node's work exists; the gate runs it when the closing row is appended,,,,,,,,,,,,,,,,,,,,,,,,,,,,,,,,
2026-09-04T02:43:43.989489+00:00,arxiv-1902.10565,arxiv-1902.10565::derive_cycle_knobs_9x9,1,derive_cycle_knobs_9x9,ba7917a,symbolic,hypothesis,"Derive the production loop knobs from the measured rows/game: NUM_GAMES_PER_CYCLE x rows_per_game x MAX_TRAIN_PER_DATA >= 0.99 x NUM_TRAIN_SAMPLES_PER_EPOCH (else train.py:1433-1445 exits with zero epochs from cycle 2; bucket arithmetic train.py:1256-1259, cap = max(max_train_bucket_size, samples_per_epoch)), SHUFFLE_KEEPROWS > MAX_TRAIN_SAMPLES_PER_CYCLE, SHUFFLE_MINROWS reachable by the random bootstrap, -epochs-per-export = -max-epochs-this-instance = floor(bucket gain / samples_per_epoch) so exactly one candidate is exported per cycle (default epochs_per_export 1, train.py:438-439, would export up to 4 gated candidates per cycle). Pilot hypothesis at ~22 rows/game: 500 games, reuse 8, 20000 samples/epoch, MINROWS 10000, KEEPROWS 300000, cap 200000, taper 50000, epochs-per-export 4. Pass 2's set (reuse 4, 50k samples/epoch, min 50k) starves training from cycle 2 (44k < 49.5k).",,,,False,"[""arxiv-1902.10565::train_resume_semantics"", ""arxiv-1902.10565::data_format_pos_len"", ""arxiv-1902.10565::training_window_shuffle"", ""arxiv-1902.10565::synchronous_loop_smoke""]",,R2,worker,,,,,,,,"Reconciled 2026-09-04 per results/ktg/paper_1902.10565/evidence/decomposition/dag_reconciliation.md (seat A + seat B adjudication). New node (seat A section 2.2, missing from both passes). closing_check: python3 results/ktg/paper_1902.10565/codes/eval/derive_knobs.py --rows-per-game $(cat results/ktg/paper_1902.10565/evidence/smoke/rows_per_game.txt) --reuse 8 --samples-per-epoch 20000 --games 500 --keep 300000 --cap 200000",7b8e177d23f031146855d7f7f75a3591688ab2005cfa561fe743afdb3f284e13,,,,,python3 results/ktg/paper_1902.10565/codes/eval/derive_knobs.py --rows-per-game $(cat results/ktg/paper_1902.10565/evidence/smoke/rows_per_game.txt) --reuse 8 --samples-per-epoch 20000 --games 500 --keep 300000 --cap 200000,3600,not executable before the node's work exists; the gate runs it when the closing row is appended,,,,,,,,,,,,,,,,,,,,,,,,,,,,,,,,
2026-09-04T02:43:44.044781+00:00,arxiv-1902.10565,arxiv-1902.10565::verify_preemption_resume,1,verify_preemption_resume,ba7917a,numerical,hypothesis,"Executed kill/resume test on the smoke BASEDIR: scancel mid-train and mid-export, resubmit the same wrapper; assert train_state global_step_samples non-decreasing across the restart, no completed npz lost, no orphan torchmodels_toexport/*.exported without a models/ target, no shuffleddata/*.tmp selected by train.py (train.py:1210), and the .failcount/STOP guards untouched by a clean resume.",,,,False,"[""arxiv-1902.10565::train_resume_semantics"", ""arxiv-1902.10565::synchronous_loop_smoke""]",,R2,worker,,,,,,,,Reconciled 2026-09-04 per results/ktg/paper_1902.10565/evidence/decomposition/dag_reconciliation.md (seat A + seat B adjudication). Added from pass 2 (claim c08 previously hung off the wrapper node with no executed successor). closing_check: bash results/ktg/paper_1902.10565/codes/eval/kill_resume_test.sh /scratch/schmidt/ssci-anima/ssci-haiyangw/ktg-train/runs/smoke,3cb5d21a18d1ca209e0f8931f178b58d243ba6e88bce23d08fd4c4422539dedb,,,,,bash results/ktg/paper_1902.10565/codes/eval/kill_resume_test.sh /scratch/schmidt/ssci-anima/ssci-haiyangw/ktg-train/runs/smoke,3600,not executable before the node's work exists; the gate runs it when the closing row is appended,,,,,,,,,,,,,,,,,,,,,,,,,,,,,,,,
2026-09-04T02:43:44.089442+00:00,arxiv-1902.10565,arxiv-1902.10565::loop_failure_circuit_breaker,1,loop_failure_circuit_breaker,ba7917a,numerical,hypothesis,"The resubmit chain must stop on deterministic failure: synchronous_loop.sh is bash -eu -o pipefail (:1-2), so any stage error ends the job and afterany resubmission would otherwise loop forever. Test by injecting the same non-zero stage exit three times into a dry-run BASEDIR: exactly three job records, no fourth sbatch, .failcount == 3, STOP file written, and one error-ledger-ready expected/observed/signature record emitted by the wrapper.",,,,False,"[""arxiv-1902.10565::loop_resume_under_walltime"", ""arxiv-1902.10565::synchronous_loop_smoke""]",,R2,worker,,,,,,,,Reconciled 2026-09-04 per results/ktg/paper_1902.10565/evidence/decomposition/dag_reconciliation.md (seat A + seat B adjudication). Added (seat B section 2.3); a predecessor of production selfplay_stage. closing_check: bash results/ktg/paper_1902.10565/codes/eval/circuit_breaker_test.sh /scratch/schmidt/ssci-anima/ssci-haiyangw/ktg-train/runs/smoke-cb,a9e79da1d095e83522d15114e09b959d7cc1f5eec3d901e0e739d926fc8cc43a,,,,,bash results/ktg/paper_1902.10565/codes/eval/circuit_breaker_test.sh /scratch/schmidt/ssci-anima/ssci-haiyangw/ktg-train/runs/smoke-cb,3600,not executable before the node's work exists; the gate runs it when the closing row is appended,,,,,,,,,,,,,,,,,,,,,,,,,,,,,,,,
2026-09-04T02:43:44.141936+00:00,arxiv-1902.10565,arxiv-1902.10565::selfplay_stage,2,selfplay_stage,ba7917a,numerical,hypothesis,"katago selfplay -max-games-total N -models-dir BASEDIR/models -output-dir BASEDIR/selfplay -config selfplay_9x9.cfg at production knobs (maxVisits 600, cheapSearchProb 0.75 / cheapSearchVisits 100, rootDesiredPerChildVisitsCoeff 2, numGameThreads 18) on 1 GPU; cycle 1 with empty models/ plays the built-in random net into selfplay/random/ (loadmodel.cpp:77-78), later cycles the latest accepted net — two trials under one node, not two nodes. Records games/h, rows/game (~22 expected), only SZ[9], live OS threads <= 24 (ps -o nlwp). Absorbs pass-2 generate_seed_selfplay + generate_successor_selfplay.",,,,False,"[""arxiv-1902.10565::playout_cap_randomization"", ""arxiv-1902.10565::root_explore_and_target_pruning"", ""arxiv-1902.10565::score_utility_search"", ""arxiv-1902.10565::selfplay_search_params"", ""arxiv-1902.10565::cfg_9x9_override"", ""arxiv-1902.10565::data_budget"", ""arxiv-1902.10565::derive_cycle_knobs_9x9"", ""arxiv-1902.10565::verify_preemption_resume"", ""arxiv-1902.10565::loop_failure_circuit_breaker""]","cpp/command/selfplay.cpp:45,243,292-293,350-364; cpp/configs/training/selfplay1_maxsize9.cfg:60-62,84,115,148",R2,worker,,,,,,,,"Reconciled 2026-09-04 per results/ktg/paper_1902.10565/evidence/decomposition/dag_reconciliation.md (seat A + seat B adjudication). Predecessors: production waits for the resume proof, the circuit breaker, the derived knobs and the armed storage guard. closing_check: test $(grep -L 'SZ\[9\]' /scratch/schmidt/ssci-anima/ssci-haiyangw/ktg-train/runs/p1/selfplay/*/sgfs/*.sgfs | wc -l) -eq 0 && test $(cat results/ktg/paper_1902.10565/evidence/p1/selfplay_nlwp.txt) -le 24",c1e7e4f59b54e65e79dd04499a3ea318d7265bb17a6f2dfc5a80ba7eb5c89c14,,,,,test $(grep -L 'SZ\[9\]' /scratch/schmidt/ssci-anima/ssci-haiyangw/ktg-train/runs/p1/selfplay/*/sgfs/*.sgfs | wc -l) -eq 0 && test $(cat results/ktg/paper_1902.10565/evidence/p1/selfplay_nlwp.txt) -le 24,3600,not executable before the node's work exists; the gate runs it when the closing row is appended,,,,,,,,,,,,,,,,,,,,,,,,,,,,,,,,
2026-09-04T02:43:44.204770+00:00,arxiv-1902.10565,arxiv-1902.10565::shuffle_stage,2,shuffle_stage,ba7917a,numerical,hypothesis,"SKIP_VALIDATE=1 ./shuffle.sh BASEDIR TMP 8 -min-rows M -keep-target-rows K -taper-window-scale S [-exclude-qvalues] over selfplay/*/tdata at pos_len 9 emits shuffleddata/<ts>/data*.npz + <ts>.json (atomic .tmp -> mv), K > MAX_TRAIN_SAMPLES_PER_CYCLE, npz spatial 81 / policy 82; train.py accepts it (data_processing_pytorch.py:91). Seed and rolling windows are trials under one node. Absorbs pass-2 shuffle_seed_window + shuffle_rolling_window.",,,,False,"[""arxiv-1902.10565::selfplay_stage"", ""arxiv-1902.10565::training_window_shuffle"", ""arxiv-1902.10565::data_format_pos_len""]","python/shuffle.py:39-47,146-149,777-791,1079-1083,1330-1335; python/selfplay/shuffle.sh:39-112",R1,worker,,,,,,,,Reconciled 2026-09-04 per results/ktg/paper_1902.10565/evidence/decomposition/dag_reconciliation.md (seat A + seat B adjudication). -exclude-qvalues carried as [OPEN] obligation o21. closing_check: test -f $(ls -d /scratch/schmidt/ssci-anima/ssci-haiyangw/ktg-train/runs/p1/shuffleddata/*/ | grep -v tmp | tail -1 | sed 's:/$::').json && ! ls -d /scratch/schmidt/ssci-anima/ssci-haiyangw/ktg-train/runs/p1/shuffleddata/*.tmp 2>/dev/null,6f1114b2531d726d306f0bc0b32eaa22f9aa6f7358d543903f05ab29625f2a5c,,,,,test -f $(ls -d /scratch/schmidt/ssci-anima/ssci-haiyangw/ktg-train/runs/p1/shuffleddata/*/ | grep -v tmp | tail -1 | sed 's:/$::').json && ! ls -d /scratch/schmidt/ssci-anima/ssci-haiyangw/ktg-train/runs/p1/shuffleddata/*.tmp 2>/dev/null,3600,not executable before the node's work exists; the gate runs it when the closing row is appended,,,,,,,,,,,,,,,,,,,,,,,,,,,,,,,,
2026-09-04T02:43:44.263936+00:00,arxiv-1902.10565,arxiv-1902.10565::train_stage,3,train_stage,ba7917a,numerical,hypothesis,codes/loop/train_9x9.sh BASEDIR ktg9 b7c96h3tfrs 128 main -samples-per-epoch E -swa-period-samples S -epochs-per-export k -max-epochs-this-instance k -quit-if-no-data -stop-when-train-bucket-limited -no-repeat-files -max-train-bucket-per-new-data 8 -max-train-bucket-size C -pos-len 9 on 1 GPU with OMP_NUM_THREADS=4; writes checkpoint.ckpt per epoch and one exportable model.ckpt per cycle; all metrics_train.json loss terms finite and p0loss at epoch 10 < epoch 1. Fresh and resumed training are trials under one node; -multi-gpus DDP dropped (825k-param net cannot feed a second GPU). Absorbs pass-2 train_first_network + resume_transformer_training.,,,,False,"[""arxiv-1902.10565::shuffle_stage"", ""arxiv-1902.10565::loss_targets_metrics"", ""arxiv-1902.10565::select_transformer_ladder"", ""arxiv-1902.10565::train_resume_semantics"", ""arxiv-1902.10565::train_optimizer_schedule"", ""arxiv-1902.10565::data_format_pos_len"", ""arxiv-1902.10565::cfg_9x9_override""]","python/train.py:81,122,124,434-439,573-578,1440-1451,1845-1889; python/selfplay/train.sh:83-93",R2,worker,,,,,,,,"Reconciled 2026-09-04 per results/ktg/paper_1902.10565/evidence/decomposition/dag_reconciliation.md (seat A + seat B adjudication). Edges added: data_format_pos_len -> train_stage (the assert fires here), cfg_9x9_override -> train_stage (wrapper); trunk predecessor replaced by select_transformer_ladder. closing_check: python3 results/ktg/paper_1902.10565/codes/eval/check_metrics.py /scratch/schmidt/ssci-anima/ssci-haiyangw/ktg-train/runs/p1/train/ktg9/metrics_train.json --epochs 10",e4d3d8eccd3c0da3399cc5ad5b6df38367a74dc1df3c074b879a804731bd99a4,,,,,python3 results/ktg/paper_1902.10565/codes/eval/check_metrics.py /scratch/schmidt/ssci-anima/ssci-haiyangw/ktg-train/runs/p1/train/ktg9/metrics_train.json --epochs 10,3600,not executable before the node's work exists; the gate runs it when the closing row is appended,,,,,,,,,,,,,,,,,,,,,,,,,,,,,,,,
2026-09-04T02:43:44.310201+00:00,arxiv-1902.10565,arxiv-1902.10565::export_stage,2,export_stage,ba7917a,numerical,hypothesis,"Mission copy of export_model_for_selfplay.sh (mv before rm; calls export_model_pytorch.py -use-swa, never export_model.py) turns each torchmodels_toexport/<name>/model.ckpt into modelstobetested/<name>/{model.bin.gz, model.ckpt, metadata.json} (USEGATING=1; USEGATING only selects the target dir); the engine loads it (findLatestModel by mtime); an attention-logit-bound refusal (export_model_pytorch.py:42-43, bound 2.5e4) exits non-zero and is recorded as a failed trial, not a silent resubmit. Absorbs pass-2 export_first_network + export_swa_candidate.",,,,False,"[""arxiv-1902.10565::train_stage"", ""arxiv-1902.10565::tiny_model_export_smoke""]","python/selfplay/export_model_for_selfplay.sh:32-36,77,84-108; python/export_model_pytorch.py:120-122,682; cpp/dataio/loadmodel.cpp:20-89",R1,worker,,,,,,,,Reconciled 2026-09-04 per results/ktg/paper_1902.10565/evidence/decomposition/dag_reconciliation.md (seat A + seat B adjudication). Kept (both seats). closing_check: test $(grep -c 'Done exporting:' /scratch/schmidt/ssci-anima/ssci-haiyangw/ktg-train/runs/p1/logs/outexport.txt) -ge 1 && ! ls /scratch/schmidt/ssci-anima/ssci-haiyangw/ktg-train/runs/p1/torchmodels_toexport/*.exported 2>/dev/null && ! grep -rn 'export_model\.py' results/ktg/paper_1902.10565/codes/,213c8f6562a74e968b5b38a782e7145b94453457f0c686402d3bd42a42ba9178,,,,,test $(grep -c 'Done exporting:' /scratch/schmidt/ssci-anima/ssci-haiyangw/ktg-train/runs/p1/logs/outexport.txt) -ge 1 && ! ls /scratch/schmidt/ssci-anima/ssci-haiyangw/ktg-train/runs/p1/torchmodels_toexport/*.exported 2>/dev/null && ! grep -rn 'export_model\.py' results/ktg/paper_1902.10565/codes/,3600,not executable before the node's work exists; the gate runs it when the closing row is appended,,,,,,,,,,,,,,,,,,,,,,,,,,,,,,,,
2026-09-04T02:43:44.365401+00:00,arxiv-1902.10565,arxiv-1902.10565::gatekeeper_stage,2,gatekeeper_stage,ba7917a,numerical,hypothesis,"katago gatekeeper -config gatekeeper_9x9.cfg -quit-if-no-nets-to-test: 200 games at 150 visits per candidate, win prop 0.5, ties to the candidate, numGameThreads 18; cycle-1 baseline is the random net ('Loaded accepted neural net random'); each candidate ends in models/ or rejectedmodels/ exactly once; only SZ[9] in gatekeepersgf. Absorbs pass-2 gate_candidate.",,,,False,"[""arxiv-1902.10565::export_stage"", ""arxiv-1902.10565::gating_rule"", ""arxiv-1902.10565::cfg_9x9_override""]","cpp/command/gatekeeper.cpp:271,399-402,516-525,551-552,591-598,623-648; cpp/configs/training/gatekeeper1_maxsize9.cfg:18-24,49",R1,worker,,,,,,,,Reconciled 2026-09-04 per results/ktg/paper_1902.10565/evidence/decomposition/dag_reconciliation.md (seat A + seat B adjudication). Amended with the random-baseline fact; cfg_9x9_override edge added (seat B). closing_check: test $(grep -Ec 'Candidate (won|lost) match' /scratch/schmidt/ssci-anima/ssci-haiyangw/ktg-train/runs/p1/gatekeepersgf/stdout.txt) -ge 1 && test $(grep -L 'SZ\[9\]' /scratch/schmidt/ssci-anima/ssci-haiyangw/ktg-train/runs/p1/gatekeepersgf/*/*.sgfs | wc -l) -eq 0,c5e4596e9c638e6cdbb9eac657a5e12d97d71f541b4b88fb8a98e9d72b8caf04,,,,,test $(grep -Ec 'Candidate (won|lost) match' /scratch/schmidt/ssci-anima/ssci-haiyangw/ktg-train/runs/p1/gatekeepersgf/stdout.txt) -ge 1 && test $(grep -L 'SZ\[9\]' /scratch/schmidt/ssci-anima/ssci-haiyangw/ktg-train/runs/p1/gatekeepersgf/*/*.sgfs | wc -l) -eq 0,3600,not executable before the node's work exists; the gate runs it when the closing row is appended,,,,,,,,,,,,,,,,,,,,,,,,,,,,,,,,
2026-09-04T02:43:44.429087+00:00,arxiv-1902.10565,arxiv-1902.10565::bootstrap_accepted_model,1,bootstrap_accepted_model,ba7917a,numerical,hypothesis,"Freeze the first directory that appears in models/ (with USEGATING=1: the first candidate that beats the random baseline) as the run baseline: name + SHA-256 of model.bin.gz in runs/p1/manifest.json, never pruned; the latest-vs-first match and the acceptance count are defined relative to it. USEGATING=0 for the first export (pass 2) is optional, not required.",,,,False,"[""arxiv-1902.10565::gating_rule"", ""arxiv-1902.10565::export_stage"", ""arxiv-1902.10565::gatekeeper_stage""]",,R1,worker,,,,,,,,"Reconciled 2026-09-04 per results/ktg/paper_1902.10565/evidence/decomposition/dag_reconciliation.md (seat A + seat B adjudication). Added from pass 2 with corrected precondition (seat A). closing_check: python3 -c ""import json,hashlib,sys; m=json.load(open('/scratch/schmidt/ssci-anima/ssci-haiyangw/ktg-train/runs/p1/manifest.json')); h=hashlib.sha256(open('/scratch/schmidt/ssci-anima/ssci-haiyangw/ktg-train/runs/p1/models/'+m['first_model']+'/model.bin.gz','rb').read()).hexdigest(); assert h==m['first_model_sha256']""",95bb48a98a1360277e69bbb60d4b46e0f7dc7bd97898fa8e055b2f336ba581e2,,,,,"python3 -c ""import json,hashlib,sys; m=json.load(open('/scratch/schmidt/ssci-anima/ssci-haiyangw/ktg-train/runs/p1/manifest.json')); h=hashlib.sha256(open('/scratch/schmidt/ssci-anima/ssci-haiyangw/ktg-train/runs/p1/models/'+m['first_model']+'/model.bin.gz','rb').read()).hexdigest(); assert h==m['first_model_sha256']""",3600,not executable before the node's work exists; the gate runs it when the closing row is appended,,,,,,,,,,,,,,,,,,,,,,,,,,,,,,,,
2026-09-04T02:43:44.483755+00:00,arxiv-1902.10565,arxiv-1902.10565::measure_stage_throughput,1,measure_stage_throughput,ba7917a,numerical,hypothesis,"Per-stage machine-readable profile on b200 (and b300 when free): games/h, rows/h, shuffled rows/h, train samples/s, GPU duty cycle (nvidia-smi dmon -s u), nnBatches/nnEvals, peak VRAM and RSS (sstat MaxRSS), OS threads, bytes/row on disk, cycle wall time; projected cycle <= 60 h. Gates every scale_* decision and the [FUTURE] multi-GPU layout; calibrates data_budget.",,,,False,"[""arxiv-1902.10565::gatekeeper_stage"", ""arxiv-1902.10565::verify_preemption_resume""]",,R1,worker,,,,,,,,"Reconciled 2026-09-04 per results/ktg/paper_1902.10565/evidence/decomposition/dag_reconciliation.md (seat A + seat B adjudication). Added from pass 2 (both seats). closing_check: python3 results/ktg/paper_1902.10565/codes/eval/throughput_report.py /scratch/schmidt/ssci-anima/ssci-haiyangw/ktg-train/runs/p1 --out results/ktg/paper_1902.10565/evidence/p1/throughput.json && python3 -c ""import json; d=json.load(open('results/ktg/paper_1902.10565/evidence/p1/throughput.json')); assert d['projected_cycle_h']<=60""",ad79d17933c848043322593d6b3c90719fcfcfe23267e370aa245d2d76674af6,,,,,"python3 results/ktg/paper_1902.10565/codes/eval/throughput_report.py /scratch/schmidt/ssci-anima/ssci-haiyangw/ktg-train/runs/p1 --out results/ktg/paper_1902.10565/evidence/p1/throughput.json && python3 -c ""import json; d=json.load(open('results/ktg/paper_1902.10565/evidence/p1/throughput.json')); assert d['projected_cycle_h']<=60""",3600,not executable before the node's work exists; the gate runs it when the closing row is appended,,,,,,,,,,,,,,,,,,,,,,,,,,,,,,,,
2026-09-04T02:43:44.529545+00:00,arxiv-1902.10565,arxiv-1902.10565::count_gatekeeper_acceptances,1,count_gatekeeper_acceptances,ba7917a,numerical,hypothesis,"Accepted successors = (# dirs in models/) - 1 (frozen baseline) and must equal the parsed 'Candidate won match' count in gatekeepersgf/stdout.txt; report attempts, accepts, rejects, acceptance fraction. Requirement for eval_improvement: >= 1; stretch target >= 2 (claim c13).",,,,False,"[""arxiv-1902.10565::gatekeeper_stage"", ""arxiv-1902.10565::bootstrap_accepted_model""]",,R1,worker,,,,,,,,Reconciled 2026-09-04 per results/ktg/paper_1902.10565/evidence/decomposition/dag_reconciliation.md (seat A + seat B adjudication). Split out of eval_improvement (both seats). closing_check: test $(( $(find /scratch/schmidt/ssci-anima/ssci-haiyangw/ktg-train/runs/p1/models -mindepth 1 -maxdepth 1 -type d | wc -l) - 1 )) -eq $(grep -c 'Candidate won match' /scratch/schmidt/ssci-anima/ssci-haiyangw/ktg-train/runs/p1/gatekeepersgf/stdout.txt) && test $(grep -c 'Candidate won match' /scratch/schmidt/ssci-anima/ssci-haiyangw/ktg-train/runs/p1/gatekeepersgf/stdout.txt) -ge 1,1b63e2586495b6ce8f7c00634dddbaf45724f9fe9ff184a347c3969bc17971b7,,,,,test $(( $(find /scratch/schmidt/ssci-anima/ssci-haiyangw/ktg-train/runs/p1/models -mindepth 1 -maxdepth 1 -type d | wc -l) - 1 )) -eq $(grep -c 'Candidate won match' /scratch/schmidt/ssci-anima/ssci-haiyangw/ktg-train/runs/p1/gatekeepersgf/stdout.txt) && test $(grep -c 'Candidate won match' /scratch/schmidt/ssci-anima/ssci-haiyangw/ktg-train/runs/p1/gatekeepersgf/stdout.txt) -ge 1,3600,not executable before the node's work exists; the gate runs it when the closing row is appended,,,,,,,,,,,,,,,,,,,,,,,,,,,,,,,,
2026-09-04T02:43:44.580139+00:00,arxiv-1902.10565,arxiv-1902.10565::match_latest_against_first,1,match_latest_against_first,ba7917a,numerical,hypothesis,"katago match with codes/cfg/match_first_latest_9.cfg: 400 games, 9x9 only, komi 7 (draw convention: D counts 0.5), maxVisits 150, numSearchThreads 1, colours alternated, latest accepted net vs the frozen first net; W/L/D/N, p = (W + 0.5 D)/N, Elo = 400 log10(p/(1-p)), 95 % CI from python/summarize_sgfs.py (katago/utils/elo.py); all SGFs SZ[9].",,,,False,"[""arxiv-1902.10565::bootstrap_accepted_model"", ""arxiv-1902.10565::count_gatekeeper_acceptances""]",,R2,worker,,,,,,,,Reconciled 2026-09-04 per results/ktg/paper_1902.10565/evidence/decomposition/dag_reconciliation.md (seat A + seat B adjudication). Split out of eval_improvement (both seats). closing_check: /scratch/schmidt/ssci-anima/ssci-haiyangw/ktg-train/build/KataGo/cpp/build/katago match -config results/ktg/paper_1902.10565/codes/cfg/match_first_latest_9.cfg -log-file /scratch/schmidt/ssci-anima/ssci-haiyangw/ktg-train/eval/match.log -sgf-output-dir /scratch/schmidt/ssci-anima/ssci-haiyangw/ktg-train/eval/sgfs && test $(ls /scratch/schmidt/ssci-anima/ssci-haiyangw/ktg-train/eval/sgfs/*.sgfs | xargs cat | wc -l) -eq 400 && cd ref-code/lightvector-KataGo/python && python3 summarize_sgfs.py /scratch/schmidt/ssci-anima/ssci-haiyangw/ktg-train/eval/sgfs,5032dd0ed0c5c5a418255fa682da062851f4bad554999df85c448da43385a005,,,,,/scratch/schmidt/ssci-anima/ssci-haiyangw/ktg-train/build/KataGo/cpp/build/katago match -config results/ktg/paper_1902.10565/codes/cfg/match_first_latest_9.cfg -log-file /scratch/schmidt/ssci-anima/ssci-haiyangw/ktg-train/eval/match.log -sgf-output-dir /scratch/schmidt/ssci-anima/ssci-haiyangw/ktg-train/eval/sgfs && test $(ls /scratch/schmidt/ssci-anima/ssci-haiyangw/ktg-train/eval/sgfs/*.sgfs | xargs cat | wc -l) -eq 400 && cd ref-code/lightvector-KataGo/python && python3 summarize_sgfs.py /scratch/schmidt/ssci-anima/ssci-haiyangw/ktg-train/eval/sgfs,3600,not executable before the node's work exists; the gate runs it when the closing row is appended,,,,,,,,,,,,,,,,,,,,,,,,,,,,,,,,
2026-09-04T02:43:44.633635+00:00,arxiv-1902.10565,arxiv-1902.10565::eval_improvement,2,eval_improvement,ba7917a,numerical,hypothesis,"Declare 'improves under self-play at 9x9' iff (a) >= 1 gate-accepted successor (target >= 2) AND (b) the 400-game latest-vs-first match has a 95 % CI for p excluding 0.5 (effect-size target p >= 0.60, ~ +70 Elo); report samples trained vs the 2M-sample warm-up (train.py:1074-1079), GPU-hours, net hashes, hardware; otherwise print 'not demonstrated'. Replaces the paper's 19x19 Elo; no external 9x9 reference net ([FUTURE]).",,,,True,"[""arxiv-1902.10565::count_gatekeeper_acceptances"", ""arxiv-1902.10565::match_latest_against_first"", ""arxiv-1902.10565::train_optimizer_schedule""]","cpp/main.cpp:103 (match); cpp/command/gatekeeper.cpp:271; paper l.669 (100/200 gating rule, background)",R2,worker,,,,,,,,Reconciled 2026-09-04 per results/ktg/paper_1902.10565/evidence/decomposition/dag_reconciliation.md (seat A + seat B adjudication). Kept as the terminal declaration only (both seats); acceptance count and match are separate evidence nodes. closing_check: python3 results/ktg/paper_1902.10565/codes/eval/declare.py /scratch/schmidt/ssci-anima/ssci-haiyangw/ktg-train/eval --require-acceptances 1 --ci 0.95 --target-p 0.60,1eb0f8f81da054e0106b5edebe82daeab6d2da343dfb8cb22b1ed2cfc19aa8ae,,,,,python3 results/ktg/paper_1902.10565/codes/eval/declare.py /scratch/schmidt/ssci-anima/ssci-haiyangw/ktg-train/eval --require-acceptances 1 --ci 0.95 --target-p 0.60,3600,not executable before the node's work exists; the gate runs it when the closing row is appended,,,,,,,,,,,,,,,,,,,,,,,,,,,,,,,,
2026-09-04T02:43:44.698264+00:00,arxiv-1902.10565,arxiv-1902.10565::scale_data_window,1,scale_data_window,ba7917a,numerical,hypothesis,"Raise games/cycle and the shuffle window one axis at a time from the derived knobs towards upstream's 100k min / 600k keep / 100k samples-per-epoch / 500k cap; gates per step: two artifact-complete cycles, train_bucket_used / new_rows <= 8, kept rows > train cap, no-data wait < 10 % of cycle, projected pre-cycle disk < 180 GiB.",,,,False,"[""arxiv-1902.10565::derive_cycle_knobs_9x9"", ""arxiv-1902.10565::measure_stage_throughput"", ""arxiv-1902.10565::data_budget""]",,R2,worker,,,,,,,,Reconciled 2026-09-04 per results/ktg/paper_1902.10565/evidence/decomposition/dag_reconciliation.md (seat A + seat B adjudication). Added from pass 2 (both seats). closing_check: python3 results/ktg/paper_1902.10565/codes/eval/declare.py /scratch/schmidt/ssci-anima/ssci-haiyangw/ktg-train/eval --scaling data-window,5c8947c053886c39628812c79dbb75357c08394e48673f9605e9dac41c808a62,,,,,python3 results/ktg/paper_1902.10565/codes/eval/declare.py /scratch/schmidt/ssci-anima/ssci-haiyangw/ktg-train/eval --scaling data-window,3600,not executable before the node's work exists; the gate runs it when the closing row is appended,,,,,,,,,,,,,,,,,,,,,,,,,,,,,,,,
2026-09-04T02:43:44.743595+00:00,arxiv-1902.10565,arxiv-1902.10565::scale_search_budget,1,scale_search_budget,ba7917a,numerical,hypothesis,"Raise self-play visits maxVisits/cheapSearchVisits 128/32 -> 300/64 -> 600/100 with target coefficients fixed (cheapSearchProb 0.75, rootDesiredPerChildVisitsCoeff 2); advance only if projected cycle <= 60 h, GPU duty >= 70 %, losses and invalid-game counts stable, no fixed-budget match regression.",,,,False,"[""arxiv-1902.10565::scale_data_window""]",,R2,worker,,,,,,,,Reconciled 2026-09-04 per results/ktg/paper_1902.10565/evidence/decomposition/dag_reconciliation.md (seat A + seat B adjudication). Added from pass 2 (both seats). closing_check: python3 results/ktg/paper_1902.10565/codes/eval/declare.py /scratch/schmidt/ssci-anima/ssci-haiyangw/ktg-train/eval --scaling search-budget,25aac06b6f33ee1824dd54a82f9bbdfb0f1c6f72562cb55bf65dcd19c276771f,,,,,python3 results/ktg/paper_1902.10565/codes/eval/declare.py /scratch/schmidt/ssci-anima/ssci-haiyangw/ktg-train/eval --scaling search-budget,3600,not executable before the node's work exists; the gate runs it when the closing row is appended,,,,,,,,,,,,,,,,,,,,,,,,,,,,,,,,
2026-09-04T02:43:44.796156+00:00,arxiv-1902.10565,arxiv-1902.10565::scale_up,3,scale_up,ba7917a,numerical,hypothesis,"Next architecture as a FRESH run (never resume a b7 checkpoint into another config, train.py:850): b8c96h3tfrs, then b14c192h6tfrs, admitted only after b7 closes an end-to-end gated run and the export/load smoke passes for the new MODELKIND (block count 8 for b8), batch 128 fits with >= 10 % VRAM headroom, projected cycle <= 60 h, accepted-Elo per GPU-hour >= b7. Same 1-GPU / 24-CPU budget; multi-GPU is async_multi_gpu_layout. Absorbs pass-2 scale_transformer_family.",,,,False,"[""arxiv-1902.10565::select_transformer_ladder"", ""arxiv-1902.10565::head_gpool_degeneracy_9x9"", ""arxiv-1902.10565::data_budget"", ""arxiv-1902.10565::eval_improvement"", ""arxiv-1902.10565::scale_search_budget"", ""arxiv-1902.10565::measure_stage_throughput""]",python/katago/train/modelconfigs.py:1886-1942; cpp/configs/training/selfplay1_maxsize9.cfg:127-131,R2,worker,,,,,,,,Reconciled 2026-09-04 per results/ktg/paper_1902.10565/evidence/decomposition/dag_reconciliation.md (seat A + seat B adjudication). Content re-targeted to b8 -> b14 (both seats); the 2-GPU option moved out to async_multi_gpu_layout. closing_check: bash results/ktg/paper_1902.10565/codes/eval/export_smoke.sh b8c96h3tfrs && test $(grep -c transformer_ffn_block /scratch/schmidt/ssci-anima/ssci-haiyangw/ktg-train/runtime/smoke/b8/model.bin) -eq 8,0ef693d85b15cbdbe92236825bcd56da7b387a2ac880a7da5d1bdc0ce6982ec7,,,,,bash results/ktg/paper_1902.10565/codes/eval/export_smoke.sh b8c96h3tfrs && test $(grep -c transformer_ffn_block /scratch/schmidt/ssci-anima/ssci-haiyangw/ktg-train/runtime/smoke/b8/model.bin) -eq 8,3600,not executable before the node's work exists; the gate runs it when the closing row is appended,,,,,,,,,,,,,,,,,,,,,,,,,,,,,,,,
2026-09-04T02:43:44.856387+00:00,arxiv-1902.10565,arxiv-1902.10565::async_multi_gpu_layout,1,async_multi_gpu_layout,ba7917a,numerical,future,"Concurrent self-play / training on 2-4 GPUs inside one job (disjoint CUDA_VISIBLE_DEVICES masks, cudaDeviceToUseModel0Thread{k}, 3:1 self-play:train split from pass 2 section 7); deferred until measure_stage_throughput shows single-GPU duty cycle > 70 % with the NN queue saturated and the queue accepts > 1 GPU (a 2-GPU request projected > 2 months on 2026-09-03, docs/cluster-manual.md section 6). Needs an explicit concurrent-state/resume design first.",,,,False,"[""arxiv-1902.10565::measure_stage_throughput"", ""arxiv-1902.10565::scale_up""]",,R3,worker,,,,,,,,Reconciled 2026-09-04 per results/ktg/paper_1902.10565/evidence/decomposition/dag_reconciliation.md (seat A + seat B adjudication). [FUTURE] (seat A section 2.4); pass 2's 2-GPU default and -multi-gpus DDP dropped by both seats. closing_check: sacct -j $LOOP_JOB -o AllocTRES | grep -q 'gres/gpu=[2-4]' && nvidia-smi dmon -c 5 -s u | awk 'NR>2 && $2>0' | wc -l | xargs test 0 -lt,fad75d6e1ab24aeeff8c022f26aba39093194cb8171d67b19369220fef193414,,,,,sacct -j $LOOP_JOB -o AllocTRES | grep -q 'gres/gpu=[2-4]' && nvidia-smi dmon -c 5 -s u | awk 'NR>2 && $2>0' | wc -l | xargs test 0 -lt,3600,not executable before the node's work exists; the gate runs it when the closing row is appended,,,,,,,,,,,,,,,,,,,,,,,,,,,,,,,,
2026-09-04T02:43:44.915735+00:00,arxiv-1902.10565,arxiv-1902.10565::transformer_trunk_b5c48h3tfr,3,paper_code_map,ba7917a,numerical,amended,SUPERSEDED: b5c48h3tfr (5 x attnrope+ffng) is torch-only — its architecture facts live in transformer_trunk_b7c96h3tfrs and the engine refusal in engine_ffn_swiglu_constraint; kept only as the negative export fixture (obligation o23).,,,,,[],,,worker,,,,,,,,"Reconciled 2026-09-04 per results/ktg/paper_1902.10565/evidence/decomposition/dag_reconciliation.md (seat A + seat B adjudication). Prior rows: node_seq 1 (preliminary, 2026-09-04T02:04:55Z), node_seq 2 (blocking). Successors re-pointed in this batch; no live node cites this id.",ca38bf31c061c5a467a29e487feef7d02361422fb2b3a79bb7a310a6a357cda4,,,,,,,,,,,,,,,,,,,,,,,,,,,,,,,,,,,,,,,
2026-09-04T02:57:02.262911+00:00,arxiv-1902.10565,arxiv-1902.10565::loop_resume_under_walltime,3,loop_resume_under_walltime,ba7917a,numerical,hypothesis,"Slurm wrapper codes/loop/loop.sbatch: --time 2-23:30:00 --gres gpu:1 --cpus-per-task 24 --mem 120G, partition b300 else b200, the compute-budget policy check (mission.json compute.policyCheck) before every sbatch, self-resubmit with --dependency=afterany, stale shuffleddata/*.tmp and orphan *.exported cleanup on start, BASEDIR/.failcount consecutive-failure counter, STOP-file guard; runs the mission copy of synchronous_loop.sh which copies cpp/build/katago (not cpp/katago, upstream :81) and points SELFPLAY_CONFIG/GATING_CONFIG at the 9x9 cfgs; export helper reordered (mv before rm, upstream :89 vs :108). Encodes the run contract (<= 4 GPU, <= 24 CPU, <= 72 h, b300 -> b200) — absorbs pass-2 freeze_run_contract. Static evidence only; the executed kill/resume proof is verify_preemption_resume.",,,,False,"[""arxiv-1902.10565::train_resume_semantics"", ""arxiv-1902.10565::env_build""]","python/train.py:573-574,780-796,850; cpp/dataio/trainingwrite.cpp:1093-1096; python/selfplay/shuffle.sh:105; python/selfplay/export_model_for_selfplay.sh:54-56,89,108",R2,worker,,,,,,,,"Reconciled 2026-09-04 per results/ktg/paper_1902.10565/evidence/decomposition/dag_reconciliation.md (seat A + seat B adjudication). Split (seat A): wrapper here, executed resume test in verify_preemption_resume; freeze_run_contract merged in (limits live in the compute-budget check script named by mission.json compute.policyCheck). Re-appended: policy-check path referenced through mission.json compute.policyCheck. closing_check: bash -n results/ktg/paper_1902.10565/codes/loop/loop.sbatch && grep -q afterany results/ktg/paper_1902.10565/codes/loop/loop.sbatch && grep -q failcount results/ktg/paper_1902.10565/codes/loop/loop.sbatch && grep -q 'cpp/build/katago' results/ktg/paper_1902.10565/codes/loop/synchronous_loop_9x9.sh && ! grep -q 'cpp/katago""' results/ktg/paper_1902.10565/codes/loop/synchronous_loop_9x9.sh && bash ""$(python3 -c 'import json;print(json.load(open(""mission.json""))[""compute""][""policyCheck""])')"" --gpus 1 --cpus 24 --partition b200",c02239340bbeb3d6f211bb2ce3fbbced92effc5ce1ba8f4c1b23781f3e16c4b1,,,,,"bash -n results/ktg/paper_1902.10565/codes/loop/loop.sbatch && grep -q afterany results/ktg/paper_1902.10565/codes/loop/loop.sbatch && grep -q failcount results/ktg/paper_1902.10565/codes/loop/loop.sbatch && grep -q 'cpp/build/katago' results/ktg/paper_1902.10565/codes/loop/synchronous_loop_9x9.sh && ! grep -q 'cpp/katago""' results/ktg/paper_1902.10565/codes/loop/synchronous_loop_9x9.sh && bash ""$(python3 -c 'import json;print(json.load(open(""mission.json""))[""compute""][""policyCheck""])')"" --gpus 1 --cpus 24 --partition b200",3600,not executable before the node's work exists; the gate runs it when the closing row is appended,,,,,,,,,,,,,,,,,,,,,,,,,,,,,,,,
2026-09-04T04:07:27.606347+00:00,arxiv-1902.10565,arxiv-1902.10565::loop_resume_under_walltime,4,loop_resume_under_walltime,598413e,numerical,preliminary,"Slurm wrapper codes/loop/loop.sbatch (1 GPU / 24 CPU / 120G / --time 2-23:30:00, afterany self-resubmit by absolute path, .failcount breaker at 3 with a 600 s minimum-runtime penalty, STOP brake, KTG_MAX_CHAIN depth cap, startup .exported and shuffleddata/*.tmp sweep, du -sb + df -B1 + quotas.py scratch accounting with an inline 180 GiB soft-cap literal not yet reconciled with the 500 GiB decision, o27) plus the mission loop copy synchronous_loop_9x9.sh (cpp/build/katago via $KATAGO_BIN, 9x9 cfgs, train_9x9.sh, MODELKIND/USEGATING/git-root guards, override-able knob block) and export copy export_model_for_selfplay_9x9.sh (mv before rm, exporter exit codes captured). Six static conjuncts pass on the validator's re-run; the archive-staging dry run reproduces (binary and cfgs byte-identical). Preliminary, not solid: the executed kill/resume proof belongs to verify_preemption_resume, the executed breaker proof to loop_failure_circuit_breaker, and the validator's offline simulation shows early exits before the breaker section bypass .failcount (o26).",results/ktg/paper_1902.10565/evidence/loop_resume_under_walltime/verification.txt,,"[""results/ktg/paper_1902.10565/codes/loop/loop.sbatch"", ""results/ktg/paper_1902.10565/codes/loop/synchronous_loop_9x9.sh"", ""results/ktg/paper_1902.10565/codes/loop/export_model_for_selfplay_9x9.sh""]",False,"[""arxiv-1902.10565::train_resume_semantics"", ""arxiv-1902.10565::env_build""]",,,validator,,,64c7d132ce902b9983958aaf93d20d538721112ba76439bb028bec8a4d04546a,closing_check_conjuncts_passed,True,6,6,"Promoted hypothesis -> preliminary by the validator on the admitted result r_loop_resume_under_walltime_static; worker trial row_hash 86d02063585027e5e342ae071886f9657715c766415a56d27b2daea43c654a66; validation record results/ktg/paper_1902.10565/evidence/loop_resume/validation.md. Open under this node: o13, o24, o25, o26, o27 (and o04 owned by data_budget).",de2aeca80104cf31eb2e63ce9a232db26eff0c51667cae8ef691df27f89882b6,,,,,,,,,,,,,,,,,,,,,,,,,,,,,,,,"bash -n results/ktg/paper_1902.10565/codes/loop/loop.sbatch && grep -q afterany results/ktg/paper_1902.10565/codes/loop/loop.sbatch && grep -q failcount results/ktg/paper_1902.10565/codes/loop/loop.sbatch && grep -q 'cpp/build/katago' results/ktg/paper_1902.10565/codes/loop/synchronous_loop_9x9.sh && ! grep -q 'cpp/katago""' results/ktg/paper_1902.10565/codes/loop/synchronous_loop_9x9.sh && bash ""$(python3 -c 'import json;print(json.load(open(""mission.json""))[""compute""][""policyCheck""])')"" --gpus 1 --cpus 24 --partition b200",120,"bash -n results/ktg/paper_1902.10565/codes/loop/loop.sbatch && grep -q afterany results/ktg/paper_1902.10565/codes/loop/loop.sbatch && grep -q failcount results/ktg/paper_1902.10565/codes/loop/loop.sbatch && grep -q 'cpp/build/katago' results/ktg/paper_1902.10565/codes/loop/synchronous_loop_9x9.sh && ! grep -q 'cpp/katago""' results/ktg/paper_1902.10565/codes/loop/synchronous_loop_9x9.sh && bash ""$(python3 -c 'import json;print(json.load(open(""mission.json""))[""compute""][""policyCheck""])')"" --gpus 1 --cpus 24 --partition b200",1.985,0,4c975053b57030180da14b5bdbe34711530b1e2a4501ccd0b329107ea94a7138,"== compute-budget self-check  2026-09-04T00:07:27-04:00 ==
my jobs      : gpus=2 cpus=32  (2 jobs)
partition b200 : free_gpus=0/128 (excludes reserved/drained nodes)
partition b300 : free_gpus=0/8 (excludes reserved/drained nodes)
reservations : 8 defined (6 active) — scontrol show reservation
quota        : | /home/ssci-haiyangw/ | 3.40 GB  | 100.00 GB |  3.40%   |
quota        : | /scratch/ssci-anima/ | 37.63 TB |  40.00 TB |   94%    |
OK           : request gpus=1 cpus=24 part=b200 within policy (gpu<=4, no cpu cap)
",2026-09-04T04:07:27+00:00
2026-09-04T04:12:56.526534+00:00,arxiv-1902.10565,arxiv-1902.10565::playout_cap_randomization,3,paper_code_map,f2f16df,numerical,preliminary,"Playout cap randomization as coded: play.cpp:1132-1150 picks a cheap search with prob cheapSearchProb (0.75), visits min(maxVisits, cheapSearchVisits) = 100 vs 600, target weight x cheapSearchTargetWeight (0.0) so cheap turns write no rows, root noise removed on cheap turns; equals the paper's p=0.25, (N,n)=(600,100); board and trunk independent Anchors re-verified 2026-09-04 (play.cpp:1141-1143, selfplay1_maxsize9.cfg:60-62,115).",results/ktg/paper_1902.10565/evidence/paper_code_map_search/anchor_reverification.md,"[""paper l.96-97""]",,False,[],"cpp/program/play.cpp:1113,1127-1150; cpp/program/playsettings.h:44-46; cpp/configs/training/selfplay1_maxsize9.cfg:60-62,115",R0,validator,,,1649a20cbf5953f1a77616e3fefe30daba8cebb8f35b6db1534ceafd53033e3e,,,,,"Re-affirmation at preliminary with EXECUTED anchor verification, staged by the worker in packet paper_code_map_search (evidence/paper_code_map_search/candidate_rows.json, commit 598413e) and admitted by the validator after re-executing the same verification command from the az root on login03 2026-09-04 (exit 0, matched lines identical to evidence/paper_code_map_search/anchor_reverification.md); the admission gate re-executes it at append (verification_run). Prior row hash 306600d0f43691b3bbca4cb2bcb047d15a56be7298ea490e25f5964606b0cfbe (status preliminary; summary unchanged). No promotion: tasks/paper_code_map_search/implementation.md section 2 requires an executed probe: bash codes/eval/probe_search_9x9.sh 20 plus codes/eval/probe_gate_9x9.sh, asserting full_frac in [0.20,0.30], rows_per_game in [12,35], sz_other == 0 and gate_random >= 1. Section 13 forbids promoting a node to solid from a code re-read. The probe needs codes/cfg/selfplay_9x9.cfg (node cfg_9x9_override) and a 1-GPU b200 job; this packet was CPU-only, so neither ran.  Validator record: results/ktg/paper_1902.10565/evidence/paper_code_map_search/validation.md (covers both probe packets).",7e781005904759d9fa91dcbe4a901c333ec83b84a014f0b9c7636cbb9829c099,,,,,,,,,,,,,,,,,,,,,,,,,,,,,,,,"sed -n 60,62p ref-code/lightvector-KataGo/cpp/configs/training/selfplay1_maxsize9.cfg | grep -q 'cheapSearchProb = 0.75' && sed -n 1143p ref-code/lightvector-KataGo/cpp/program/play.cpp | grep -q 'cheapSearchTargetWeight' && sed -n 115p ref-code/lightvector-KataGo/cpp/configs/training/selfplay1_maxsize9.cfg | grep -q 'maxVisits = 600'",60,"sed -n 60,62p ref-code/lightvector-KataGo/cpp/configs/training/selfplay1_maxsize9.cfg | grep -q 'cheapSearchProb = 0.75' && sed -n 1143p ref-code/lightvector-KataGo/cpp/program/play.cpp | grep -q 'cheapSearchTargetWeight' && sed -n 115p ref-code/lightvector-KataGo/cpp/configs/training/selfplay1_maxsize9.cfg | grep -q 'maxVisits = 600'",0.096,0,e3b0c44298fc1c149afbf4c8996fb92427ae41e4649b934ca495991b7852b855,,2026-09-04T04:12:56+00:00
2026-09-04T04:12:56.680356+00:00,arxiv-1902.10565,arxiv-1902.10565::root_explore_and_target_pruning,3,paper_code_map,f2f16df,numerical,preliminary,"Forced root exploration (searchexplorehelpers.cpp:166-169, coefficient rootDesiredPerChildVisitsCoeff=2 = paper k) and policy-target pruning via getReducedPlaySelectionWeight (searchexplorehelpers.cpp:229-263, applied searchresults.cpp:142-195) plus chosenMovePrune=1 / chosenMoveSubtract=0; useNoisePruning is off in selfplay (SETUP_FOR_OTHER); target written by play.cpp:810-845 -> trainingwrite.cpp:552-553 Do NOT set useNoisePruning=true (pass-2 proposal dropped): setup.cpp:578 defaults it to false for SETUP_FOR_OTHER, which selfplay uses (selfplay.cpp:110); enabling it is a behaviour change, not a preset default.",results/ktg/paper_1902.10565/evidence/paper_code_map_search/anchor_reverification.md,"[""eq:l105"", ""paper l.109""]",,False,[],"cpp/search/searchexplorehelpers.cpp:153-169,229-263; cpp/search/searchresults.cpp:142-195,318-328; cpp/program/setup.cpp:578,645-647,671-676; selfplay1_maxsize9.cfg:141-142,148",R0,validator,,,1649a20cbf5953f1a77616e3fefe30daba8cebb8f35b6db1534ceafd53033e3e,,,,,"Re-affirmation at preliminary with EXECUTED anchor verification, staged by the worker in packet paper_code_map_search (evidence/paper_code_map_search/candidate_rows.json, commit 598413e) and admitted by the validator after re-executing the same verification command from the az root on login03 2026-09-04 (exit 0, matched lines identical to evidence/paper_code_map_search/anchor_reverification.md); the admission gate re-executes it at append (verification_run). Prior row hash 490d504ecf05b74bb0b47952d89152424a5237fa358d801aff4b3c91c80a0859 (status preliminary; summary unchanged). No promotion: tasks/paper_code_map_search/implementation.md section 2 requires an executed probe: bash codes/eval/probe_search_9x9.sh 20 plus codes/eval/probe_gate_9x9.sh, asserting full_frac in [0.20,0.30], rows_per_game in [12,35], sz_other == 0 and gate_random >= 1. Section 13 forbids promoting a node to solid from a code re-read. The probe needs codes/cfg/selfplay_9x9.cfg (node cfg_9x9_override) and a 1-GPU b200 job; this packet was CPU-only, so neither ran.  Validator record: results/ktg/paper_1902.10565/evidence/paper_code_map_search/validation.md (covers both probe packets).",d92df506ff5c1bca3fb2e44fa33dab24e95df52701974f81b40eff4b8a6100bf,,,,,,,,,,,,,,,,,,,,,,,,,,,,,,,,sed -n 167p ref-code/lightvector-KataGo/cpp/search/searchexplorehelpers.cpp | grep -q rootDesiredPerChildVisitsCoeff && sed -n 578p ref-code/lightvector-KataGo/cpp/program/setup.cpp | grep -q SETUP_FOR_OTHER && sed -n 110p ref-code/lightvector-KataGo/cpp/command/selfplay.cpp | grep -q SETUP_FOR_OTHER && ! grep -q '^useNoisePruning' ref-code/lightvector-KataGo/cpp/configs/training/selfplay1_maxsize9.cfg,60,sed -n 167p ref-code/lightvector-KataGo/cpp/search/searchexplorehelpers.cpp | grep -q rootDesiredPerChildVisitsCoeff && sed -n 578p ref-code/lightvector-KataGo/cpp/program/setup.cpp | grep -q SETUP_FOR_OTHER && sed -n 110p ref-code/lightvector-KataGo/cpp/command/selfplay.cpp | grep -q SETUP_FOR_OTHER && ! grep -q '^useNoisePruning' ref-code/lightvector-KataGo/cpp/configs/training/selfplay1_maxsize9.cfg,0.121,0,e3b0c44298fc1c149afbf4c8996fb92427ae41e4649b934ca495991b7852b855,,2026-09-04T04:12:56+00:00
2026-09-04T04:12:56.856214+00:00,arxiv-1902.10565,arxiv-1902.10565::score_utility_search,3,paper_code_map,f2f16df,numerical,preliminary,"Score utility u = c * (2/pi) atan((x - x0)/(dynamicScoreCenterScale * sqrt(area))) with c = static (0) + dynamic (0.40) factors, x0 = root expected score x (1 - dynamicScoreCenterZeroWeight 0.25) clamped within 0.5 sqrt(area); tables built at MAX_BOARD_LEN and rescaled; at 9x9 the denominator is 4.5 points; gatekeeper uses dynamicScoreUtilityFactor 0.25 Anchors re-verified 2026-09-04 (nninputs.cpp:56, selfplay1_maxsize9.cfg:157-161).",results/ktg/paper_1902.10565/evidence/paper_code_map_search/anchor_reverification.md,"[""eq:l689"", ""eq:l691"", ""eq:l702""]",,False,[],"cpp/neuralnet/nninputs.cpp:40,56-69,100,113-190; cpp/search/search.cpp:1137-1166; cpp/search/searchhelpers.cpp:277-278; cpp/search/searchparams.h:14-17; selfplay1_maxsize9.cfg:157-163; gatekeeper1_maxsize9.cfg:85-88",R0,validator,,,1649a20cbf5953f1a77616e3fefe30daba8cebb8f35b6db1534ceafd53033e3e,,,,,"Re-affirmation at preliminary with EXECUTED anchor verification, staged by the worker in packet paper_code_map_search (evidence/paper_code_map_search/candidate_rows.json, commit 598413e) and admitted by the validator after re-executing the same verification command from the az root on login03 2026-09-04 (exit 0, matched lines identical to evidence/paper_code_map_search/anchor_reverification.md); the admission gate re-executes it at append (verification_run). Prior row hash 01e3842e5068cb1931d676b28ffe23f76dd1059f9323a1203a111f187bbc6b97 (status preliminary; summary unchanged). No promotion: tasks/paper_code_map_search/implementation.md section 2 requires an executed probe: bash codes/eval/probe_search_9x9.sh 20 plus codes/eval/probe_gate_9x9.sh, asserting full_frac in [0.20,0.30], rows_per_game in [12,35], sz_other == 0 and gate_random >= 1. Section 13 forbids promoting a node to solid from a code re-read. The probe needs codes/cfg/selfplay_9x9.cfg (node cfg_9x9_override) and a 1-GPU b200 job; this packet was CPU-only, so neither ran. Task file already marks this promotion partial: the probe would confirm the parameters are live in a running search, not the arctan form.  Validator record: results/ktg/paper_1902.10565/evidence/paper_code_map_search/validation.md (covers both probe packets).",88907aa62914b9c8dfa3feb47da2fe26f425d9b92f05f8aa8708f1c82c79fad3,,,,,,,,,,,,,,,,,,,,,,,,,,,,,,,,sed -n 56p ref-code/lightvector-KataGo/cpp/neuralnet/nninputs.cpp | grep -q twoOverPi && sed -n 159p ref-code/lightvector-KataGo/cpp/configs/training/selfplay1_maxsize9.cfg | grep -q 'dynamicScoreUtilityFactor = 0.40',60,sed -n 56p ref-code/lightvector-KataGo/cpp/neuralnet/nninputs.cpp | grep -q twoOverPi && sed -n 159p ref-code/lightvector-KataGo/cpp/configs/training/selfplay1_maxsize9.cfg | grep -q 'dynamicScoreUtilityFactor = 0.40',0.07,0,e3b0c44298fc1c149afbf4c8996fb92427ae41e4649b934ca495991b7852b855,,2026-09-04T04:12:56+00:00
2026-09-04T04:12:56.982217+00:00,arxiv-1902.10565,arxiv-1902.10565::selfplay_search_params,3,paper_code_map,f2f16df,numerical,preliminary,"Search/thread keys of selfplay1_maxsize9.cfg and gatekeeper1_maxsize9.cfg as shipped (numGameThreads 128, numSearchThreads 1, nnMaxBatchSize 128, maxVisits 600/150, numNNServerThreadsPerModel 1, cudaDeviceToUse* commented out) and the OS-thread model: selfplay = numGameThreads + nnServer threads per model + 1 dataWrite per model (selfplaymanager.cpp:156) + 1 modelLoad (selfplay.cpp:364) + main; gatekeeper = numGameThreads + 2 x nnServer (two models) + 1 dataWrite (gatekeeper.cpp:548) + main. 24-CPU cap => numGameThreads 18 for BOTH selfplay (22 threads, +2 transient at net switch) and gatekeeper (22 threads); the pass-1 gatekeeper value 20 omitted the data-write thread (20+2+1+1 = 24, no margin).",results/ktg/paper_1902.10565/evidence/paper_code_map_search/anchor_reverification.md,,,False,[],"cpp/configs/training/selfplay1_maxsize9.cfg:84,115-124; gatekeeper1_maxsize9.cfg:18,49-57; cpp/command/selfplay.cpp:360-364; cpp/search/searchmultithreadhelpers.cpp:40-52; cpp/program/setup.cpp:194,203; cpp/program/selfplaymanager.cpp:156",R1,validator,,,1649a20cbf5953f1a77616e3fefe30daba8cebb8f35b6db1534ceafd53033e3e,,,,,"Re-affirmation at preliminary with EXECUTED anchor verification, staged by the worker in packet paper_code_map_search (evidence/paper_code_map_search/candidate_rows.json, commit 598413e) and admitted by the validator after re-executing the same verification command from the az root on login03 2026-09-04 (exit 0, matched lines identical to evidence/paper_code_map_search/anchor_reverification.md); the admission gate re-executes it at append (verification_run). Prior row hash 161709c27363e5324ed36144c5a3d8993ee6fc5c93f911d2942d0480d019e770 (status preliminary; summary unchanged). No promotion: tasks/paper_code_map_search/implementation.md section 2 requires an executed probe: bash codes/eval/probe_search_9x9.sh 20 plus codes/eval/probe_gate_9x9.sh, asserting full_frac in [0.20,0.30], rows_per_game in [12,35], sz_other == 0 and gate_random >= 1. Section 13 forbids promoting a node to solid from a code re-read. The probe needs codes/cfg/selfplay_9x9.cfg (node cfg_9x9_override) and a 1-GPU b200 job; this packet was CPU-only, so neither ran.  Validator record: results/ktg/paper_1902.10565/evidence/paper_code_map_search/validation.md (covers both probe packets).",9b23b7439c2487525aa0ddc40991e558d82cd18dae23006ca87b3302711afab0,,,,,,,,,,,,,,,,,,,,,,,,,,,,,,,,sed -n 548p ref-code/lightvector-KataGo/cpp/command/gatekeeper.cpp | grep -q 'std::thread newThread(dataWriteLoopProtected)' && sed -n 156p ref-code/lightvector-KataGo/cpp/program/selfplaymanager.cpp | grep -q 'std::thread newThread(dataWriteLoop' && sed -n 84p ref-code/lightvector-KataGo/cpp/configs/training/selfplay1_maxsize9.cfg | grep -q 'numGameThreads = 128' && sed -n 364p ref-code/lightvector-KataGo/cpp/command/selfplay.cpp | grep -q modelLoadLoopThread,60,sed -n 548p ref-code/lightvector-KataGo/cpp/command/gatekeeper.cpp | grep -q 'std::thread newThread(dataWriteLoopProtected)' && sed -n 156p ref-code/lightvector-KataGo/cpp/program/selfplaymanager.cpp | grep -q 'std::thread newThread(dataWriteLoop' && sed -n 84p ref-code/lightvector-KataGo/cpp/configs/training/selfplay1_maxsize9.cfg | grep -q 'numGameThreads = 128' && sed -n 364p ref-code/lightvector-KataGo/cpp/command/selfplay.cpp | grep -q modelLoadLoopThread,0.118,0,e3b0c44298fc1c149afbf4c8996fb92427ae41e4649b934ca495991b7852b855,,2026-09-04T04:12:57+00:00
2026-09-04T04:12:57.165833+00:00,arxiv-1902.10565,arxiv-1902.10565::game_randomization_9x9,3,paper_code_map,f2f16df,numerical,preliminary,"Game-init keys in v1.18.2 selfplay cfg: bSizes/bSizeRelProbs/allowRectangleProb (7,8,9 / 1,1,8 / 0.50 in the maxsize9 preset), komiAuto true, komiStdev 1.0, komiBigStdevProb 0.06 / komiBigStdev 12, handicapProb 0.10 (paper: 0 free moves at b<=10 so a no-op on 9x9), forkCompensateKomiProb 0.80, chosenMoveTemperature 0.15/Early 0.75/Halflife 19, startPosesProb and hintPosesProb disabled; a 9x9-only run replaces the board keys with bSizes=9, bSizeRelProbs=1, allowRectangleProb=0 dataBoardLen ships as 19 (selfplay1_maxsize9.cfg:16) and must become 9 together with train.py -pos-len 9.",results/ktg/paper_1902.10565/evidence/paper_code_map_search/anchor_reverification.md,,,False,[],"cpp/configs/training/selfplay1_maxsize9.cfg:37,45,95-108,138-142; paper l.644-665 (background)",R0,validator,,,1649a20cbf5953f1a77616e3fefe30daba8cebb8f35b6db1534ceafd53033e3e,,,,,"Re-affirmation at preliminary with EXECUTED anchor verification, staged by the worker in packet paper_code_map_search (evidence/paper_code_map_search/candidate_rows.json, commit 598413e) and admitted by the validator after re-executing the same verification command from the az root on login03 2026-09-04 (exit 0, matched lines identical to evidence/paper_code_map_search/anchor_reverification.md); the admission gate re-executes it at append (verification_run). Prior row hash 7f58aa1a5e2e003597dbeff991627ce342eb9b3a38d87db2a9fcc79946d0a619 (status preliminary; summary unchanged). No promotion: tasks/paper_code_map_search/implementation.md section 2 requires an executed probe: bash codes/eval/probe_search_9x9.sh 20 plus codes/eval/probe_gate_9x9.sh, asserting full_frac in [0.20,0.30], rows_per_game in [12,35], sz_other == 0 and gate_random >= 1. Section 13 forbids promoting a node to solid from a code re-read. The probe needs codes/cfg/selfplay_9x9.cfg (node cfg_9x9_override) and a 1-GPU b200 job; this packet was CPU-only, so neither ran.  Validator record: results/ktg/paper_1902.10565/evidence/paper_code_map_search/validation.md (covers both probe packets).",39eaa00a8c331e063a45615d4b072d4c7359bf498548787fe330a7f4804851d1,,,,,,,,,,,,,,,,,,,,,,,,,,,,,,,,"sed -n 95,97p ref-code/lightvector-KataGo/cpp/configs/training/selfplay1_maxsize9.cfg | grep -q 'bSizes = 7,8,9' && sed -n 97p ref-code/lightvector-KataGo/cpp/configs/training/selfplay1_maxsize9.cfg | grep -q 'allowRectangleProb = 0.50' && sed -n 16p ref-code/lightvector-KataGo/cpp/configs/training/selfplay1_maxsize9.cfg | grep -q 'dataBoardLen = 19'",60,"sed -n 95,97p ref-code/lightvector-KataGo/cpp/configs/training/selfplay1_maxsize9.cfg | grep -q 'bSizes = 7,8,9' && sed -n 97p ref-code/lightvector-KataGo/cpp/configs/training/selfplay1_maxsize9.cfg | grep -q 'allowRectangleProb = 0.50' && sed -n 16p ref-code/lightvector-KataGo/cpp/configs/training/selfplay1_maxsize9.cfg | grep -q 'dataBoardLen = 19'",0.093,0,e3b0c44298fc1c149afbf4c8996fb92427ae41e4649b934ca495991b7852b855,,2026-09-04T04:12:57+00:00
2026-09-04T04:12:57.310791+00:00,arxiv-1902.10565,arxiv-1902.10565::gating_rule,3,paper_code_map,f2f16df,numerical,preliminary,"Gating in v1.18.2: numGamesPerGating 200 (gatekeeper1_maxsize9.cfg:20), -required-candidate-win-prop default 0.5 (CLI, not passed by synchronous_loop.sh), candidate wins ties (gatekeeper.cpp:580), maxVisits 150, handicapProb 0; candidate dir renamed into accepted-models-dir or rejected-models-dir. Empty accepted-models-dir does NOT skip gating and does NOT error: LoadModel::findLatestModel returns true unconditionally with modelName 'random' / modelFile '/dev/null' (loadmodel.cpp:77-93), setup.cpp:126 turns '/dev/null' into debugSkipNeuralNet (random play), so cycle 1 gates the first candidate against a random-play baseline; the 'No accepted model' branch (gatekeeper.cpp:398-402) is unreachable. Returns 0 with -quit-if-no-nets-to-test when modelstobetested is empty.",results/ktg/paper_1902.10565/evidence/paper_code_map_search/anchor_reverification.md,,,False,[],"cpp/command/gatekeeper.cpp:271,399-402,516-525,591-598,623-648; cpp/configs/training/gatekeeper1_maxsize9.cfg:18-24,44-45,49; paper l.667-681 (background: 100/200 rule)",R0,validator,,,1649a20cbf5953f1a77616e3fefe30daba8cebb8f35b6db1534ceafd53033e3e,,,,,"Re-affirmation at preliminary with EXECUTED anchor verification, staged by the worker in packet paper_code_map_search (evidence/paper_code_map_search/candidate_rows.json, commit 598413e) and admitted by the validator after re-executing the same verification command from the az root on login03 2026-09-04 (exit 0, matched lines identical to evidence/paper_code_map_search/anchor_reverification.md); the admission gate re-executes it at append (verification_run). Prior row hash fb3e2a965f0d2b39190e2b3c333e538d34284e2ea394f505bd29dac0ced6b9f0 (status preliminary; summary unchanged). No promotion: tasks/paper_code_map_search/implementation.md section 2 requires an executed probe: bash codes/eval/probe_search_9x9.sh 20 plus codes/eval/probe_gate_9x9.sh, asserting full_frac in [0.20,0.30], rows_per_game in [12,35], sz_other == 0 and gate_random >= 1. Section 13 forbids promoting a node to solid from a code re-read. The probe needs codes/cfg/selfplay_9x9.cfg (node cfg_9x9_override) and a 1-GPU b200 job; this packet was CPU-only, so neither ran. Task file already limits this node's promotion to the cycle-1 random-baseline behaviour; the acceptance/rejection decision closes in gatekeeper_stage (c13).  Validator record: results/ktg/paper_1902.10565/evidence/paper_code_map_search/validation.md (covers both probe packets).",a40ddf94bdfd357eb35d6b7b4854a7a1e224d6a9a3e567cf8c06a7ed743b581b,,,,,,,,,,,,,,,,,,,,,,,,,,,,,,,,"sed -n 93p ref-code/lightvector-KataGo/cpp/dataio/loadmodel.cpp | grep -q 'return true' && sed -n 77,78p ref-code/lightvector-KataGo/cpp/dataio/loadmodel.cpp | grep -q '/dev/null' && sed -n 126p ref-code/lightvector-KataGo/cpp/program/setup.cpp | grep -q '/dev/null' && sed -n 20p ref-code/lightvector-KataGo/cpp/configs/training/gatekeeper1_maxsize9.cfg | grep -q 'numGamesPerGating = 200' && sed -n 580p ref-code/lightvector-KataGo/cpp/command/gatekeeper.cpp | grep -q requiredCandidateWinProp",60,"sed -n 93p ref-code/lightvector-KataGo/cpp/dataio/loadmodel.cpp | grep -q 'return true' && sed -n 77,78p ref-code/lightvector-KataGo/cpp/dataio/loadmodel.cpp | grep -q '/dev/null' && sed -n 126p ref-code/lightvector-KataGo/cpp/program/setup.cpp | grep -q '/dev/null' && sed -n 20p ref-code/lightvector-KataGo/cpp/configs/training/gatekeeper1_maxsize9.cfg | grep -q 'numGamesPerGating = 200' && sed -n 580p ref-code/lightvector-KataGo/cpp/command/gatekeeper.cpp | grep -q requiredCandidateWinProp",0.136,0,e3b0c44298fc1c149afbf4c8996fb92427ae41e4649b934ca495991b7852b855,,2026-09-04T04:12:57+00:00
2026-09-04T04:12:57.506659+00:00,arxiv-1902.10565,arxiv-1902.10565::loss_targets_metrics,4,paper_code_map,f2f16df,numerical,preliminary,"Loss as coded in metrics_pytorch.py:856-882: policy 0.930, opponent policy 0.15, soft policy 8.0 x2, optimistic 0.10/0.20, value 1.20 x -value-loss-scale 0.6, TD values 0.72 x3, ownership 1.5/b^2 (exact paper form), scoring 0.25/b^2, futurepos 0.25/b, seki adaptive, score pdf/cdf 0.02/0.02, score mean/stdev 0.0015/0.001, lead 0.006, variance-time 0.0003, shortterm 2.0 / 2e-5, no gamma penalty, decoupled weight decay; all board-parametric via pos_len/mask_sum_hw; q losses zero for b7c96h3tfrs",results/ktg/paper_1902.10565/evidence/paper_code_map_training/anchor_reverification.md,"[""eq:l546"", ""eq:l550"", ""eq:l554"", ""eq:l558"", ""eq:l562"", ""eq:l566"", ""eq:l570"", ""eq:l578""]",,False,"[""arxiv-1902.10565::transformer_trunk_b7c96h3tfrs""]","python/katago/train/metrics_pytorch.py:28-35,84-88,118-323,600-607,838-882; python/train.py:143-149,632-750",R1,validator,,,5086576c9e9a405aedc842c8aeb0eb30757dc578f3c394d28fb6b780b3c3e810,,,,,"Re-affirmation at preliminary with EXECUTED anchor verification, staged by the worker in packet paper_code_map_training (evidence/paper_code_map_training/candidate_rows.json, commit 598413e) and admitted by the validator after re-executing the same verification command from the az root on login03 2026-09-04 (exit 0, matched lines identical to evidence/paper_code_map_training/anchor_reverification.md); the admission gate re-executes it at append (verification_run). Prior row hash cd2853a00461114710f3cfc6415bb701bd2283449e50e6bc51dd9fbfa3e217c2 (status preliminary; summary unchanged). No promotion: tasks/paper_code_map_training/implementation.md section 2 requires an executed GPU-node probe: trunk KataConvAndGPool count == 0 on an instantiated b7c96h3tfrs at pos_len 9, gpool residuals < 1e-5, row bytes == 2145 from a real dataBoardLen = 9 npz, and a kill/resume of train.py with global_step_samples continuing and no 'Initializing new model!' line. Assertion 3 also needs o02_databoardlen_poslen_9 (a real 9x9 npz from cfg_9x9_override). This packet was CPU-only, so none of the four assertions ran. Task file already limits this to 'all terms finite and parametric in pos_len'; the loss-decrease claim c12 belongs to train_stage.  Validator record: results/ktg/paper_1902.10565/evidence/paper_code_map_search/validation.md (covers both probe packets).",9260cb98fa568f71f98c01e69ef7816bb890218f01cd379b3969561acfc39054,,,,,,,,,,,,,,,,,,,,,,,,,,,,,,,,"sed -n 856,882p ref-code/lightvector-KataGo/python/katago/train/metrics_pytorch.py | grep -q 'loss_policy_player \* policy_opt_loss_scale'",60,"sed -n 856,882p ref-code/lightvector-KataGo/python/katago/train/metrics_pytorch.py | grep -q 'loss_policy_player \* policy_opt_loss_scale'",0.05,0,e3b0c44298fc1c149afbf4c8996fb92427ae41e4649b934ca495991b7852b855,,2026-09-04T04:12:57+00:00
2026-09-04T04:12:57.617892+00:00,arxiv-1902.10565,arxiv-1902.10565::head_gpool_degeneracy_9x9,4,paper_code_map,f2f16df,numerical,preliminary,"Global pooling survives only in the policy head (KataGPool) and value head (KataValueHeadGPool) with hard constants b_avg 14, sigma^2/100 = 0.1; at strict 9x9 (mask_sum_hw 81) the value-head pooled channels are exactly collinear (pool2 = -0.5 pool1, pool3 = 0.15 pool1) and policy pool2 = -0.5 pool1: harmless but 2/3 of those head columns are redundant; today masked by bSizes 7,8,9 + allowRectangleProb 0.5; re-centering the constants would break C++ backend compatibility (not evaluated)",results/ktg/paper_1902.10565/evidence/paper_code_map_training/anchor_reverification.md,"[""paper l.398-404""]",,True,"[""arxiv-1902.10565::transformer_trunk_b7c96h3tfrs""]","python/katago/train/model_pytorch.py:492-543,2647,2711,2745,2855,3157-3160",R1,validator,,,5086576c9e9a405aedc842c8aeb0eb30757dc578f3c394d28fb6b780b3c3e810,,,,,"Re-affirmation at preliminary with EXECUTED anchor verification, staged by the worker in packet paper_code_map_training (evidence/paper_code_map_training/candidate_rows.json, commit 598413e) and admitted by the validator after re-executing the same verification command from the az root on login03 2026-09-04 (exit 0, matched lines identical to evidence/paper_code_map_training/anchor_reverification.md); the admission gate re-executes it at append (verification_run). Prior row hash 7e1d21dc5ee989f042dfcb2b17e48c9d4144fb679ecf9757634ce24bf9181a44 (status preliminary; summary unchanged). No promotion: tasks/paper_code_map_training/implementation.md section 2 requires an executed GPU-node probe: trunk KataConvAndGPool count == 0 on an instantiated b7c96h3tfrs at pos_len 9, gpool residuals < 1e-5, row bytes == 2145 from a real dataBoardLen = 9 npz, and a kill/resume of train.py with global_step_samples continuing and no 'Initializing new model!' line. Assertion 3 also needs o02_databoardlen_poslen_9 (a real 9x9 npz from cfg_9x9_override). This packet was CPU-only, so none of the four assertions ran.  Validator record: results/ktg/paper_1902.10565/evidence/paper_code_map_search/validation.md (covers both probe packets).",ddf36d0daddb8e175a92592a9afe1d199430c8895c36b5a6c457e104145336fa,,,,,,,,,,,,,,,,,,,,,,,,,,,,,,,,sed -n 534p ref-code/lightvector-KataGo/python/katago/train/model_pytorch.py | grep -q 'torch.sqrt(mask_sum_hw) - 14.0' && sed -n 540p ref-code/lightvector-KataGo/python/katago/train/model_pytorch.py | grep -q '/ 100.0 - 0.1' && python3 -c 'import math; o=math.sqrt(81)-14; assert abs(o/10+0.5)<1e-12 and abs(o*o/100-0.1-0.15)<1e-12',60,sed -n 534p ref-code/lightvector-KataGo/python/katago/train/model_pytorch.py | grep -q 'torch.sqrt(mask_sum_hw) - 14.0' && sed -n 540p ref-code/lightvector-KataGo/python/katago/train/model_pytorch.py | grep -q '/ 100.0 - 0.1' && python3 -c 'import math; o=math.sqrt(81)-14; assert abs(o/10+0.5)<1e-12 and abs(o*o/100-0.1-0.15)<1e-12',0.114,0,e3b0c44298fc1c149afbf4c8996fb92427ae41e4649b934ca495991b7852b855,,2026-09-04T04:12:57+00:00
2026-09-04T04:12:57.799802+00:00,arxiv-1902.10565,arxiv-1902.10565::train_optimizer_schedule,4,paper_code_map,f2f16df,numerical,preliminary,"train.py defaults: SGD momentum 0.9 (opt-in AdamW/Muon/NorMuon/Aurora), Lookahead k=6 alpha=0.5, per-sample lr 3e-5 x lr_scale x sqrt(batch/256), 9-step warmup ramp to 2M samples, -lr-scale / -lr-scale-auto2 / -lr-schedule, head lr factor 0.5, decoupled weight decay 0.00125 with attn group 0.5, SWA via -swa-period-samples, fp16/bf16 optional, torch.compile on unless -no-compile; transformer knobs -attn-logit-penalty-cap (off) vs export bound 2.5e4 Warm-up scale reaches 1.0 only past 2,000,000 samples (train.py:1074-1079): strength before that is pipeline verification, so eval_improvement must report samples vs the warm-up.",results/ktg/paper_1902.10565/evidence/paper_code_map_training/anchor_reverification.md,,,False,[],"python/train.py:83-114,132,140-143,374,523-564,632-750,840-844,938-942,1046-1141; python/muon/muon.py",R1,validator,,,5086576c9e9a405aedc842c8aeb0eb30757dc578f3c394d28fb6b780b3c3e810,,,,,"Re-affirmation at preliminary with EXECUTED anchor verification, staged by the worker in packet paper_code_map_training (evidence/paper_code_map_training/candidate_rows.json, commit 598413e) and admitted by the validator after re-executing the same verification command from the az root on login03 2026-09-04 (exit 0, matched lines identical to evidence/paper_code_map_training/anchor_reverification.md); the admission gate re-executes it at append (verification_run). Prior row hash 2b2e3975abcf78628d05db38b025a3120ac3097420174f5ea22d0a27168173ce (status preliminary; summary unchanged). No promotion: tasks/paper_code_map_training/implementation.md section 2 requires an executed GPU-node probe: trunk KataConvAndGPool count == 0 on an instantiated b7c96h3tfrs at pos_len 9, gpool residuals < 1e-5, row bytes == 2145 from a real dataBoardLen = 9 npz, and a kill/resume of train.py with global_step_samples continuing and no 'Initializing new model!' line. Assertion 3 also needs o02_databoardlen_poslen_9 (a real 9x9 npz from cfg_9x9_override). This packet was CPU-only, so none of the four assertions ran.  Validator record: results/ktg/paper_1902.10565/evidence/paper_code_map_search/validation.md (covers both probe packets).",9aa761a7313b54d8a0cc6ef944aefa5172106a6c449f6385b64ab23ec0252d9c,,,,,,,,,,,,,,,,,,,,,,,,,,,,,,,,"sed -n 1076,1079p ref-code/lightvector-KataGo/python/train.py | grep -q 2000000 && grep -q 'momentum=0.9' ref-code/lightvector-KataGo/python/train.py",60,"sed -n 1076,1079p ref-code/lightvector-KataGo/python/train.py | grep -q 2000000 && grep -q 'momentum=0.9' ref-code/lightvector-KataGo/python/train.py",0.07,0,e3b0c44298fc1c149afbf4c8996fb92427ae41e4649b934ca495991b7852b855,,2026-09-04T04:12:57+00:00
2026-09-04T04:12:57.930029+00:00,arxiv-1902.10565,arxiv-1902.10565::train_resume_semantics,3,paper_code_map,f2f16df,numerical,preliminary,"train.py resumes unconditionally from <traindir>/checkpoint.ckpt (model config then comes from the checkpoint, -model-kind ignored), rotates 4 short-term checkpoints, writes longterm_checkpoints every 12 h, exports model.ckpt every epochs_per_export (default 1), and -stop-when-train-bucket-limited makes it exit instead of sleeping; no TensorBoard, metrics are metrics_train.json / metrics_val.json",results/ktg/paper_1902.10565/evidence/paper_code_map_training/anchor_reverification.md,,,False,[],"python/train.py:81,122,124,434-439,573-578,614-622,780-796,850,1206-1213,1350-1351,1440-1451,1845-1889; python/katago/utils/training_data_generator.py:12-20",R1,validator,,,5086576c9e9a405aedc842c8aeb0eb30757dc578f3c394d28fb6b780b3c3e810,,,,,"Re-affirmation at preliminary with EXECUTED anchor verification, staged by the worker in packet paper_code_map_training (evidence/paper_code_map_training/candidate_rows.json, commit 598413e) and admitted by the validator after re-executing the same verification command from the az root on login03 2026-09-04 (exit 0, matched lines identical to evidence/paper_code_map_training/anchor_reverification.md); the admission gate re-executes it at append (verification_run). Prior row hash 82069ea795eb29e6a4e74ba9473fabfb937d169792589c707c135ed448b15bd8 (status preliminary; summary unchanged). No promotion: tasks/paper_code_map_training/implementation.md section 2 requires an executed GPU-node probe: trunk KataConvAndGPool count == 0 on an instantiated b7c96h3tfrs at pos_len 9, gpool residuals < 1e-5, row bytes == 2145 from a real dataBoardLen = 9 npz, and a kill/resume of train.py with global_step_samples continuing and no 'Initializing new model!' line. Assertion 3 also needs o02_databoardlen_poslen_9 (a real 9x9 npz from cfg_9x9_override). This packet was CPU-only, so none of the four assertions ran.  Validator record: results/ktg/paper_1902.10565/evidence/paper_code_map_search/validation.md (covers both probe packets).",2987e2a3d2de69e8d5a65701b882b34276cf25cda8a6e448d1f0aa450974df21,,,,,,,,,,,,,,,,,,,,,,,,,,,,,,,,"sed -n 780p ref-code/lightvector-KataGo/python/train.py | grep -q get_checkpoint_path && sed -n 1884p ref-code/lightvector-KataGo/python/train.py | grep -q 'hours=12' && sed -n 850p ref-code/lightvector-KataGo/python/train.py | grep -q 'state_dict\[""config""\]'",60,"sed -n 780p ref-code/lightvector-KataGo/python/train.py | grep -q get_checkpoint_path && sed -n 1884p ref-code/lightvector-KataGo/python/train.py | grep -q 'hours=12' && sed -n 850p ref-code/lightvector-KataGo/python/train.py | grep -q 'state_dict\[""config""\]'",0.09,0,e3b0c44298fc1c149afbf4c8996fb92427ae41e4649b934ca495991b7852b855,,2026-09-04T04:12:57+00:00
2026-09-04T04:12:58.081755+00:00,arxiv-1902.10565,arxiv-1902.10565::data_format_pos_len,3,paper_code_map,f2f16df,numerical,preliminary,"Training-row layout at posLen L: binaryInputNCHWPacked 22*ceil(L^2/8) B, globalInputNC 76 B, policyTargetsNCMove 4(L^2+1) B, globalTargetsNC 320 B, scoreDistrN 2L^2+120 B, valueTargetsNCHW 5L^2 B, qValueTargetsNCMove 6(L^2+1) B => 7675 B (L=19) vs 2145 B (L=9), compressed x0.12; dataBoardLen (cfg) must equal -pos-len (train.py), asserted at data_processing_pytorch.py:91; rows/turn = floor(w)+Bernoulli(frac(w)) with w=0 on cheap-search turns The assert fires in training (data_processing_pytorch.py:91), not in shuffle, so this node also feeds train_stage; upstream train.sh:88 hard-codes -pos-len 19.",results/ktg/paper_1902.10565/evidence/paper_code_map_training/anchor_reverification.md,,,False,[],"cpp/dataio/trainingwrite.cpp:288-334,1030,1092-1096,1206-1251; python/shuffle.py:39-47; python/katago/train/data_processing_pytorch.py:91; cpp/configs/training/selfplay1_maxsize9.cfg:10-16; python/selfplay/train.sh:88",R1,validator,,,5086576c9e9a405aedc842c8aeb0eb30757dc578f3c394d28fb6b780b3c3e810,,,,,"Re-affirmation at preliminary with EXECUTED anchor verification, staged by the worker in packet paper_code_map_training (evidence/paper_code_map_training/candidate_rows.json, commit 598413e) and admitted by the validator after re-executing the same verification command from the az root on login03 2026-09-04 (exit 0, matched lines identical to evidence/paper_code_map_training/anchor_reverification.md); the admission gate re-executes it at append (verification_run). Prior row hash b76e4b5c6b038ba3b2278e716429350b1a6cd48253632a857ebf3aba919de1d8 (status preliminary; summary unchanged). No promotion: tasks/paper_code_map_training/implementation.md section 2 requires an executed GPU-node probe: trunk KataConvAndGPool count == 0 on an instantiated b7c96h3tfrs at pos_len 9, gpool residuals < 1e-5, row bytes == 2145 from a real dataBoardLen = 9 npz, and a kill/resume of train.py with global_step_samples continuing and no 'Initializing new model!' line. Assertion 3 also needs o02_databoardlen_poslen_9 (a real 9x9 npz from cfg_9x9_override). This packet was CPU-only, so none of the four assertions ran.  Validator record: results/ktg/paper_1902.10565/evidence/paper_code_map_search/validation.md (covers both probe packets).",375668265daa98ffab2c5b41e1f5500edf4c4482aebaf6f38c31c26cf75c033b,,,,,,,,,,,,,,,,,,,,,,,,,,,,,,,,sed -n 91p ref-code/lightvector-KataGo/python/katago/train/data_processing_pytorch.py | grep -q 'pos_len \* pos_len + 7' && sed -n 88p ref-code/lightvector-KataGo/python/selfplay/train.sh | grep -q -- '-pos-len 19' && python3 -c 'L=9; assert 22*((L*L+7)//8)+76+4*(L*L+1)+320+2*L*L+120+5*L*L+6*(L*L+1)==2145',60,sed -n 91p ref-code/lightvector-KataGo/python/katago/train/data_processing_pytorch.py | grep -q 'pos_len \* pos_len + 7' && sed -n 88p ref-code/lightvector-KataGo/python/selfplay/train.sh | grep -q -- '-pos-len 19' && python3 -c 'L=9; assert 22*((L*L+7)//8)+76+4*(L*L+1)+320+2*L*L+120+5*L*L+6*(L*L+1)==2145',0.109,0,e3b0c44298fc1c149afbf4c8996fb92427ae41e4649b934ca495991b7852b855,,2026-09-04T04:12:58+00:00
2026-09-04T04:12:58.244395+00:00,arxiv-1902.10565,arxiv-1902.10565::training_window_shuffle,3,paper_code_map,f2f16df,numerical,preliminary,"shuffle.py window: -keep-target-rows (required; loop passes 600000), -min-rows (loop 100000; default 250000), -taper-window-scale (loop 50000), -expand-window-per-row 1.0, -taper-window-exponent 1.0, -approx-rows-per-out-file 70000, -num-processes; output shuffleddata/<ts>/data*.npz + <ts>.json range; refuses non-empty out-dir; the paper's N_window formula (l.638) is superseded by these flags Random-play rows are capped at min_rows inside the shuffler (shuffle.py:1058,1077 num_random_rows_capped), so a long random bootstrap cannot flood the window. SHUFFLE_KEEPROWS must exceed MAX_TRAIN_SAMPLES_PER_CYCLE (synchronous_loop.sh:66 comment). -exclude-qvalues (shuffle.py:801) is an [OPEN] option for nets without predict_q_values.",results/ktg/paper_1902.10565/evidence/paper_code_map_training/anchor_reverification.md,,,False,[],"python/shuffle.py:420-421,777-791,812-815,862-867,1079-1083,1213-1239,1330-1335; python/selfplay/synchronous_loop.sh:58,63,65-66,105; python/selfplay/cleanup_old_dirs.py:12-24",R0,validator,,,5086576c9e9a405aedc842c8aeb0eb30757dc578f3c394d28fb6b780b3c3e810,,,,,"Re-affirmation at preliminary with EXECUTED anchor verification, staged by the worker in packet paper_code_map_training (evidence/paper_code_map_training/candidate_rows.json, commit 598413e) and admitted by the validator after re-executing the same verification command from the az root on login03 2026-09-04 (exit 0, matched lines identical to evidence/paper_code_map_training/anchor_reverification.md); the admission gate re-executes it at append (verification_run). Prior row hash 7fa3b46690fb1a5b84ac48380b5a469f5f4fc03a190724fed148af58ee4fc6ed (status preliminary; summary unchanged). No promotion: tasks/paper_code_map_training/implementation.md section 2 requires an executed GPU-node probe: trunk KataConvAndGPool count == 0 on an instantiated b7c96h3tfrs at pos_len 9, gpool residuals < 1e-5, row bytes == 2145 from a real dataBoardLen = 9 npz, and a kill/resume of train.py with global_step_samples continuing and no 'Initializing new model!' line. Assertion 3 also needs o02_databoardlen_poslen_9 (a real 9x9 npz from cfg_9x9_override). This packet was CPU-only, so none of the four assertions ran. Task file already marks this partial: only the N_window algebra; real window behaviour needs shuffle_stage.  Validator record: results/ktg/paper_1902.10565/evidence/paper_code_map_search/validation.md (covers both probe packets).",3e74cf2e6174443f629792214a4e32eaaf498070c714d1c7b091cda01737c468,,,,,,,,,,,,,,,,,,,,,,,,,,,,,,,,"sed -n 1077p ref-code/lightvector-KataGo/python/shuffle.py | grep -q 'min(num_random_rows_capped + num_rows, min_rows)' && sed -n 66p ref-code/lightvector-KataGo/python/selfplay/synchronous_loop.sh | grep -q 'Needs to be larger' && sed -n 801p ref-code/lightvector-KataGo/python/shuffle.py | grep -q 'exclude-qvalues'",60,"sed -n 1077p ref-code/lightvector-KataGo/python/shuffle.py | grep -q 'min(num_random_rows_capped + num_rows, min_rows)' && sed -n 66p ref-code/lightvector-KataGo/python/selfplay/synchronous_loop.sh | grep -q 'Needs to be larger' && sed -n 801p ref-code/lightvector-KataGo/python/shuffle.py | grep -q 'exclude-qvalues'",0.097,0,e3b0c44298fc1c149afbf4c8996fb92427ae41e4649b934ca495991b7852b855,,2026-09-04T04:12:58+00:00
2026-09-04T04:12:58.406464+00:00,arxiv-1902.10565,arxiv-1902.10565::transformer_trunk_b7c96h3tfrs,3,paper_code_map,f2f16df,numerical,preliminary,"b7c96h3tfrs (modelconfigs.py:1008-1029, registered :1887): version 17, 7 x (attnrope, ffnsg), 96 trunk channels, 3 heads, ffn 256, RoPE theta 100 non-learnable (tables non-persistent, seq_len must equal pos_len^2), no trunk gpool; exporter lowers blocks to transformer_attention_block / transformer_ffn_block with use_swiglu=1 (export_model_pytorch.py:461); pos_len enters via train.py -pos-len and must equal selfplay dataBoardLen; export refuses if attention logit bound > 2.5e4. Smallest tf config every C++ backend can serve; exported + benchmarked at 9x9 on gb205 (job 298018, SMOKE RESULT: PASS). Absorbs the superseded transformer_trunk_b5c48h3tfr code-map (same attnrope/RoPE/no-trunk-gpool facts).",results/ktg/paper_1902.10565/evidence/paper_code_map_training/anchor_reverification.md,,,True,[],"python/katago/train/modelconfigs.py:1008-1029,1887; python/katago/train/model_pytorch.py:2108-2171,3231-3239,3269-3276; python/export_model_pytorch.py:42-43,461,491-494",R2,validator,,,5086576c9e9a405aedc842c8aeb0eb30757dc578f3c394d28fb6b780b3c3e810,,,,,"Re-affirmation at preliminary with EXECUTED anchor verification, staged by the worker in packet paper_code_map_training (evidence/paper_code_map_training/candidate_rows.json, commit 598413e) and admitted by the validator after re-executing the same verification command from the az root on login03 2026-09-04 (exit 0, matched lines identical to evidence/paper_code_map_training/anchor_reverification.md); the admission gate re-executes it at append (verification_run). Prior row hash 1530e3fdfa8ab36d89248afe2d85898f669d3225df6a441bda5d7b9337bead1c (status preliminary; summary unchanged). No promotion: tasks/paper_code_map_training/implementation.md section 2 requires an executed GPU-node probe: trunk KataConvAndGPool count == 0 on an instantiated b7c96h3tfrs at pos_len 9, gpool residuals < 1e-5, row bytes == 2145 from a real dataBoardLen = 9 npz, and a kill/resume of train.py with global_step_samples continuing and no 'Initializing new model!' line. Assertion 3 also needs o02_databoardlen_poslen_9 (a real 9x9 npz from cfg_9x9_override). This packet was CPU-only, so none of the four assertions ran.  Validator record: results/ktg/paper_1902.10565/evidence/paper_code_map_search/validation.md (covers both probe packets).",b9623b9b24469d6aa1b7ec5f09ebe58a94a1da54de6bbfbb7b847f5ae1e7503f,,,,,,,,,,,,,,,,,,,,,,,,,,,,,,,,"sed -n 1021p ref-code/lightvector-KataGo/python/katago/train/modelconfigs.py | grep -q '""ffnsg""' && sed -n 1887p ref-code/lightvector-KataGo/python/katago/train/modelconfigs.py | grep -q '""b7c96h3tfrs""' && sed -n 1008p ref-code/lightvector-KataGo/python/katago/train/modelconfigs.py | grep -q 'b7c96h3tfrs = {' && sed -n 3308p ref-code/lightvector-KataGo/cpp/neuralnet/cudaandrocmbackend.inc | grep -q 'Non-SwiGLU'",60,"sed -n 1021p ref-code/lightvector-KataGo/python/katago/train/modelconfigs.py | grep -q '""ffnsg""' && sed -n 1887p ref-code/lightvector-KataGo/python/katago/train/modelconfigs.py | grep -q '""b7c96h3tfrs""' && sed -n 1008p ref-code/lightvector-KataGo/python/katago/train/modelconfigs.py | grep -q 'b7c96h3tfrs = {' && sed -n 3308p ref-code/lightvector-KataGo/cpp/neuralnet/cudaandrocmbackend.inc | grep -q 'Non-SwiGLU'",0.11,0,e3b0c44298fc1c149afbf4c8996fb92427ae41e4649b934ca495991b7852b855,,2026-09-04T04:12:58+00:00
2026-09-04T04:12:58.576039+00:00,arxiv-1902.10565,arxiv-1902.10565::select_transformer_ladder,2,select_transformer_ladder,f2f16df,numerical,preliminary,"Architecture ladder decision: b7c96h3tfrs (start: smoke + first production) -> b8c96h3tfrs (modelconfigs.py:1057-1077, :1889) -> b14c192h6tfrs (:1453, :1894; tflrs = learnable RoPE :1895). Each step is a fresh run: train.py:850 takes the model config from checkpoint.ckpt, so a b7 checkpoint is never resumed into b8. b5c48h3tfr is excluded (ffng, engine-unservable) and kept only as a negative fixture; the fused nbt family (b5c192h3nbttfrs :1890) is [FUTURE]. Wrapper asserts MODELKIND matches *tfrs|*tflrs.",results/ktg/paper_1902.10565/evidence/paper_code_map_training/anchor_reverification.md,,,True,"[""arxiv-1902.10565::transformer_trunk_b7c96h3tfrs"", ""arxiv-1902.10565::engine_ffn_swiglu_constraint""]","python/katago/train/modelconfigs.py:1008-1029,1057-1077,1453,1886-1895; python/train.py:850",R2,validator,,,5086576c9e9a405aedc842c8aeb0eb30757dc578f3c394d28fb6b780b3c3e810,,,,,"Re-affirmation at preliminary with EXECUTED anchor verification, staged by the worker in packet paper_code_map_training (evidence/paper_code_map_training/candidate_rows.json, commit 598413e) and admitted by the validator after re-executing the same verification command from the az root on login03 2026-09-04 (exit 0, matched lines identical to evidence/paper_code_map_training/anchor_reverification.md); the admission gate re-executes it at append (verification_run). Prior row hash a74c9c2f294a5c137e597f80f524e2dd3953ec35ea5e25e4ed56c9e385778e18 (status preliminary; summary unchanged). No promotion: tasks/paper_code_map_training/implementation.md section 2 requires an executed GPU-node probe: trunk KataConvAndGPool count == 0 on an instantiated b7c96h3tfrs at pos_len 9, gpool residuals < 1e-5, row bytes == 2145 from a real dataBoardLen = 9 npz, and a kill/resume of train.py with global_step_samples continuing and no 'Initializing new model!' line. Assertion 3 also needs o02_databoardlen_poslen_9 (a real 9x9 npz from cfg_9x9_override). This packet was CPU-only, so none of the four assertions ran. Covered by NEITHER probe task file; its task_id is select_transformer_ladder. Included because its anchors are the same modelconfigs.py lines. Its promotion criterion is unstated in this packet's inputs. [OPEN] no task file exists for task_id select_transformer_ladder (results/ktg/paper_1902.10565/tasks/ has none); its promotion criterion is unstated, so this row re-affirms preliminary only and proposes nothing further. Validator record: results/ktg/paper_1902.10565/evidence/paper_code_map_search/validation.md (covers both probe packets).",f54c1676316404f23b271289305b114602e4b23424789334ff31d327cbec21ca,,,,,,,,,,,,,,,,,,,,,,,,,,,,,,,,"sed -n 1886p ref-code/lightvector-KataGo/python/katago/train/modelconfigs.py | grep -q '""b5c48h3tfr"": b5c48h3tfr,  # no swiglu' && grep -q '""b8c96h3tfrs"": b8c96h3tfrs' ref-code/lightvector-KataGo/python/katago/train/modelconfigs.py && grep -q '""b14c192h6tfrs"": b14c192h6tfrs' ref-code/lightvector-KataGo/python/katago/train/modelconfigs.py && sed -n 1021p ref-code/lightvector-KataGo/python/katago/train/modelconfigs.py | grep -q ffnsg && sed -n 1070p ref-code/lightvector-KataGo/python/katago/train/modelconfigs.py | grep -q ffnsg && sed -n 850p ref-code/lightvector-KataGo/python/train.py | grep -q 'state_dict\[""config""\]'",60,"sed -n 1886p ref-code/lightvector-KataGo/python/katago/train/modelconfigs.py | grep -q '""b5c48h3tfr"": b5c48h3tfr,  # no swiglu' && grep -q '""b8c96h3tfrs"": b8c96h3tfrs' ref-code/lightvector-KataGo/python/katago/train/modelconfigs.py && grep -q '""b14c192h6tfrs"": b14c192h6tfrs' ref-code/lightvector-KataGo/python/katago/train/modelconfigs.py && sed -n 1021p ref-code/lightvector-KataGo/python/katago/train/modelconfigs.py | grep -q ffnsg && sed -n 1070p ref-code/lightvector-KataGo/python/katago/train/modelconfigs.py | grep -q ffnsg && sed -n 850p ref-code/lightvector-KataGo/python/train.py | grep -q 'state_dict\[""config""\]'",0.172,0,e3b0c44298fc1c149afbf4c8996fb92427ae41e4649b934ca495991b7852b855,,2026-09-04T04:12:58+00:00
2026-09-04T04:40:59.149339+00:00,arxiv-1902.10565,arxiv-1902.10565::tiny_model_export_smoke,4,tiny_model_export_smoke,e56b240,numerical,preliminary,"Export smoke for the transformer path: codes/eval/export_smoke.sh runs five legs on one B200 binary - export random-init b7c96h3tfrs with export_model_pytorch.py, exact block-kind histogram {attn:7, ffn:7} via codes/eval/check_export_blocks.py with two independent structural witnesses, benchmarknn -json at 9x9 with require-exact-nnlen (4536.95806 nnEval/s), a 9x9 gtp genmove ('= J6'), and the o23 negative fixture in which the same binary refuses b5c48h3tfr with exit 134 and one distinct exact SwiGLU diagnostic. Job 298358, all five legs pass on one recorded run.",results/ktg/paper_1902.10565/evidence/tiny_smoke/verification.txt,,"[""results/ktg/paper_1902.10565/codes/eval/export_smoke.sh"", ""results/ktg/paper_1902.10565/codes/eval/check_export_blocks.py"", ""results/ktg/paper_1902.10565/codes/eval/export_smoke.sbatch""]",,"[""arxiv-1902.10565::env_build"", ""arxiv-1902.10565::select_transformer_ladder""]",,,validator,,"[{""row_hash"": ""a3553e5c2688f03b6764393df69d1d42dd021ce8b3a0f4e16de8c2b608e60400"", ""timestamp"": ""2026-09-04T04:26:59+00:00"", ""git_commit"": ""a6dd902"", ""pass_fail"": ""pass""}]",a38afcdd3f2c6d3aba8c87491db422337ae97cd4ed15c0b39353e4debb69b690,smoke_legs_passed,True,5,5,Validated cross-model 2026-09-04; refutation record evidence/tiny_smoke/validation.md. Stays 'preliminary' for a mechanical reason only: predecessor arxiv-1902.10565::select_transformer_ladder is 'preliminary' (env_build is 'solid') and the gate requires solid predecessors for solid. Result row r_tiny_model_export_smoke_b7c96h3tfrs (empirical). Path note: scripts live in codes/eval/ (the section-2 command hardcodes that path and runs green) and evidence in evidence/tiny_smoke/ (the packet's name; section 14 of the task file says evidence/export_smoke/) - neither deviation breaks an executed check.,96d79bb1cfddf5ed4988e09e6aae6e125c9e2e9f6dba0d5f01bc36fcaf457881,,,,,,,,,,,NVIDIA B200 (sm_100),"fp16 inference, fp32 export",,"KataGo v1.18.2 CUDA backend, torch 2.11.0+cu128, cuDNN 9.19.0",,,,,,,,,,,,,298358,,,,,"echo 'c9b7ec220789f3e6a43043ef6cbb6109f455bf6a4de133645f82016958ad03fc  /scratch/schmidt/ssci-anima/ssci-haiyangw/ktg-train/runtime/smoke/x/model.bin' | sha256sum -c --quiet && python3 results/ktg/paper_1902.10565/codes/eval/check_export_blocks.py /scratch/schmidt/ssci-anima/ssci-haiyangw/ktg-train/runtime/smoke/x/model.bin && T=results/ktg/paper_1902.10565/evidence/tiny_smoke/export_smoke-298358.txt && grep -q '^EXPORT_SMOKE RESULT: PASS$' ""$T"" && grep -q '""sumMedianNNEvalsPerSec"":4536.95806' ""$T"" && grep -q '^genmove response: = J6$' ""$T"" && grep -q '^negative benchmarknn exit=134$' ""$T"" && grep -q '^distinct diagnostics     = 1$' ""$T"" && grep -q 'Non-SwiGLU transformer FFN is not yet supported in CUDA backend' ""$T"" && grep -q '^model-identified lines   = 1' ""$T""",120,"echo 'c9b7ec220789f3e6a43043ef6cbb6109f455bf6a4de133645f82016958ad03fc  /scratch/schmidt/ssci-anima/ssci-haiyangw/ktg-train/runtime/smoke/x/model.bin' | sha256sum -c --quiet && python3 results/ktg/paper_1902.10565/codes/eval/check_export_blocks.py /scratch/schmidt/ssci-anima/ssci-haiyangw/ktg-train/runtime/smoke/x/model.bin && T=results/ktg/paper_1902.10565/evidence/tiny_smoke/export_smoke-298358.txt && grep -q '^EXPORT_SMOKE RESULT: PASS$' ""$T"" && grep -q '""sumMedianNNEvalsPerSec"":4536.95806' ""$T"" && grep -q '^genmove response: = J6$' ""$T"" && grep -q '^negative benchmarknn exit=134$' ""$T"" && grep -q '^distinct diagnostics     = 1$' ""$T"" && grep -q 'Non-SwiGLU transformer FFN is not yet supported in CUDA backend' ""$T"" && grep -q '^model-identified lines   = 1' ""$T""",0.403,0,4b7b1b5f48e47a8464784ac218e3cd54e8deccf340a160fddee016d3a7af4da6,"model.bin       : /scratch/schmidt/ssci-anima/ssci-haiyangw/ktg-train/runtime/smoke/x/model.bin (3281596 bytes)
block histogram : {""transformer_attention_block"": 7, ""transformer_ffn_block"": 7}
expected        : {""transformer_attention_block"": 7, ""transformer_ffn_block"": 7}
trunk declares  : 14 blocks; kind lines found: 14
witness         : ^[A-Za-z0-9_.]+\.q_proj$     7 (kind lines: 7)
witness         : ^[A-Za-z0-9_.]+\.ffn_linear1$ 7 (kind lines: 7)
BLOCK_HISTOGRAM: PASS
",2026-09-04T04:40:59+00:00
2026-09-04T04:49:45.347934+00:00,arxiv-1902.10565,arxiv-1902.10565::cfg_9x9_override,3,cfg_9x9_override,deb3d19,numerical,preliminary,"Mission-owned codes/cfg/selfplay_9x9.cfg, codes/cfg/gatekeeper_9x9.cfg and codes/loop/train_9x9.sh exist and are executed. Key-diff against cpp/configs/training/{selfplay1,gatekeeper1}_maxsize9.cfg (comment lines stripped) touches only dataBoardLen 19->9, numGameThreads 128->18, bSizes 7,8,9->9, bSizeRelProbs 1,1,8->1, allowRectangleProb 0.50->0 (OUT_OF_SET_KEYS = 0 on both, significant line counts unchanged 101/101 and 62/62); the train wrapper differs from python/selfplay/train.sh in exactly one non-comment line (-pos-len 19 -> 9; '-pos-len 9' count 1, '-pos-len 19' count 0) plus an inserted provenance comment header. katago selfplay with an empty models dir (random net, debugSkipNeuralNet, no CUDA context) exits 0 and writes 37 sgf lines, 37 of them SZ[9] (fraction 1.000) with 0 rectangular - structurally forced, since cpp/program/play.cpp:137-172 admits only (9,9) for bSizes = 9 with allowRectangleProb = 0; the live process peaks at 22 OS threads over 52 samples against the 24 CPUs the job declared. Executed evidence: Slurm job 298359 (worker, gb205, COMPLETED 0:0).",results/ktg/paper_1902.10565/evidence/cfg_9x9/check_cfg_9x9-298359.txt,,"[""results/ktg/paper_1902.10565/codes/cfg/selfplay_9x9.cfg"", ""results/ktg/paper_1902.10565/codes/cfg/gatekeeper_9x9.cfg"", ""results/ktg/paper_1902.10565/codes/loop/train_9x9.sh"", ""results/ktg/paper_1902.10565/codes/eval/check_cfg_9x9.sh""]",False,"[""arxiv-1902.10565::selfplay_search_params"", ""arxiv-1902.10565::game_randomization_9x9"", ""arxiv-1902.10565::gating_rule"", ""arxiv-1902.10565::data_format_pos_len"", ""arxiv-1902.10565::env_build""]","cpp/configs/training/selfplay1_maxsize9.cfg:16,84,95-97; gatekeeper1_maxsize9.cfg:18,38-40; python/selfplay/train.sh:88; cpp/command/selfplay.cpp:97,220,291-293,359-364; cpp/dataio/sgf.cpp:2013-2015",R1,validator,"[""skip_exec""]",,e39348bf760d7ef64980beb71117aa1c1d639c858ce31d64078fb5fc0629ddd3,sz9_fraction,True,1.0,1.0,"Proposed promotion hypothesis -> preliminary. NOT solid: the admission gate requires solid predecessors and four of the five (selfplay_search_params, game_randomization_9x9, gating_rule, data_format_pos_len) are preliminary; only env_build is solid. Nothing about this node's own evidence is the limit. Thread budget re-derived without the withdrawn 20 % CPU cap: results/ktg/paper_1902.10565/evidence/cfg_9x9/thread_budget.md; DESIGN.md sections 1, 3, 8 and 9 revised in place to match. o03's id keeps the now-misleading _24cpu suffix; its content is unchanged, only its justification moves from 'fits the cap' to 'matches the declared CPUs'. a11_cpu_policy_summed and o22_cpu_policy_scope are moot after the human decision; those ledger transitions are the validator's to append. verification.command is the task file's closing check and runs two short selfplay processes - append it from inside an allocation (srun -p b200 --gres=gpu:1 --cpus-per-task=24 --mem=64G), not on a login node. Validator narrowing at admission: 'exactly one line' -> 'exactly one non-comment line plus a provenance comment header'; the thread peak is stated as measured on a random-net process with no CUDA context (c06 selfplay clause partial, not admitted). Gatekeeper_9x9.cfg is key-diffed and value-asserted but not parsed by a gatekeeper process here; that is gatekeeper_stage's first run. Predecessor statuses at admission: selfplay_search_params, game_randomization_9x9, gating_rule, data_format_pos_len preliminary; env_build solid -> preliminary is the ceiling. ADMISSION WITHOUT RE-EXECUTION: the validator's own allocation for the closing check (srun job 298524, b200, 1 GPU) was estimated to start ~20 h later (b200 free_gpus 0/128) and was cancelled on the coordinator's decision; this row is appended with --skip-exec (visible in admission_flags). The executed evidence is the worker's job 298359, whose transcript is the evidence file (content-hashed here) and matches the Slurm .out byte-for-byte up to the appended sacct/seff block. The gate did NOT re-execute verification.command. Re-appending this row with the verification executed inside a GPU job is obligation o30_cfg_9x9_knowledge_verify_in_allocation (owner synchronous_loop_smoke).",32f53697d4f3ba7fbf1a4c86ae6e94370b7ef3c7424354e44e964cf4444b1936,,,,,,,,katago v1.18.2 CUDA build; bash 5.1,24,24,"b200 node gb205, 1 GPU allocated and unused (debugSkipNeuralNet)",,,,,KataGo cfg + bash,37,37,0,22,52,,0,0,,,,298359,,,,bash results/ktg/paper_1902.10565/codes/eval/check_cfg_9x9.sh && test $(grep -c -- '-pos-len 9' results/ktg/paper_1902.10565/codes/loop/train_9x9.sh) -eq 1 && grep -q '^numGameThreads = 18' results/ktg/paper_1902.10565/codes/cfg/gatekeeper_9x9.cfg,3600,,,,,,
2026-09-04T09:20:49.697957+00:00,arxiv-1902.10565,arxiv-1902.10565::cfg_9x9_override,4,cfg_9x9_override,9fdeb6b,numerical,preliminary,"Mission-owned codes/cfg/selfplay_9x9.cfg, codes/cfg/gatekeeper_9x9.cfg and codes/loop/train_9x9.sh exist and are executed. Key-diff against cpp/configs/training/{selfplay1,gatekeeper1}_maxsize9.cfg (comment lines stripped) touches only dataBoardLen 19->9, numGameThreads 128->18, bSizes 7,8,9->9, bSizeRelProbs 1,1,8->1, allowRectangleProb 0.50->0 (OUT_OF_SET_KEYS = 0 on both, significant line counts unchanged 101/101 and 62/62); the train wrapper differs from python/selfplay/train.sh in exactly one non-comment line (-pos-len 19 -> 9; '-pos-len 9' count 1, '-pos-len 19' count 0) plus an inserted provenance comment header. katago selfplay with an empty models dir (random net, debugSkipNeuralNet, no CUDA context) exits 0 and writes 37 sgf lines, 37 of them SZ[9] (fraction 1.000) with 0 rectangular - structurally forced, since cpp/program/play.cpp:137-172 admits only (9,9) for bSizes = 9 with allowRectangleProb = 0; the live process peaks at 22 OS threads over 52 samples against the 24 CPUs the job declared. Executed evidence: Slurm job 298359 (worker, gb205, COMPLETED 0:0).",results/ktg/paper_1902.10565/evidence/cfg_9x9/check_cfg_9x9-298359.txt,,"[""results/ktg/paper_1902.10565/codes/cfg/selfplay_9x9.cfg"", ""results/ktg/paper_1902.10565/codes/cfg/gatekeeper_9x9.cfg"", ""results/ktg/paper_1902.10565/codes/loop/train_9x9.sh"", ""results/ktg/paper_1902.10565/codes/eval/check_cfg_9x9.sh""]",False,"[""arxiv-1902.10565::selfplay_search_params"", ""arxiv-1902.10565::game_randomization_9x9"", ""arxiv-1902.10565::gating_rule"", ""arxiv-1902.10565::data_format_pos_len"", ""arxiv-1902.10565::env_build""]","cpp/configs/training/selfplay1_maxsize9.cfg:16,84,95-97; gatekeeper1_maxsize9.cfg:18,38-40; python/selfplay/train.sh:88; cpp/command/selfplay.cpp:97,220,291-293,359-364; cpp/dataio/sgf.cpp:2013-2015",R1,worker,,,e39348bf760d7ef64980beb71117aa1c1d639c858ce31d64078fb5fc0629ddd3,sz9_fraction,True,1.0,1.0,"Proposed promotion hypothesis -> preliminary. NOT solid: the admission gate requires solid predecessors and four of the five (selfplay_search_params, game_randomization_9x9, gating_rule, data_format_pos_len) are preliminary; only env_build is solid. Nothing about this node's own evidence is the limit. Thread budget re-derived without the withdrawn 20 % CPU cap: results/ktg/paper_1902.10565/evidence/cfg_9x9/thread_budget.md; DESIGN.md sections 1, 3, 8 and 9 revised in place to match. o03's id keeps the now-misleading _24cpu suffix; its content is unchanged, only its justification moves from 'fits the cap' to 'matches the declared CPUs'. a11_cpu_policy_summed and o22_cpu_policy_scope are moot after the human decision; those ledger transitions are the validator's to append. verification.command is the task file's closing check and runs two short selfplay processes - append it from inside an allocation (srun -p b200 --gres=gpu:1 --cpus-per-task=24 --mem=64G), not on a login node. Validator narrowing at admission: 'exactly one line' -> 'exactly one non-comment line plus a provenance comment header'; the thread peak is stated as measured on a random-net process with no CUDA context (c06 selfplay clause partial, not admitted). Gatekeeper_9x9.cfg is key-diffed and value-asserted but not parsed by a gatekeeper process here; that is gatekeeper_stage's first run. Predecessor statuses at admission: selfplay_search_params, game_randomization_9x9, gating_rule, data_format_pos_len preliminary; env_build solid -> preliminary is the ceiling.

O30 RE-APPEND, VERIFICATION EXECUTED IN AN ALLOCATION: this row is the obligation-o30 re-append of the seq-3 row (row_hash 32f53697d4f3ba7fbf1a4c86ae6e94370b7ef3c7424354e44e964cf4444b1936), appended by the worker from leg A of Slurm job 298712 (node gb207, partition b200, 1 GPU, --cpus-per-task 24), the synchronous_loop_smoke allocation. It carries the SAME verification.command as the seq-3 row and is appended WITHOUT --skip-exec, so the admission gate ran codes/eval/check_cfg_9x9.sh inside the allocation with SLURM_CPUS_PER_TASK=24 rather than recording a skip_exec flag; the observed outcome is on this row as verification_run. The seq-3 row's cited executed evidence (worker job 298359, transcript results/ktg/paper_1902.10565/evidence/cfg_9x9/check_cfg_9x9-298359.txt) is unchanged and is still this row's content-hashed evidence file. Status stays preliminary: the ceiling is the predecessor statuses (selfplay_search_params, game_randomization_9x9, gating_rule, data_format_pos_len are preliminary; only env_build is solid), not this node's own evidence. The promotions of those four predecessors are what legs D1/D2 of the same job measure, and they are the validator's to append. Nothing else about the seq-3 row is amended here.",a1f26db6fc8efc14f9085f1d5a3851fd4833e1be666c24ca2b1c2b28537ad27c,,,,,,,,katago v1.18.2 CUDA build; bash 5.1,24,24,"b200 node gb207, 1 GPU allocated (the checker itself needs none: empty models dir -> debugSkipNeuralNet)",,,,,KataGo cfg + bash,37,37,0,22,52,32f53697d4f3ba7fbf1a4c86ae6e94370b7ef3c7424354e44e964cf4444b1936,0,0,,,,298712,,,,bash results/ktg/paper_1902.10565/codes/eval/check_cfg_9x9.sh && test $(grep -c -- '-pos-len 9' results/ktg/paper_1902.10565/codes/loop/train_9x9.sh) -eq 1 && grep -q '^numGameThreads = 18' results/ktg/paper_1902.10565/codes/cfg/gatekeeper_9x9.cfg,3600,bash results/ktg/paper_1902.10565/codes/eval/check_cfg_9x9.sh && test $(grep -c -- '-pos-len 9' results/ktg/paper_1902.10565/codes/loop/train_9x9.sh) -eq 1 && grep -q '^numGameThreads = 18' results/ktg/paper_1902.10565/codes/cfg/gatekeeper_9x9.cfg,8.761,0,380d84d4620e22ce9fcc53cf6424e5f6ca3c1a0d599827e2c1f096203a3d53c1,"k   selfplay_9x9.cfg: bSizeRelProbs = 1
ok   selfplay_9x9.cfg: allowRectangleProb = 0
ok   selfplay_9x9.cfg: numGameThreads = 18
ok   gatekeeper_9x9.cfg: bSizes = 9
ok   gatekeeper_9x9.cfg: bSizeRelProbs = 1
ok   gatekeeper_9x9.cfg: allowRectangleProb = 0
ok   gatekeeper_9x9.cfg: numGameThreads = 18

katago_bin = /scratch/schmidt/ssci-anima/ssci-haiyangw/ktg-train/build/KataGo/cpp/build/katago
workdir    = /scratch/schmidt/ssci-anima/ssci-haiyangw/ktg-train/runtime/cfgcheck

=== check 3: katago selfplay parse run, -max-games-total 1
exit_code = 0   elapsed_s = 1
--- last 12 log lines:
2026-09-04 05:20:51-0400: Final games finished: 1
2026-09-04 05:20:51-0400: Final moves played: 105
2026-09-04 05:20:51-0400: Final data rows: 28
2026-09-04 05:20:51-0400: Final NN rows: 0
2026-09-04 05:20:51-0400: Final NN batches: 0
2026-09-04 05:20:51-0400: Final NN avg batch size: -nan
2026-09-04 05:20:51-0400: Final NN cache hits: 1581
2026-09-04 05:20:51-0400: GPU -1 finishing, processed 0 rows 0 batches
2026-09-04 05:20:51-0400: Data write loop cleaned up and terminating for random
2026-09-04 05:20:51-0400: Total games: 19
2026-09-04 05:20:51-0400: Total selfplay runtime (seconds): 0.696656
2026-09-04 05:20:51-0400: All cleaned up, quitting

=== check 5: ps -o nlwp= on the live selfplay pid, -max-games-total 36
exit_code = 0   elapsed_s = 6
NLWP_SAMPLES = 60
NLWP_MAX     = 22
CPU_BUDGET   = 24
ok   NLWP_MAX 22 <= CPU_BUDGET 24

=== check 4: SZ[9] fraction over every .sgfs line written by both runs
sgfs_files = 2
  /scratch/schmidt/ssci-anima/ssci-haiyangw/ktg-train/runtime/cfgcheck/selfplay/random/sgfs/36E5AE5A71431ED9.sgfs
  /scratch/schmidt/ssci-anima/ssci-haiyangw/ktg-train/runtime/cfgcheck/selfplay/random/sgfs/7DC38C675457CC78.sgfs
--- first sgf line, truncated:
(;FF[4]GM[1]SZ[9]PB[random]PW[random]HA[0]KM[10.5]RU[koSITUATIONALscoreAREAtaxNONEsui1]RE[B+0.5]C[startTurnIdx=2,initTur
n_all = 37
n9    = 37
SZ9_FRACTION = 1.000
n_rectangular = 0

FAILURES = 0
CHECK_CFG_9X9: PASS
",2026-09-04T09:20:49+00:00
2026-09-04T09:59:17.144801+00:00,arxiv-1902.10565,arxiv-1902.10565::synchronous_loop_smoke,3,synchronous_loop_smoke,5bb85ad,numerical,preliminary,"One allocation (Slurm 298712, b200 gb207, 1 GPU, 24 CPUs, 05:53) executed two consecutive mission-loop cycles at 9x9 with USEGATING=1 and b7c96h3tfrs: cycle 1 trained from scratch on 40 random-net games and exported t9-s1216-d1221; cycle 2 gated it against the random baseline (rejected, 55.500 to 100.500 in 156 games), trained on from checkpoint.ckpt without re-initialising and exported t9-s2528-d2534. global_step_samples 1216 -> 2528, total_num_data_rows 1221 -> 2534, bucket 4000 -> 3744 after consuming 256. sz_other 0 over 236 sgf lines; npz row bytes 2145 raw and shuffled. Capped at preliminary: predecessor data_budget is hypothesis (result data-budget-guard-500gib is conditional), and o03's real-net thread clause is refuted at 24 declared CPUs (25 measured).",results/ktg/paper_1902.10565/evidence/smoke/smoke-298712.txt,,"[""results/ktg/paper_1902.10565/codes/loop/smoke_loop.sbatch"", ""results/ktg/paper_1902.10565/codes/loop/smoke_one_cycle.sh"", ""results/ktg/paper_1902.10565/codes/eval/audit_smoke.py"", ""results/ktg/paper_1902.10565/codes/eval/check_pos_len_npz.py"", ""results/ktg/paper_1902.10565/codes/eval/stage_monitor.sh""]",False,"[""arxiv-1902.10565::cfg_9x9_override"", ""arxiv-1902.10565::tiny_model_export_smoke"", ""arxiv-1902.10565::loop_resume_under_walltime"", ""arxiv-1902.10565::data_budget"", ""arxiv-1902.10565::env_build""]","python/train.py:1303-1346,1379,1433-1445,1875; python/selfplay/synchronous_loop.sh:57-66; cpp/command/gatekeeper.cpp:427,583,603; cpp/dataio/loadmodel.cpp:77-78,93; cpp/program/setup.cpp:126; cpp/dataio/trainingwrite.cpp:292-299,880-883",R2,validator,,,bc0a98801ba50372f571264e9a76410b29190de6c32d3777fbd9f012f2a6c977,cycles_completed,True,2,2,"Admitted at preliminary by the cross-model validator 2026-09-04 after re-executing the audit against the run directory and re-reading both checkpoints; record results/ktg/paper_1902.10565/evidence/smoke/validation_core.md. Ceiling: predecessor data_budget is hypothesis (result data-budget-guard-500gib conditional), so solid is unreachable here. Legs D1/D2/E of job 298712 failed (error-ledger rows 4566497308b2 and d3e3dcb75124); the job's sacct 0:0 was masked by a driver defect and is not a clean-run witness. o30 was discharged by leg A's own in-allocation append (knowledge node_seq 4, row_hash a1f26db6fc8efc14f9085f1d5a3851fd4833e1be666c24ca2b1c2b28537ad27c, verification_run.exit_code 0, no admission_flags), verified and NOT re-appended. S7, S11 and S12 (probe packets) are outside this row: they are the attempt-2 job 299259's and a later validation's. Verifier witness re-pointed to rows_per_game-298712.txt (byte-identical frozen copy) because job 299259's leg E overwrites rows_per_game.txt.",53a2fcd47d33d67c79efffe3c936af57f3bd3b4d3c9a4fd1476c2bb8f0f8d402,,9fdeb6b,,,,,,,,24,"b200 node gb207, 1 GPU",,00:05:53,,,bash/slurm + C++ engine + PyTorch,,,,,,,,,,,,298712,,,,"python3 -c ""import json,sys; d=json.load(open('results/ktg/paper_1902.10565/evidence/smoke/audit-298712.json')); c={x['name']:x['pass'] for x in d['checks']}; need=['S1_cycles_completed_eq_2','S2_candidate_exported_ge_1','S2_candidate_gated_ge_1','S3_gate_random_ge_1','S4_sz_other_eq_0','S5_raw_npz_pos_len_9_2145','S5_shuffled_npz_pos_len_9_2145','S6_global_step_samples_increases','S6_metrics_finite','S6_no_reinit_in_cycle2']; bad=[n for n in need if not c.get(n)]; sys.exit(0 if not bad else print('failed:',bad) or 1)"" && test -s results/ktg/paper_1902.10565/evidence/smoke/rows_per_game-298712.txt",120,"python3 -c ""import json,sys; d=json.load(open('results/ktg/paper_1902.10565/evidence/smoke/audit-298712.json')); c={x['name']:x['pass'] for x in d['checks']}; need=['S1_cycles_completed_eq_2','S2_candidate_exported_ge_1','S2_candidate_gated_ge_1','S3_gate_random_ge_1','S4_sz_other_eq_0','S5_raw_npz_pos_len_9_2145','S5_shuffled_npz_pos_len_9_2145','S6_global_step_samples_increases','S6_metrics_finite','S6_no_reinit_in_cycle2']; bad=[n for n in need if not c.get(n)]; sys.exit(0 if not bad else print('failed:',bad) or 1)"" && test -s results/ktg/paper_1902.10565/evidence/smoke/rows_per_game-298712.txt",0.072,0,e3b0c44298fc1c149afbf4c8996fb92427ae41e4649b934ca495991b7852b855,,2026-09-04T09:59:17+00:00
2026-09-04T10:31:36.771313+00:00,arxiv-1902.10565,arxiv-1902.10565::transformer_trunk_b7c96h3tfrs,4,paper_code_map,375cfc0,numerical,solid,"b7c96h3tfrs (modelconfigs.py:1008-1029, registered :1887): version 17, 7 x (attnrope, ffnsg), 96 trunk channels, 3 heads, ffn 256, RoPE theta 100 non-learnable (tables non-persistent, seq_len must equal pos_len^2), no trunk gpool; exporter lowers blocks to transformer_attention_block / transformer_ffn_block with use_swiglu=1 (export_model_pytorch.py:461); pos_len enters via train.py -pos-len and must equal selfplay dataBoardLen; export refuses if attention logit bound > 2.5e4. Smallest tf config every C++ backend can serve; exported + benchmarked at 9x9 on gb205 (job 298018, SMOKE RESULT: PASS). Absorbs the superseded transformer_trunk_b5c48h3tfr code-map (same attnrope/RoPE/no-trunk-gpool facts). EXECUTED (job 299259 leg D2, assertion 1 of tasks/paper_code_map_training; CPU re-run identical): Model(b7c96h3tfrs, pos_len 9) instantiates with 14 blocks = 7 x [attnrope, ffnsg] in Model.blocks, 825837 parameters, 0 KataConvAndGPool modules in the trunk and 0 anywhere in the model; the export t9-s1216-d1221 of this architecture was served by the CUDA engine in 100 probe games and 156 gate games of the same jobs.",results/ktg/paper_1902.10565/evidence/smoke/probe_train_rerun_cpu-299259.json,,,True,[],"python/katago/train/modelconfigs.py:1008-1029,1887; python/katago/train/model_pytorch.py:2108-2171,3231-3239,3269-3276; python/export_model_pytorch.py:42-43,461,491-494",R2,validator,,,6109abac66c69c4f71cdff3fa4cbfbfbeee54d6f861af62dd8352034e305735e,trunk_gpool_count,True,0,0,"Promoted preliminary -> solid by the validator 2026-09-04: no predecessors, assertion 1 executed on an instantiated model with content-hashed evidence (probe_train_rerun_cpu-299259.json; in-job values in smoke-299259.txt lines 131-158), the gate re-executes the assertion at append. Read-only residue stated, not promoted: the 2.5e4 attention-logit export guard (o15, export_stage). Prior row b9623b9b2446f9ee at preliminary (summary retained verbatim above).",ebebbddad785f7d7fe418cfdc3aefd5fc0036efad35aaf69cebeb50133da9ef0,,,,,,,,,,,"b200 gb207, 1 GPU (in-job) and login-node CPU (re-run)",,,,,,,,,,,,,,,r_smoke_probe_training,,299259,2.11.0+cu128,,,"python3 -c ""import json,sys; t=json.load(open('results/ktg/paper_1902.10565/evidence/smoke/probe_train_rerun_cpu-299259.json')); ok = t['model_kind']=='b7c96h3tfrs' and t['pos_len']==9 and t['trunk_gpool_count']==0 and t['model_gpool_count']==0 and t['trunk_blocks']==14 and t['block_kinds']==['attnrope','ffnsg']*7 and t['num_params']==825837 and t['trunk_num_channels']==96; sys.exit(0 if ok else 1)"" && sed -n 1021p ref-code/lightvector-KataGo/python/katago/train/modelconfigs.py | grep -q '""ffnsg""' && sed -n 1887p ref-code/lightvector-KataGo/python/katago/train/modelconfigs.py | grep -q '""b7c96h3tfrs""' && sed -n 1008p ref-code/lightvector-KataGo/python/katago/train/modelconfigs.py | grep -q 'b7c96h3tfrs = {' && sed -n 3308p ref-code/lightvector-KataGo/cpp/neuralnet/cudaandrocmbackend.inc | grep -q 'Non-SwiGLU'",120,"python3 -c ""import json,sys; t=json.load(open('results/ktg/paper_1902.10565/evidence/smoke/probe_train_rerun_cpu-299259.json')); ok = t['model_kind']=='b7c96h3tfrs' and t['pos_len']==9 and t['trunk_gpool_count']==0 and t['model_gpool_count']==0 and t['trunk_blocks']==14 and t['block_kinds']==['attnrope','ffnsg']*7 and t['num_params']==825837 and t['trunk_num_channels']==96; sys.exit(0 if ok else 1)"" && sed -n 1021p ref-code/lightvector-KataGo/python/katago/train/modelconfigs.py | grep -q '""ffnsg""' && sed -n 1887p ref-code/lightvector-KataGo/python/katago/train/modelconfigs.py | grep -q '""b7c96h3tfrs""' && sed -n 1008p ref-code/lightvector-KataGo/python/katago/train/modelconfigs.py | grep -q 'b7c96h3tfrs = {' && sed -n 3308p ref-code/lightvector-KataGo/cpp/neuralnet/cudaandrocmbackend.inc | grep -q 'Non-SwiGLU'",0.16,0,e3b0c44298fc1c149afbf4c8996fb92427ae41e4649b934ca495991b7852b855,,2026-09-04T10:31:36+00:00
2026-09-04T10:31:37.074696+00:00,arxiv-1902.10565,arxiv-1902.10565::head_gpool_degeneracy_9x9,5,paper_code_map,375cfc0,numerical,solid,"Global pooling survives only in the policy head (KataGPool) and value head (KataValueHeadGPool) with hard constants b_avg 14, sigma^2/100 = 0.1 (model_pytorch.py:534-540); at strict 9x9 (mask_sum_hw 81, sqrt(81) - 14 = -5) the value-head pooled channels are exactly collinear, pool2 = -0.5 pool1 and pool3 = 0.15 pool1, so 2/3 of those head columns carry no board-size information; on the mission's bSizes=9 / allowRectangleProb=0 run (upstream masks it with bSizes 7,8,9 + allowRectangleProb 0.5) the degeneracy is exact on every batch, harmless for training; re-centering the constants would break C++ backend compatibility (not evaluated). EXECUTED (job 299259 leg D2, assertion 2; CPU re-run identical): with x random (4, 32, 9, 9), mask all-ones, max|pool2 + 0.5*pool1| = 0.000e+00 and max|pool3 - 0.15*pool1| = 0.000e+00 in float32 against the 1e-5 tolerance.",results/ktg/paper_1902.10565/evidence/smoke/probe_train_rerun_cpu-299259.json,"[""paper l.398-404""]",,True,"[""arxiv-1902.10565::transformer_trunk_b7c96h3tfrs""]","python/katago/train/model_pytorch.py:492-543,2647,2711,2745,2855,3157-3160",R1,validator,,,6109abac66c69c4f71cdff3fa4cbfbfbeee54d6f861af62dd8352034e305735e,gpool_collinearity_residual_max,True,1e-05,0.0,"Promoted preliminary -> solid by the validator 2026-09-04: sole predecessor transformer_trunk_b7c96h3tfrs is solid, assertion 2 executed with residuals exactly zero. Prior row ddf36d0daddb at preliminary.",8f7dd09484f75870eabaeab5758d7f5d59126621a823043db4e701ced973f005,,,,,,,,,,,"b200 gb207, 1 GPU (in-job) and login-node CPU (re-run)",,,,,,,,,,,,,,,r_smoke_probe_training,,299259,2.11.0+cu128,,,"python3 -c ""import json,sys; t=json.load(open('results/ktg/paper_1902.10565/evidence/smoke/probe_train_rerun_cpu-299259.json')); ok = t['mask_sum_hw']==81 and t['sqrt_offset']==-5.0 and t['residual_pool2_plus_half_pool1']<1e-5 and t['residual_pool3_minus_015_pool1']<1e-5 and t['value_head_gpool_count']==1 and t['v1_num_channels']==32; sys.exit(0 if ok else 1)"" && sed -n 534p ref-code/lightvector-KataGo/python/katago/train/model_pytorch.py | grep -q 'torch.sqrt(mask_sum_hw) - 14.0' && sed -n 540p ref-code/lightvector-KataGo/python/katago/train/model_pytorch.py | grep -q '/ 100.0 - 0.1' && python3 -c 'import math; o=math.sqrt(81)-14; assert abs(o/10+0.5)<1e-12 and abs(o*o/100-0.1-0.15)<1e-12'",120,"python3 -c ""import json,sys; t=json.load(open('results/ktg/paper_1902.10565/evidence/smoke/probe_train_rerun_cpu-299259.json')); ok = t['mask_sum_hw']==81 and t['sqrt_offset']==-5.0 and t['residual_pool2_plus_half_pool1']<1e-5 and t['residual_pool3_minus_015_pool1']<1e-5 and t['value_head_gpool_count']==1 and t['v1_num_channels']==32; sys.exit(0 if ok else 1)"" && sed -n 534p ref-code/lightvector-KataGo/python/katago/train/model_pytorch.py | grep -q 'torch.sqrt(mask_sum_hw) - 14.0' && sed -n 540p ref-code/lightvector-KataGo/python/katago/train/model_pytorch.py | grep -q '/ 100.0 - 0.1' && python3 -c 'import math; o=math.sqrt(81)-14; assert abs(o/10+0.5)<1e-12 and abs(o*o/100-0.1-0.15)<1e-12'",0.147,0,e3b0c44298fc1c149afbf4c8996fb92427ae41e4649b934ca495991b7852b855,,2026-09-04T10:31:37+00:00
2026-09-04T10:31:37.358019+00:00,arxiv-1902.10565,arxiv-1902.10565::data_format_pos_len,4,paper_code_map,375cfc0,numerical,solid,"Training-row layout at posLen L: binaryInputNCHWPacked 22*ceil(L^2/8) B, globalInputNC 76 B, policyTargetsNCMove 4(L^2+1) B, globalTargetsNC 320 B, scoreDistrN 2L^2+120 B, valueTargetsNCHW 5L^2 B, qValueTargetsNCMove 6(L^2+1) B => 7675 B (L=19) vs 2145 B (L=9); dataBoardLen (cfg) must equal -pos-len (train.py), asserted at data_processing_pytorch.py:91 in training, not in shuffle, so this node also feeds train_stage; upstream train.sh:88 hard-codes -pos-len 19; rows/turn = floor(w)+Bernoulli(frac(w)) with w=0 on cheap-search turns. EXECUTED (job 299259 leg D2, assertion 3, on the smoke's real dataBoardLen=9 npz 33785D4998C6F9A3.npz, 1221 rows): per-row bytes 242 + 76 + 320 + 328 + 492 + 282 + 405 = 2145 with exactly the seven arrays and shapes above, qValueTargetsNCMove present unconditionally; the audit reads 2145 B/row on all 2 raw and 2 shuffled npz of the loop (2534 rows each side); scorebelief_len = 282. MEASURED on-disk cost at 9x9: 353.8 B/row (0.165 of 2145) -- the 'compressed x0.12' read from the 19x19 constants in earlier rows does not transfer and is withdrawn.",results/ktg/paper_1902.10565/evidence/smoke/probe_train_rerun_cpu-299259.json,,,False,[],"cpp/dataio/trainingwrite.cpp:288-334,1030,1092-1096,1206-1251; python/shuffle.py:39-47; python/katago/train/data_processing_pytorch.py:91; cpp/configs/training/selfplay1_maxsize9.cfg:10-16; python/selfplay/train.sh:88",R1,validator,,,6109abac66c69c4f71cdff3fa4cbfbfbeee54d6f861af62dd8352034e305735e,row_bytes_pos_len_9,True,2145,2145,"Promoted preliminary -> solid by the validator 2026-09-04: no predecessors, assertion 3 executed on real 9x9 data with every array shape matching the formula, corroborated by the loop audit on both sides of the shuffler. The 19x19-derived compression factor in the prior summary was wrong at 9x9 and is replaced by the measured 353.8 B/row. o02's discard/wiring half stays open with shuffle_stage. Prior row 375668265daa at preliminary.",35c5250113a088d67b70c7d6552559fc565afdfab5b44ddad72a375db53ebb80,,,,,,,,,,,b200 gb207 (npz written by the loop's selfplay) and login-node CPU (re-run),,,,,,,,,,,,,,,r_smoke_probe_training,,299259,,,,"python3 -c ""import json,sys; t=json.load(open('results/ktg/paper_1902.10565/evidence/smoke/probe_train_rerun_cpu-299259.json')); a=json.load(open('results/ktg/paper_1902.10565/evidence/smoke/audit-299259.json')); c={x['name']:x['pass'] for x in a['checks']}; s=t['npz_arrays']; ok = t['row_bytes']==2145 and t['npz_rows']==1221 and t['scorebelief_len']==282 and s['binaryInputNCHWPacked']['shape'][1:]==[22,11] and s['policyTargetsNCMove']['shape'][1:]==[2,82] and s['qValueTargetsNCMove']['shape'][1:]==[3,82] and s['scoreDistrN']['shape'][1:]==[282] and s['valueTargetsNCHW']['shape'][1:]==[5,9,9] and s['globalTargetsNC']['shape'][1:]==[80] and s['globalInputNC']['shape'][1:]==[19] and c['S5_raw_npz_pos_len_9_2145'] and c['S5_shuffled_npz_pos_len_9_2145']; sys.exit(0 if ok else 1)"" && sed -n 91p ref-code/lightvector-KataGo/python/katago/train/data_processing_pytorch.py | grep -q 'pos_len \* pos_len + 7' && sed -n 88p ref-code/lightvector-KataGo/python/selfplay/train.sh | grep -q -- '-pos-len 19' && python3 -c 'L=9; assert 22*((L*L+7)//8)+76+4*(L*L+1)+320+2*L*L+120+5*L*L+6*(L*L+1)==2145'",120,"python3 -c ""import json,sys; t=json.load(open('results/ktg/paper_1902.10565/evidence/smoke/probe_train_rerun_cpu-299259.json')); a=json.load(open('results/ktg/paper_1902.10565/evidence/smoke/audit-299259.json')); c={x['name']:x['pass'] for x in a['checks']}; s=t['npz_arrays']; ok = t['row_bytes']==2145 and t['npz_rows']==1221 and t['scorebelief_len']==282 and s['binaryInputNCHWPacked']['shape'][1:]==[22,11] and s['policyTargetsNCMove']['shape'][1:]==[2,82] and s['qValueTargetsNCMove']['shape'][1:]==[3,82] and s['scoreDistrN']['shape'][1:]==[282] and s['valueTargetsNCHW']['shape'][1:]==[5,9,9] and s['globalTargetsNC']['shape'][1:]==[80] and s['globalInputNC']['shape'][1:]==[19] and c['S5_raw_npz_pos_len_9_2145'] and c['S5_shuffled_npz_pos_len_9_2145']; sys.exit(0 if ok else 1)"" && sed -n 91p ref-code/lightvector-KataGo/python/katago/train/data_processing_pytorch.py | grep -q 'pos_len \* pos_len + 7' && sed -n 88p ref-code/lightvector-KataGo/python/selfplay/train.sh | grep -q -- '-pos-len 19' && python3 -c 'L=9; assert 22*((L*L+7)//8)+76+4*(L*L+1)+320+2*L*L+120+5*L*L+6*(L*L+1)==2145'",0.147,0,e3b0c44298fc1c149afbf4c8996fb92427ae41e4649b934ca495991b7852b855,,2026-09-04T10:31:37+00:00
2026-09-04T10:31:37.638743+00:00,arxiv-1902.10565,arxiv-1902.10565::train_resume_semantics,4,paper_code_map,375cfc0,numerical,solid,"train.py resumes unconditionally from <traindir>/checkpoint.ckpt (model config then comes from the checkpoint, -model-kind ignored), rotates 4 short-term checkpoints, writes longterm_checkpoints every 12 h, exports model.ckpt every epochs_per_export (default 1), and -stop-when-train-bucket-limited makes it exit instead of sleeping; no TensorBoard, metrics are metrics_train.json / metrics_val.json EXECUTED (job 299259 leg D2, assertion 4): train.py -pos-len 9 -model-kind b7c96h3tfrs -batch-size 32 -samples-per-epoch 2048 on 5068 synthetic rows was SIGKILLed at global_step_samples 4992 and the byte-identical command resumed from <traindir>/checkpoint.ckpt to 14976 with total_num_data_rows unchanged at 5068, zero 'Initializing new model!' and zero 'No preexisting checkpoint found' in the resumed log, exit 0; the rotation left checkpoint.ckpt plus checkpoint_prev0..3 (13728, 11232, 9984, 7488) and one export per epoch (proberesume-s2496 .. s14976). The loop's own cycle 2 resumed the same way (1216 -> 2528, no re-initialisation). NOT executed: the 12 h longterm_checkpoints cadence and -stop-when-train-bucket-limited.",results/ktg/paper_1902.10565/evidence/smoke/probe_resume-299259.json,,,False,[],"python/train.py:81,122,124,434-439,573-578,614-622,780-796,850,1206-1213,1350-1351,1440-1451,1845-1889; python/katago/utils/training_data_generator.py:12-20",R1,validator,,,2e98432bb00f925b41acd6d3c8697bb5b32cdd1f32d64ac588d2bff855abe3bc,resume_global_step_samples_after,True,4992,14976,"Promoted preliminary -> solid by the validator 2026-09-04: no predecessors, the node's defining behaviour executed twice (synthetic SIGKILL/resume and the loop's cycle-2 resume), checkpoints re-read with the mission venv. The two unexecuted clauses are named in the summary and stay read-only. Prior row 2987e2a3d2de at preliminary.",044166f67dee5b65457f42f6a2d80648e0896897cc1d3246a2e41f3b52046aaa,,,,"checkpoint.ckpt 14976/5068, checkpoint_prev0..3, eight export model.ckpt files, 825837 parameters each",,,,,,,"b200 gb207, 1 GPU",,,,,,,,,,,,,,,r_smoke_probe_training,,299259,2.11.0+cu128,,,"python3 -c ""import json,sys; u=json.load(open('results/ktg/paper_1902.10565/evidence/smoke/probe_resume-299259.json')); a=json.load(open('results/ktg/paper_1902.10565/evidence/smoke/audit-299259.json'))['S6']; ok = u['pass'] and u['global_step_samples_at_kill']==4992 and u['global_step_samples_after']==14976 and u['initializing_new_model_phase2']==0 and u['no_preexisting_checkpoint_phase2']==0 and u['initializing_new_model_phase1']==1 and u['total_num_data_rows_at_kill']==u['total_num_data_rows_after']==5068 and u['phase2_exit_code']==0 and a['global_step_samples_cycle2']>a['global_step_samples_cycle1'] and a['initializing_new_model_in_cycle2_log']==0; sys.exit(0 if ok else 1)"" && sed -n 780p ref-code/lightvector-KataGo/python/train.py | grep -q get_checkpoint_path && sed -n 1884p ref-code/lightvector-KataGo/python/train.py | grep -q 'hours=12' && sed -n 850p ref-code/lightvector-KataGo/python/train.py | grep -q 'state_dict\[""config""\]'",120,"python3 -c ""import json,sys; u=json.load(open('results/ktg/paper_1902.10565/evidence/smoke/probe_resume-299259.json')); a=json.load(open('results/ktg/paper_1902.10565/evidence/smoke/audit-299259.json'))['S6']; ok = u['pass'] and u['global_step_samples_at_kill']==4992 and u['global_step_samples_after']==14976 and u['initializing_new_model_phase2']==0 and u['no_preexisting_checkpoint_phase2']==0 and u['initializing_new_model_phase1']==1 and u['total_num_data_rows_at_kill']==u['total_num_data_rows_after']==5068 and u['phase2_exit_code']==0 and a['global_step_samples_cycle2']>a['global_step_samples_cycle1'] and a['initializing_new_model_in_cycle2_log']==0; sys.exit(0 if ok else 1)"" && sed -n 780p ref-code/lightvector-KataGo/python/train.py | grep -q get_checkpoint_path && sed -n 1884p ref-code/lightvector-KataGo/python/train.py | grep -q 'hours=12' && sed -n 850p ref-code/lightvector-KataGo/python/train.py | grep -q 'state_dict\[""config""\]'",0.144,0,e3b0c44298fc1c149afbf4c8996fb92427ae41e4649b934ca495991b7852b855,,2026-09-04T10:31:37+00:00
2026-09-04T10:31:37.917852+00:00,arxiv-1902.10565,arxiv-1902.10565::synchronous_loop_smoke,4,synchronous_loop_smoke,375cfc0,numerical,preliminary,"Attempt 2 (Slurm 299259, b200 gb207, 1 GPU, 24 CPUs, 05:06, FAILED 1:0 as the driver now correctly reports) resumed from attempt 1's markers (A/B/C skipped) and executed the probe legs: D2 exit 0 -- all four training-side assertions hold (r_smoke_probe_training); D1 exit 1 -- 9x9-only, rows/game and random-baseline gate hold, while the full_frac band check failed on a defective discriminator (r_smoke_full_frac_binning: the band is unchecked, not refuted); E exit 1 on the S9 real-net finding (25 threads vs 24 declared, confirming attempt 1) plus two audit-instrument defects repaired afterwards (o37). S9/S13 now come from a per-job, ancestry-filtered sampler table (ps_samples-299259.tsv, 1287 seven-column rows, 5 pids all in the job's leg timeline, no foreign process). c10's byte conjunct is refuted at 10.944 KiB/game (r_smoke_c10_bytes_per_game). Node stays preliminary: the task's closing criterion (job exit 0 with every leg marker and all audit assertions) is not met -- S9 fails until o03 is discharged, and S7 waits on o38; predecessor data_budget is hypothesis.",results/ktg/paper_1902.10565/evidence/smoke/smoke-299259.txt,,"[""results/ktg/paper_1902.10565/codes/loop/smoke_loop.sbatch"", ""results/ktg/paper_1902.10565/codes/loop/smoke_one_cycle.sh"", ""results/ktg/paper_1902.10565/codes/eval/audit_smoke.py"", ""results/ktg/paper_1902.10565/codes/eval/check_pos_len_npz.py"", ""results/ktg/paper_1902.10565/codes/eval/stage_monitor.sh""]",False,"[""arxiv-1902.10565::cfg_9x9_override"", ""arxiv-1902.10565::tiny_model_export_smoke"", ""arxiv-1902.10565::loop_resume_under_walltime"", ""arxiv-1902.10565::data_budget"", ""arxiv-1902.10565::env_build""]","python/train.py:1303-1346,1379,1433-1445,1875; python/selfplay/synchronous_loop.sh:57-66; cpp/command/gatekeeper.cpp:427,583,603; cpp/dataio/loadmodel.cpp:77-78,93; cpp/program/setup.cpp:126; cpp/dataio/trainingwrite.cpp:292-299,880-883",R2,validator,,,f69834688d39fcfbb680877d366c7e13cbe0ad4e5e6daa706dda1f1524d8470e,nlwp_max_vs_declared_cpus,False,24,25,"Appended by the validator 2026-09-04 (validation_probes.md) as the attempt-2 record of the node and as the discharge target of o37: the validator re-ran audit_smoke.py --tag 299259 into a temporary directory and reproduced audit-299259.json on every value (509 leaf keys, only the output paths differ), nlwp_max-299259.txt and rows_per_game-299259.txt byte-identically, and throughput_smoke-299259.json identically; the sampler table's pid 343312 is the transcript's 'phase1 pid = 343312'. Supersedes the attempt-1 row 53a2fcd47d33 in sequence, not in content (attempt 1's admitted results stand).",97ef37060f4a968249e6068b8477ba146186368b28b633e4ac239350c5e649f1,,98d6c42 (post-run instrument repairs),,,,,,,,24,"b200 node gb207, 1 GPU",,00:05:06,,,bash/slurm + C++ engine + PyTorch,,,,,,,,,,,,299259,,,,"python3 -c ""import json,sys; a=json.load(open('results/ktg/paper_1902.10565/evidence/smoke/audit-299259.json')); c={x['name']:x['pass'] for x in a['checks']}; t=a['S13_throughput']; rows=[l.split() for l in open('results/ktg/paper_1902.10565/evidence/smoke/ps_samples-299259.tsv') if l.strip()]; j=json.load(open('results/ktg/paper_1902.10565/evidence/smoke/attempt_299259.json')); ok = c['S11_probe_train_pass'] and c['S12_probe_resume_pass'] and c['S8_rows_per_game_real_in_band'] and not c['S9_nlwp_max_within_cpus'] and t['nlwp_max_per_stage']=={'selfplay':25,'train':14} and t['foreign_pids_excluded']==[] and t['ps_scope'].startswith('descendants') and a['cpus_per_task']==24 and all(len(r)==7 for r in rows) and len(rows)==1287 and sorted({r[3] for r in rows})==['339236','340387','343312','345147','345148'] and j['leg_exit_codes'].strip()=='A=skipped B=skipped C=skipped D1=1 D2=0 E=1' and j['overall']==1; sys.exit(0 if ok else 1)""",120,"python3 -c ""import json,sys; a=json.load(open('results/ktg/paper_1902.10565/evidence/smoke/audit-299259.json')); c={x['name']:x['pass'] for x in a['checks']}; t=a['S13_throughput']; rows=[l.split() for l in open('results/ktg/paper_1902.10565/evidence/smoke/ps_samples-299259.tsv') if l.strip()]; j=json.load(open('results/ktg/paper_1902.10565/evidence/smoke/attempt_299259.json')); ok = c['S11_probe_train_pass'] and c['S12_probe_resume_pass'] and c['S8_rows_per_game_real_in_band'] and not c['S9_nlwp_max_within_cpus'] and t['nlwp_max_per_stage']=={'selfplay':25,'train':14} and t['foreign_pids_excluded']==[] and t['ps_scope'].startswith('descendants') and a['cpus_per_task']==24 and all(len(r)==7 for r in rows) and len(rows)==1287 and sorted({r[3] for r in rows})==['339236','340387','343312','345147','345148'] and j['leg_exit_codes'].strip()=='A=skipped B=skipped C=skipped D1=1 D2=0 E=1' and j['overall']==1; sys.exit(0 if ok else 1)""",0.071,0,e3b0c44298fc1c149afbf4c8996fb92427ae41e4649b934ca495991b7852b855,,2026-09-04T10:31:37+00:00
2026-09-04T10:36:21.387155+00:00,arxiv-1902.10565,arxiv-1902.10565::derive_cycle_knobs_9x9,2,derive_cycle_knobs_9x9,97b44ba,symbolic,preliminary,"The production cycle knobs are DERIVED from the measured 9x9 rows/game and wired into the loop copy's CHANGE 9 block: NUM_GAMES 1000, epoch 20000, batch 128, reuse 8, SWA 10000, MINROWS 25000, TAPER 50000, KEEPROWS 120000 > cap 100000, EPOCHS_PER_EXPORT 5 (= -max-epochs-this-instance), with --cpus-per-task 32 at numGameThreads 18. codes/eval/derive_knobs.py holds the arithmetic (verbatim port of shuffle.py:414-435, K1-K7, T1/T3/T4, --self-test reproducing DESIGN section 2's two negative cases and the executed smoke); codes/eval/check_knobs_9x9.py is the parameterless closing check (knobs from knobs_9x9.env, measurements from the job-suffixed evidence of both smoke jobs taking the slower rate, storage constants from budget.env, loop wiring 11/11); codes/loop/knobs_9x9.env is the single source of truth. Validator-corrected ramp: cycle 1's window IS min_rows and -no-repeat-files caps an instance at one epoch per 20000 window rows, so cycles 1-5 run one epoch each, the first candidate exports at cycle 5 and is gated at cycle 6; exactly one export per cycle only once the window holds 5 x E rows (about cycle 16 if the first candidate is accepted), at most one per cycle from cycle 1. preliminary, not solid: predecessor synchronous_loop_smoke is preliminary and data_budget is hypothesis; no cycle has executed at this set; --cpus-per-task 32 is decided but not wired into loop.sbatch (o38).",results/ktg/paper_1902.10565/evidence/knobs/derivation.txt,,"[""results/ktg/paper_1902.10565/codes/eval/derive_knobs.py"", ""results/ktg/paper_1902.10565/codes/eval/check_knobs_9x9.py"", ""results/ktg/paper_1902.10565/codes/loop/knobs_9x9.env"", ""results/ktg/paper_1902.10565/codes/loop/synchronous_loop_9x9.sh:128-156""]",False,"[""arxiv-1902.10565::train_resume_semantics"", ""arxiv-1902.10565::data_format_pos_len"", ""arxiv-1902.10565::training_window_shuffle"", ""arxiv-1902.10565::synchronous_loop_smoke""]","python/train.py:441,972,1256-1259,1303-1346,1379,1423,1434-1445,1487-1489,1743,1831; python/shuffle.py:414-435,1058,1077,1090,1331; python/katago/utils/training_data_generator.py:35; python/selfplay/shuffle.sh:44-45,48; python/selfplay/synchronous_loop.sh:57-66",R2,validator,,"[{""row_hash"": ""f3377f43658fc8251a7e5e6b1a75cba6a723f7028b2ae41bd0a9ad79380e71e6"", ""git_commit"": ""98d6c42""}, {""row_hash"": ""8cf75777099d1e5430c1632db7ba03d72ba4c1d48d9eb000b746037e76a51c44"", ""git_commit"": ""98d6c42""}]",2e3722f5b6f291c3736d3d65c58ebf0c4df3f396b24209eef376442725d9266d,conjuncts_passed,True,16,16,"Admitted at preliminary by the cross-model validator 2026-09-04 after re-executing the closing check, re-deriving every knob independently and running nine break attempts (results/ktg/paper_1902.10565/evidence/derive_cycle_knobs/validation.md). Result row r_cycle_knobs_9x9_derived (conditional). Amends the 2026-09-04 hypothesis row 7b8e177d23f031146855d7f7f75a3591688ab2005cfa561fe743afdb3f284e13 whose closing_check was the defective section 2 command. Open: o38, o39 (export ramp), o40 (silent fallbacks in derive_knobs.py:320-321), o03 re-measurement at 32.",f7f1159319eb4fd8d7f60722de32dc762bb102465881d8826cf490cfca1432d6,,,,,python3 results/ktg/paper_1902.10565/codes/eval/check_knobs_9x9.py,300,"SUBSTITUTED by the validator for the task file section 2 command, which hard-codes the refuted 500-game pilot (exit 1, error row f3377f43)",,,,"login node, CPU only, no allocation",,,,,python,,,,,,,,,,,,,,,,python3 results/ktg/paper_1902.10565/codes/eval/check_knobs_9x9.py,300,python3 results/ktg/paper_1902.10565/codes/eval/check_knobs_9x9.py,0.09,0,324b3f2e2e9f86acac65adcbd63c275d3d2d8a06cc81059cf9b9fef965dffe5e,"(train.py:441 default made explicit)
  ok   T4_threads_le_cpus                     worst stage thread count 29 (selfplay real-net 25 +2 net switch = 27; gatekeeper two real nets 29; train 14; shuffle 4+8=12) <= --cpus-per-task 32, headroom 3
  ok   K7_cycle_wall_under_bound              projected cycle = 11182 s = 3.11 h <= 60 h bound, and 23 whole cycles fit the 257400 s chain link. [PRELIMINARY] tiny-count throughput inputs.
  ok   T3_storage_projection_under_budget     per-cycle monotonic write 16.1 MiB; bounded steady state 552.9 MiB; env+build 20.0 GiB; after one full 23-cycle link 20.90 GiB of 500 GiB cap; 30480 cycles fit before the cap

RESULT: PASS

MISSION TOLERANCES
  ok   T1_no_train_starvation             rows_per_cycle 32300.0 (lower90 25077.5) >= 1.2*E = 24000.0
  ok   T2_bucket_holds_batches            worst cycle 1 has 195 batches >= 156 needed; per-cycle bucket gain 258400 (lower90 200620) >= epochs*E = 100000
  ok   T3_storage_projection_under_budget 20.902 GiB after one 23-cycle link < 500 GiB (KTG_SCRATCH_HARD_BYTES)
  ok   T4_threads_le_cpus                 worst stage 29 <= KTG_CPUS_PER_TASK 32

LOOP DEFAULT WIRING  (paper_1902.10565/codes/loop/synchronous_loop_9x9.sh)
  ok   NUM_GAMES_PER_CYCLE          loop default 1000 == derived 1000
  ok   NUM_THREADS_FOR_SHUFFLING    loop default 8 == derived 8
  ok   NUM_TRAIN_SAMPLES_PER_EPOCH  loop default 20000 == derived 20000
  ok   MAX_TRAIN_PER_DATA           loop default 8 == derived 8
  ok   NUM_TRAIN_SAMPLES_PER_SWA    loop default 10000 == derived 10000
  ok   BATCHSIZE                    loop default 128 == derived 128
  ok   SHUFFLE_MINROWS              loop default 25000 == derived 25000
  ok   MAX_TRAIN_SAMPLES_PER_CYCLE  loop default 100000 == derived 100000
  ok   TAPER_WINDOW_SCALE           loop default 50000 == derived 50000
  ok   SHUFFLE_KEEPROWS             loop default 120000 == derived 120000
  ok   EPOCHS_PER_EXPORT            loop default 5 == derived 5

CHECK_KNOBS_9X9: PASS
",2026-09-04T10:36:21+00:00
2026-09-04T10:36:57.451405+00:00,arxiv-1902.10565,arxiv-1902.10565::derive_cycle_knobs_9x9,3,derive_cycle_knobs_9x9,97b44ba,symbolic,preliminary,"The production cycle knobs are DERIVED from the measured 9x9 rows/game and wired into the loop copy's CHANGE 9 block: NUM_GAMES 1000, epoch 20000, batch 128, reuse 8, SWA 10000, MINROWS 25000, TAPER 50000, KEEPROWS 120000 > cap 100000, EPOCHS_PER_EXPORT 5 (= -max-epochs-this-instance), with --cpus-per-task 32 at numGameThreads 18. codes/eval/derive_knobs.py holds the arithmetic (verbatim port of shuffle.py:414-435, K1-K7, T1/T3/T4, --self-test reproducing DESIGN section 2's two negative cases and the executed smoke); codes/eval/check_knobs_9x9.py is the parameterless closing check (knobs from knobs_9x9.env, measurements from the job-suffixed evidence of both smoke jobs taking the slower rate, storage constants from budget.env, loop wiring 11/11); codes/loop/knobs_9x9.env is the single source of truth. Validator-corrected ramp: cycle 1's window IS min_rows and -no-repeat-files caps an instance at one epoch per 20000 window rows, so cycles 1-5 run one epoch each, the first candidate exports at cycle 5 and is gated at cycle 6; exactly one export per cycle only once the window holds 5 x E rows (about cycle 16 if the first candidate is accepted), at most one per cycle from cycle 1. preliminary, not solid: predecessor synchronous_loop_smoke is preliminary and data_budget is hypothesis; no cycle has executed at this set; --cpus-per-task 32 is decided but not wired into loop.sbatch (o39_cpus_per_task_wiring).",results/ktg/paper_1902.10565/evidence/knobs/derivation.txt,,"[""results/ktg/paper_1902.10565/codes/eval/derive_knobs.py"", ""results/ktg/paper_1902.10565/codes/eval/check_knobs_9x9.py"", ""results/ktg/paper_1902.10565/codes/loop/knobs_9x9.env"", ""results/ktg/paper_1902.10565/codes/loop/synchronous_loop_9x9.sh:128-156""]",False,"[""arxiv-1902.10565::train_resume_semantics"", ""arxiv-1902.10565::data_format_pos_len"", ""arxiv-1902.10565::training_window_shuffle"", ""arxiv-1902.10565::synchronous_loop_smoke""]","python/train.py:441,972,1256-1259,1303-1346,1379,1423,1434-1445,1487-1489,1743,1831; python/shuffle.py:414-435,1058,1077,1090,1331; python/katago/utils/training_data_generator.py:35; python/selfplay/shuffle.sh:44-45,48; python/selfplay/synchronous_loop.sh:57-66",R2,validator,,"[{""row_hash"": ""f3377f43658fc8251a7e5e6b1a75cba6a723f7028b2ae41bd0a9ad79380e71e6"", ""git_commit"": ""98d6c42""}, {""row_hash"": ""8cf75777099d1e5430c1632db7ba03d72ba4c1d48d9eb000b746037e76a51c44"", ""git_commit"": ""98d6c42""}]",2e3722f5b6f291c3736d3d65c58ebf0c4df3f396b24209eef376442725d9266d,conjuncts_passed,True,16,16,"Admitted at preliminary by the cross-model validator 2026-09-04 after re-executing the closing check, re-deriving every knob independently and running nine break attempts (results/ktg/paper_1902.10565/evidence/derive_cycle_knobs/validation.md). Result row r_cycle_knobs_9x9_derived (conditional). Amends the 2026-09-04 hypothesis row 7b8e177d23f031146855d7f7f75a3591688ab2005cfa561fe743afdb3f284e13 whose closing_check was the defective section 2 command. Open: o38, o39 (export ramp), o41 (silent fallbacks in derive_knobs.py:320-321), o03 re-measurement at 32. Re-appended once more for the obligation renumbering (o39 wiring / o40 ramp / o41 fallbacks); supersedes the 10:36:21 preliminary row.",aad45105ee7892c76ce286be016834576d52e6f01199d17f4161dc187fee1b12,,,,,python3 results/ktg/paper_1902.10565/codes/eval/check_knobs_9x9.py,300,"SUBSTITUTED by the validator for the task file section 2 command, which hard-codes the refuted 500-game pilot (exit 1, error row f3377f43)",,,,"login node, CPU only, no allocation",,,,,python,,,,,,,,,,,,,,,,python3 results/ktg/paper_1902.10565/codes/eval/check_knobs_9x9.py,300,python3 results/ktg/paper_1902.10565/codes/eval/check_knobs_9x9.py,0.091,0,324b3f2e2e9f86acac65adcbd63c275d3d2d8a06cc81059cf9b9fef965dffe5e,"(train.py:441 default made explicit)
  ok   T4_threads_le_cpus                     worst stage thread count 29 (selfplay real-net 25 +2 net switch = 27; gatekeeper two real nets 29; train 14; shuffle 4+8=12) <= --cpus-per-task 32, headroom 3
  ok   K7_cycle_wall_under_bound              projected cycle = 11182 s = 3.11 h <= 60 h bound, and 23 whole cycles fit the 257400 s chain link. [PRELIMINARY] tiny-count throughput inputs.
  ok   T3_storage_projection_under_budget     per-cycle monotonic write 16.1 MiB; bounded steady state 552.9 MiB; env+build 20.0 GiB; after one full 23-cycle link 20.90 GiB of 500 GiB cap; 30480 cycles fit before the cap

RESULT: PASS

MISSION TOLERANCES
  ok   T1_no_train_starvation             rows_per_cycle 32300.0 (lower90 25077.5) >= 1.2*E = 24000.0
  ok   T2_bucket_holds_batches            worst cycle 1 has 195 batches >= 156 needed; per-cycle bucket gain 258400 (lower90 200620) >= epochs*E = 100000
  ok   T3_storage_projection_under_budget 20.902 GiB after one 23-cycle link < 500 GiB (KTG_SCRATCH_HARD_BYTES)
  ok   T4_threads_le_cpus                 worst stage 29 <= KTG_CPUS_PER_TASK 32

LOOP DEFAULT WIRING  (paper_1902.10565/codes/loop/synchronous_loop_9x9.sh)
  ok   NUM_GAMES_PER_CYCLE          loop default 1000 == derived 1000
  ok   NUM_THREADS_FOR_SHUFFLING    loop default 8 == derived 8
  ok   NUM_TRAIN_SAMPLES_PER_EPOCH  loop default 20000 == derived 20000
  ok   MAX_TRAIN_PER_DATA           loop default 8 == derived 8
  ok   NUM_TRAIN_SAMPLES_PER_SWA    loop default 10000 == derived 10000
  ok   BATCHSIZE                    loop default 128 == derived 128
  ok   SHUFFLE_MINROWS              loop default 25000 == derived 25000
  ok   MAX_TRAIN_SAMPLES_PER_CYCLE  loop default 100000 == derived 100000
  ok   TAPER_WINDOW_SCALE           loop default 50000 == derived 50000
  ok   SHUFFLE_KEEPROWS             loop default 120000 == derived 120000
  ok   EPOCHS_PER_EXPORT            loop default 5 == derived 5

CHECK_KNOBS_9X9: PASS
",2026-09-04T10:36:57+00:00
2026-09-04T10:37:14.245134+00:00,arxiv-1902.10565,arxiv-1902.10565::derive_cycle_knobs_9x9,4,derive_cycle_knobs_9x9,97b44ba,symbolic,preliminary,"The production cycle knobs are DERIVED from the measured 9x9 rows/game and wired into the loop copy's CHANGE 9 block: NUM_GAMES 1000, epoch 20000, batch 128, reuse 8, SWA 10000, MINROWS 25000, TAPER 50000, KEEPROWS 120000 > cap 100000, EPOCHS_PER_EXPORT 5 (= -max-epochs-this-instance), with --cpus-per-task 32 at numGameThreads 18. codes/eval/derive_knobs.py holds the arithmetic (verbatim port of shuffle.py:414-435, K1-K7, T1/T3/T4, --self-test reproducing DESIGN section 2's two negative cases and the executed smoke); codes/eval/check_knobs_9x9.py is the parameterless closing check (knobs from knobs_9x9.env, measurements from the job-suffixed evidence of both smoke jobs taking the slower rate, storage constants from budget.env, loop wiring 11/11); codes/loop/knobs_9x9.env is the single source of truth. Validator-corrected ramp: cycle 1's window IS min_rows and -no-repeat-files caps an instance at one epoch per 20000 window rows, so cycles 1-5 run one epoch each, the first candidate exports at cycle 5 and is gated at cycle 6; exactly one export per cycle only once the window holds 5 x E rows (about cycle 16 if the first candidate is accepted), at most one per cycle from cycle 1. preliminary, not solid: predecessor synchronous_loop_smoke is preliminary and data_budget is hypothesis; no cycle has executed at this set; --cpus-per-task 32 is decided but not wired into loop.sbatch (o39_cpus_per_task_wiring).",results/ktg/paper_1902.10565/evidence/knobs/derivation.txt,,"[""results/ktg/paper_1902.10565/codes/eval/derive_knobs.py"", ""results/ktg/paper_1902.10565/codes/eval/check_knobs_9x9.py"", ""results/ktg/paper_1902.10565/codes/loop/knobs_9x9.env"", ""results/ktg/paper_1902.10565/codes/loop/synchronous_loop_9x9.sh:128-156""]",False,"[""arxiv-1902.10565::train_resume_semantics"", ""arxiv-1902.10565::data_format_pos_len"", ""arxiv-1902.10565::training_window_shuffle"", ""arxiv-1902.10565::synchronous_loop_smoke""]","python/train.py:441,972,1256-1259,1303-1346,1379,1423,1434-1445,1487-1489,1743,1831; python/shuffle.py:414-435,1058,1077,1090,1331; python/katago/utils/training_data_generator.py:35; python/selfplay/shuffle.sh:44-45,48; python/selfplay/synchronous_loop.sh:57-66",R2,validator,,"[{""row_hash"": ""f3377f43658fc8251a7e5e6b1a75cba6a723f7028b2ae41bd0a9ad79380e71e6"", ""git_commit"": ""98d6c42""}, {""row_hash"": ""8cf75777099d1e5430c1632db7ba03d72ba4c1d48d9eb000b746037e76a51c44"", ""git_commit"": ""98d6c42""}]",2e3722f5b6f291c3736d3d65c58ebf0c4df3f396b24209eef376442725d9266d,conjuncts_passed,True,16,16,"Admitted at preliminary by the cross-model validator 2026-09-04 after re-executing the closing check, re-deriving every knob independently and running nine break attempts (results/ktg/paper_1902.10565/evidence/derive_cycle_knobs/validation.md). Result row r_cycle_knobs_9x9_derived (conditional). Amends the 2026-09-04 hypothesis row 7b8e177d23f031146855d7f7f75a3591688ab2005cfa561fe743afdb3f284e13 whose closing_check was the defective section 2 command. Open: o39_cpus_per_task_wiring, o40_export_ramp_first_candidate_cycle5, o41_check_knobs_silent_fallback_constants (silent fallbacks in derive_knobs.py:320-321), o03 re-measurement at 32. Re-appended for the obligation renumbering (o39 wiring / o40 ramp / o41 fallbacks); supersedes the 10:36:21 and 10:36:57 preliminary rows, whose notes still carried the pre-renumbering ids.",81cb9b12be701da2342eb830afa4b12df43945737ddd27317d0a54412d832ccc,,,,,python3 results/ktg/paper_1902.10565/codes/eval/check_knobs_9x9.py,300,"SUBSTITUTED by the validator for the task file section 2 command, which hard-codes the refuted 500-game pilot (exit 1, error row f3377f43)",,,,"login node, CPU only, no allocation",,,,,python,,,,,,,,,,,,,,,,python3 results/ktg/paper_1902.10565/codes/eval/check_knobs_9x9.py,300,python3 results/ktg/paper_1902.10565/codes/eval/check_knobs_9x9.py,0.093,0,324b3f2e2e9f86acac65adcbd63c275d3d2d8a06cc81059cf9b9fef965dffe5e,"(train.py:441 default made explicit)
  ok   T4_threads_le_cpus                     worst stage thread count 29 (selfplay real-net 25 +2 net switch = 27; gatekeeper two real nets 29; train 14; shuffle 4+8=12) <= --cpus-per-task 32, headroom 3
  ok   K7_cycle_wall_under_bound              projected cycle = 11182 s = 3.11 h <= 60 h bound, and 23 whole cycles fit the 257400 s chain link. [PRELIMINARY] tiny-count throughput inputs.
  ok   T3_storage_projection_under_budget     per-cycle monotonic write 16.1 MiB; bounded steady state 552.9 MiB; env+build 20.0 GiB; after one full 23-cycle link 20.90 GiB of 500 GiB cap; 30480 cycles fit before the cap

RESULT: PASS

MISSION TOLERANCES
  ok   T1_no_train_starvation             rows_per_cycle 32300.0 (lower90 25077.5) >= 1.2*E = 24000.0
  ok   T2_bucket_holds_batches            worst cycle 1 has 195 batches >= 156 needed; per-cycle bucket gain 258400 (lower90 200620) >= epochs*E = 100000
  ok   T3_storage_projection_under_budget 20.902 GiB after one 23-cycle link < 500 GiB (KTG_SCRATCH_HARD_BYTES)
  ok   T4_threads_le_cpus                 worst stage 29 <= KTG_CPUS_PER_TASK 32

LOOP DEFAULT WIRING  (paper_1902.10565/codes/loop/synchronous_loop_9x9.sh)
  ok   NUM_GAMES_PER_CYCLE          loop default 1000 == derived 1000
  ok   NUM_THREADS_FOR_SHUFFLING    loop default 8 == derived 8
  ok   NUM_TRAIN_SAMPLES_PER_EPOCH  loop default 20000 == derived 20000
  ok   MAX_TRAIN_PER_DATA           loop default 8 == derived 8
  ok   NUM_TRAIN_SAMPLES_PER_SWA    loop default 10000 == derived 10000
  ok   BATCHSIZE                    loop default 128 == derived 128
  ok   SHUFFLE_MINROWS              loop default 25000 == derived 25000
  ok   MAX_TRAIN_SAMPLES_PER_CYCLE  loop default 100000 == derived 100000
  ok   TAPER_WINDOW_SCALE           loop default 50000 == derived 50000
  ok   SHUFFLE_KEEPROWS             loop default 120000 == derived 120000
  ok   EPOCHS_PER_EXPORT            loop default 5 == derived 5

CHECK_KNOBS_9X9: PASS
",2026-09-04T10:37:14+00:00
2026-09-04T14:29:43.367409+00:00,arxiv-1902.10565,arxiv-1902.10565::playout_cap_randomization,4,paper_code_map_search,6e4117d,numerical,solid,"Playout cap randomization as coded: play.cpp:1132-1150 picks a cheap search with prob cheapSearchProb (0.75), visits min(maxVisits, cheapSearchVisits) = 100 vs 600, target weight x cheapSearchTargetWeight (0.0) so cheap turns write no rows, root noise removed on cheap turns; equals the paper's p=0.25, (N,n)=(600,100); board and trunk independent. EXECUTED 2026-09-04: on the fork-free 60-game real-net run of job 299259 the fraction of turns searched to exactly maxVisits is 1862/7401 = 0.2516 (band [0.20, 0.30], z = +0.32 against 0.25), reproduced by the sgf v= instrument move for move and by the loop's 80 random-net games (2311/9211 = 0.2509); the 667 values strictly between 100 and 600 are cheap searches on a reused subtree (play.cpp:1147, search.cpp:509,579-580), never following a 100.",results/ktg/paper_1902.10565/evidence/smoke/probe_search_rebin-299259.json,"[""paper l.96-97""]","[""results/ktg/paper_1902.10565/codes/eval/probe_search_9x9.py"", ""results/ktg/paper_1902.10565/codes/eval/audit_smoke.py:L531-L560""]",False,[],"cpp/program/play.cpp:1113,1127-1150,1147,1567,1234; cpp/search/search.cpp:509,579-580; cpp/configs/training/selfplay1_maxsize9.cfg:60-62,115",R0,validator,,,d416df4206553acfdbf0d434ea6995445147d05e22c8d8383c7ddd6fd5d54097,full_frac_root_visits_eq_maxVisits_60game_realnet,True,0.3,0.25158762329414947,"Promoted preliminary -> solid by the cross-model validator 2026-09-04 on result r_smoke_full_frac_rebinned (record results/ktg/paper_1902.10565/evidence/wave3_prelaunch_repairs/validation.md). The packet criterion of tasks/paper_code_map_search section 2 is met on executed runs: (a) full_frac 0.2516 in [0.20, 0.30] over 7401 >= 500 searched turns under the discriminator o38 prescribes (the task file's own line still spells the defective N > 100 rule; the band is unchanged), (b) rows_per_game 34.4 in [12, 35], (c) sz_other 0, (d) gate_random >= 1 (r_smoke_probe_search, audit-298712.json S3). Predecessors: none in the DAG, so the solid-predecessor rule is vacuous. Caveats carried: two runs of one configuration on one net pair; the two 20-game rows of jobs 298712 and 299259 are unrecoverable and stay [UNCHECKED]; the loop run's 48 out-of-band values are asymmetric-playout turns (cfg:83-84), not reduceVisits. Prior row 7e781005... (preliminary).",5fd3d46aa5a3b05331bd7a6dca063af3e32febaa7753dcfffee7c13e1d8fbe44,,,,,,,,,,,,,,,,,,,,,,,,,,,,,,,,"sed -n 60,62p ref-code/lightvector-KataGo/cpp/configs/training/selfplay1_maxsize9.cfg | grep -q 'cheapSearchProb = 0.75' && sed -n 1147p ref-code/lightvector-KataGo/cpp/program/play.cpp | grep -q 'clearBotBeforeSearchThisMove = false' && sed -n 115p ref-code/lightvector-KataGo/cpp/configs/training/selfplay1_maxsize9.cfg | grep -q 'maxVisits = 600' && python3 -c ""import json,sys; r=json.load(open('results/ktg/paper_1902.10565/evidence/smoke/probe_search_rebin-299259.json')); l=json.load(open('results/ktg/paper_1902.10565/evidence/smoke/probe_search_rebin_loop-298712.json')); H={int(k):v for k,v in r['root_visits_histogram'].items()}; ok = r['full_frac_rule']=='root_visits == maxVisits' and r['searched_turns']==7401 and r['full_search_turns']==1862==H[600] and r['between_count']==667 and 0.20<=r['full_frac']<=0.30 and r['instruments_agree'] is True and r['rows_per_game']==34.4 and r['sz_other']==0 and l['searched_turns']==9211 and l['full_search_turns']==2311 and 0.20<=l['full_frac']<=0.30; sys.exit(0 if ok else 1)""",120,"sed -n 60,62p ref-code/lightvector-KataGo/cpp/configs/training/selfplay1_maxsize9.cfg | grep -q 'cheapSearchProb = 0.75' && sed -n 1147p ref-code/lightvector-KataGo/cpp/program/play.cpp | grep -q 'clearBotBeforeSearchThisMove = false' && sed -n 115p ref-code/lightvector-KataGo/cpp/configs/training/selfplay1_maxsize9.cfg | grep -q 'maxVisits = 600' && python3 -c ""import json,sys; r=json.load(open('results/ktg/paper_1902.10565/evidence/smoke/probe_search_rebin-299259.json')); l=json.load(open('results/ktg/paper_1902.10565/evidence/smoke/probe_search_rebin_loop-298712.json')); H={int(k):v for k,v in r['root_visits_histogram'].items()}; ok = r['full_frac_rule']=='root_visits == maxVisits' and r['searched_turns']==7401 and r['full_search_turns']==1862==H[600] and r['between_count']==667 and 0.20<=r['full_frac']<=0.30 and r['instruments_agree'] is True and r['rows_per_game']==34.4 and r['sz_other']==0 and l['searched_turns']==9211 and l['full_search_turns']==2311 and 0.20<=l['full_frac']<=0.30; sys.exit(0 if ok else 1)""",0.142,0,e3b0c44298fc1c149afbf4c8996fb92427ae41e4649b934ca495991b7852b855,,2026-09-04T14:29:43+00:00
2026-09-04T21:02:42.174478+00:00,arxiv-1902.10565,arxiv-1902.10565::converged_test_7x7,1,converged_test_7x7,4db08ae,numerical,hypothesis,"A converged 7x7 self-play test run with b7c96h3tfrs inside ONE <= 6 h 1-GPU allocation, obtained by PARAMETERISING the existing 9x9 machinery rather than forking it, with a DENSE per-batch loss log. HYPOTHESIS: the loop learns -- min p0loss falls below the uniform baseline ln(50) = 3.912 to under 2.5, vloss falls, the gatekeeper accepts >= 2 successive candidates, and the latest accepted net scores > 0.5 (Wilson 95 % lower bound) against the run's first exported net over 200 balanced-colour games at 100 visits. WHAT IS ALREADY MEASURED (not hypothesis): the parameterisation itself. Three shared files gained a defaulted variable and nothing was forked -- codes/loop/train_9x9.sh passes -pos-len ""${KTG_POS_LEN:-9}"", codes/eval/check_pos_len_npz.py derives its seven trailing shapes and its row size from KTG_POS_LEN (default 9 -> the identical 2145 B/row it hard-coded before; 7 -> 1513 B/row, as cpp/dataio/trainingwrite.cpp:288-298 gives at xLen=yLen=7), and python/train.py in the SCRATCH CLONE ONLY reads the loss-print interval from KTG_PRINT_EVERY (default 100). codes/loop/synchronous_loop_9x9.sh is untouched: its knob block and its SELFPLAY_CONFIG / GATING_CONFIG / TRAIN_WRAPPER were already ${VAR:-default}. The 9x9 production chain (job 299461, PENDING, which stages these files at start) exports none of the new variables and is therefore unaffected -- proven, not asserted, by six of the verifier's ten checks. The verifier codes/eval/check_board_param.sh exits 0 (10/10) and includes a KTG_STAGE_ONLY=1 dry run of the 9x9 loop that still stages selfplay_9x9.cfg and gatekeeper_9x9.cfg byte for byte. The smoke run's metrics_train.json is EMPTY (0 lines, verified), which is the defect the KTG_PRINT_EVERY patch closes: train.py:1379's 100-batch interval is never reached by an 8-batch epoch. Authorised directly by the human (mission.json decisions[4], 2026-09-04); no brain planned it, hence hypothesis with the three executed predecessors below.",results/ktg/paper_1902.10565/evidence/converged_7x7/check_board_param.txt,,"[""results/ktg/paper_1902.10565/codes/cfg/selfplay_7x7.cfg"", ""results/ktg/paper_1902.10565/codes/cfg/gatekeeper_7x7.cfg"", ""results/ktg/paper_1902.10565/codes/cfg/match_first_latest_7.cfg"", ""results/ktg/paper_1902.10565/codes/loop/t7_cycle.sh"", ""results/ktg/paper_1902.10565/codes/loop/converged_7x7.sbatch"", ""results/ktg/paper_1902.10565/codes/eval/summarize_7x7_run.py"", ""results/ktg/paper_1902.10565/codes/eval/check_board_param.sh"", ""results/ktg/paper_1902.10565/codes/env/train-print-every.diff"", ""results/ktg/paper_1902.10565/codes/loop/train_9x9.sh:104"", ""results/ktg/paper_1902.10565/codes/eval/check_pos_len_npz.py""]",False,"[""arxiv-1902.10565::env_build"", ""arxiv-1902.10565::cfg_9x9_override"", ""arxiv-1902.10565::synchronous_loop_smoke""]","python/train.py:1379,1546,1661-1694,1350,1303-1346,441; python/katago/train/metrics_logging.py:28; python/katago/train/metrics_pytorch.py:893,901,920,943; python/shuffle.py:414-435,1058,1076; cpp/dataio/trainingwrite.cpp:288-298; cpp/neuralnet/nninputs.h:19; cpp/command/gatekeeper.cpp:108,184,188; cpp/program/play.cpp:671-730,1127-1150; cpp/command/match.cpp:99-110",R1,worker,,,9411c106bb756d7f225eb9700e42fb3bceaf0127228204fbd7e31f6628d8bb35,,,,,"Status is hypothesis on purpose: not one 7x7 cycle has executed at append time. The convergence criteria and their tolerances are tasks/converged_test_7x7/implementation.md section 2 (S1-S6); the abort rules -- no export by cycle 6, min p0loss still >= 3.5 at 15000 samples -- are section 11 and both STOP the run and report rather than retune. Assumption a05_9x9_only is deliberately stepped outside: this node advances no 9x9 claim, it tests whether the loop learns at all on the smallest board that exercises the same five stages. Promotion to preliminary requires evidence/converged_7x7/summary-<jobid>.json from a terminal job.",f69b88f5e13653cab009635cf699801c7c6bfd1cd379236a4b225be120b0045a,"1 GPU, 16 CPUs, 96 G, --time=06:00:00, --partition=b200,l40s",,/scratch/schmidt/ssci-anima/ssci-haiyangw/ktg-train/runs/t7,,,,,,,,,,,,"results/ktg/paper_1902.10565/evidence/env/l40s-300987.txt (L40S PROBE RESULT: PASS, engine runs natively on sm_89)",,,,,,,,,,"mission.json compute.policyCheck, exit 0, transcript results/ktg/paper_1902.10565/evidence/converged_7x7/compute_budget_check.txt",,,,,f819c2262181a8676535e5d3b97c89568864538d66fc9313e38bfad2b6a767ab,991cbfb2d5cea8180cd3daf818ef2a516aca048e0ae0eab68865e9a125967e9e,bash results/ktg/paper_1902.10565/codes/eval/check_board_param.sh,900,bash results/ktg/paper_1902.10565/codes/eval/check_board_param.sh,5.862,0,dc21c4a24eb5f14b285c1d2e52bfba718470606a8f854205294fb390cb6babaf,"dt/ssci-haiyangw/az/ref-code/lightvector-KataGo

== C1  train_9x9.sh -pos-len is ${KTG_POS_LEN:-9}
  [ok]   the literal is present in /home/schmidt/ssci-haiyangw/az/results/ktg/paper_1902.10565/codes/loop/train_9x9.sh
  [ok]   unset  -> -pos-len 9   (the 9x9 chain is unaffected)
  [ok]   set 7  -> -pos-len 7

== C2/C3  check_pos_len_npz.py expectations at L = 9 (unset) and L = 7
  [ok]   unset -> POS_LEN 9, 2145 B/row, shapes identical to the pre-parameterised constants
  [ok]   KTG_POS_LEN=7 -> POS_LEN 7, 1513 B/row, shapes as trainingwrite.cpp derives at 7

== C4/C5  the guard on this mission's real 9x9 npz, both ways
  [ok]   unset  -> ACCEPTS the 9x9 rows in /scratch/schmidt/ssci-anima/ssci-haiyangw/ktg-train/runs/smoke/selfplay (exit 0)
  [ok]   KTG_POS_LEN=7 -> REFUSES the 9x9 rows (exit non-zero), naming every wrong array

== C6  print_train_loss_every_batches in the SCRATCH CLONE
  [ok]   unset                  -> print interval 100
  [ok]   KTG_PRINT_EVERY=8      -> print interval 8
  [ok]   KTG_PRINT_EVERY=5      -> print interval 5
  [ok]   gnorm_stats_debug branch still 1000 (untouched)

== C7  the read-only mirror is NOT patched (alignment.md section 4)
  [ok]   /home/schmidt/ssci-haiyangw/az/ref-code/lightvector-KataGo/python/train.py is unpatched
  [ok]   the mirror still holds upstream's literal 100

== C8  the 7x7 configs differ from the 9x9 ones in exactly the declared keys
  [ok]   selfplay_7x7.cfg: 6 keys differ -> bSizes cheapSearchVisits dataBoardLen maxVisits numGameThreads reducedVisitsMin 
  [ok]   gatekeeper_7x7.cfg: 4 keys differ -> bSizes maxVisits numGameThreads numGamesPerGating 
  [ok]   match_first_latest_7.cfg: 5 keys differ -> bSizes komiMean maxVisits numGameThreads numGamesTotal 

== C9/C10  KTG_STAGE_ONLY dry runs of the 9x9 loop
  [ok]   C9  9x9 dry run exits 0 and stages selfplay_9x9.cfg + gatekeeper_9x9.cfg byte for byte
  [ok]   C10 7x7 dry run exits 0 and stages selfplay_7x7.cfg + gatekeeper_7x7.cfg

CHECK_BOARD_PARAM: PASS
",2026-09-04T21:02:42+00:00
